Liczba wypadków,Liczba zabitych,Liczba rannych,Rok,Warunki atmosferyczne,Rodzaj zdarzenia,Warunki atmosferyczne,Oświetlenie,Charakterystyka miejsca zdarzenia,IDKSIP zdarzenia,Godzina,Dzień,Ranny,GPS x,GPS y,Numer drogi,Obszar,Geometria drogi,Kategoria drogi 1,Rodzaj drogi,Czy w zdarzeniu był sprawca nietrzeźwy,Powiat,Gmina
1,0,2,2016,Dobre warunki atmosferyczne,Najechanie na drzewo,Dobre warunki atmosferyczne,Noc - droga oświetlona,Jezdnia,EWK-104395238P,22,2016-05-29,Lekko,20*37'427,51*21'145,G330618W,Obszar zabudowany,,Droga gminna,Jednojezdniowa dwukierunkowa,N,POWIAT PRZYSUSKI,PRZYSUCHA - OBSZAR MIEJSKI
1,0,1,2016,Dobre warunki atmosferyczne,Najechanie na drzewo,Dobre warunki atmosferyczne,Noc - droga oświetlona,Pobocze,EWK-104154308N,22,2016-04-10,Ciężko,19*44'493,52*31'233,P,Obszar zabudowany,Odcinek prosty,Droga powiatowa,Jednojezdniowa dwukierunkowa,N,POWIAT PŁOCK,PŁOCK - OBSZAR MIEJSKI
1,0,0,2016,Dobre warunki atmosferyczne,Najechanie na drzewo,Dobre warunki atmosferyczne,Noc - droga oświetlona,Pobocze,EWK-104154308N,22,2016-04-10,Nieokreślone (puste pole),19*44'493,52*31'233,P,Obszar zabudowany,Odcinek prosty,Droga powiatowa,Jednojezdniowa dwukierunkowa,N,POWIAT PŁOCK,PŁOCK - OBSZAR MIEJSKI
1,0,1,2016,Dobre warunki atmosferyczne,Najechanie na drzewo,Dobre warunki atmosferyczne,Noc - droga oświetlona,Pobocze,EWK-104994565H,19,2016-11-03,Ciężko,19*27'169,52*29'073,G140204W,Obszar niezabudowany,Odcinek prosty,Droga gminna,Jednojezdniowa dwukierunkowa,N,POWIAT GOSTYNIŃSKI,GOSTYNIN - OBSZAR WIEJSKI
1,0,2,2016,Dobre warunki atmosferyczne,Najechanie na drzewo,Dobre warunki atmosferyczne,Noc - droga oświetlona,"Skarpa, rów",EWK-103817030T,21,2016-01-24,Lekko,21*51'233,51*48'214,807,Obszar niezabudowany,"Zakręt, łuk",Droga wojewódzka,Jednojezdniowa dwukierunkowa,N,POWIAT GARWOLIŃSKI,ŻELECHÓW - OBSZAR WIEJSKI
1,0,0,2016,Dobre warunki atmosferyczne,Najechanie na drzewo,Dobre warunki atmosferyczne,Noc - droga oświetlona,"Skarpa, rów",EWK-103817030T,21,2016-01-24,Nieokreślone (puste pole),21*51'233,51*48'214,807,Obszar niezabudowany,"Zakręt, łuk",Droga wojewódzka,Jednojezdniowa dwukierunkowa,N,POWIAT GARWOLIŃSKI,ŻELECHÓW - OBSZAR WIEJSKI
1,0,1,2016,Dobre warunki atmosferyczne,Najechanie na drzewo,Dobre warunki atmosferyczne,Noc - droga oświetlona,"Skarpa, rów",EWK-104402289N,0,2016-05-29,Lekko,21*02'081,52*51'084,G210244W,Obszar zabudowany,Odcinek prosty,Droga gminna,Jednojezdniowa dwukierunkowa,T,POWIAT MAKOWSKI,KARNIEWO - OBSZAR WIEJSKI
1,0,1,2016,Dobre warunki atmosferyczne,Najechanie na drzewo,Dobre warunki atmosferyczne,Noc - droga oświetlona,"Skarpa, rów",EWK-104604554L,22,2016-07-13,Lekko,19*41'277,52*32'183,GMINNA,Obszar zabudowany,Spadek,Droga gminna,Jednojezdniowa dwukierunkowa,T,POWIAT PŁOCK,PŁOCK - OBSZAR MIEJSKI
1,1,0,2016,Dobre warunki atmosferyczne,Najechanie na drzewo,Dobre warunki atmosferyczne,"Zmrok, świt",Pobocze,EWK-104278012Y,20,2016-05-09,Nieokreślone (puste pole),21*42'252,52*35'101,P4202W,Obszar niezabudowany,"Zakręt, łuk",Droga powiatowa,Jednojezdniowa dwukierunkowa,N,POWIAT WĘGROWSKI,ŁOCHÓW - OBSZAR WIEJSKI
1,0,2,2016,Dobre warunki atmosferyczne,Najechanie na drzewo,Dobre warunki atmosferyczne,"Zmrok, świt",Pobocze,EWK-104343995H,4,2016-05-22,Ciężko,20*45'579,53*08'552,616,Obszar niezabudowany,"Zakręt, łuk",Droga wojewódzka,Jednojezdniowa dwukierunkowa,N,POWIAT PRZASNYSKI,KRZYNOWŁOGA MAŁA - OBSZAR WIEJSKI
1,0,0,2016,Dobre warunki atmosferyczne,Najechanie na drzewo,Dobre warunki atmosferyczne,"Zmrok, świt",Pobocze,EWK-104343995H,4,2016-05-22,Nieokreślone (puste pole),20*45'579,53*08'552,616,Obszar niezabudowany,"Zakręt, łuk",Droga wojewódzka,Jednojezdniowa dwukierunkowa,N,POWIAT PRZASNYSKI,KRZYNOWŁOGA MAŁA - OBSZAR WIEJSKI
1,0,1,2016,Dobre warunki atmosferyczne,Najechanie na drzewo,Dobre warunki atmosferyczne,"Zmrok, świt","Skarpa, rów",EWK-103713922Y,15,2016-01-05,Ciężko,21*27'133,53*12'036,53,Obszar niezabudowany,Odcinek prosty,Droga krajowa,Jednojezdniowa dwukierunkowa,N,POWIAT OSTROŁĘCKI,KADZIDŁO - OBSZAR WIEJSKI
1,0,1,2016,Dobre warunki atmosferyczne,Najechanie na drzewo,Dobre warunki atmosferyczne,"Zmrok, świt","Skarpa, rów",EWK-103917963L,16,2016-02-07,Ciężko,21*48'291,51*39'561,31354W,Obszar niezabudowany,"Zakręt, łuk",Droga powiatowa,Jednojezdniowa dwukierunkowa,T,POWIAT GARWOLIŃSKI,TROJANÓW - OBSZAR WIEJSKI
1,0,1,2016,Dobre warunki atmosferyczne,Najechanie na drzewo,Dobre warunki atmosferyczne,"Zmrok, świt","Skarpa, rów",EWK-104337227J,20,2016-05-20,Ciężko,22*10'428,52*31'275,627,Obszar niezabudowany,"Zakręt, łuk",Droga wojewódzka,Jednojezdniowa dwukierunkowa,N,POWIAT SOKOŁOWSKI,KOSÓW LACKI - OBSZAR WIEJSKI
1,1,0,2016,Dobre warunki atmosferyczne,Najechanie na drzewo,Dobre warunki atmosferyczne,"Zmrok, świt","Skarpa, rów",EWK-104337227J,20,2016-05-20,Nieokreślone (puste pole),22*10'428,52*31'275,627,Obszar niezabudowany,"Zakręt, łuk",Droga wojewódzka,Jednojezdniowa dwukierunkowa,N,POWIAT SOKOŁOWSKI,KOSÓW LACKI - OBSZAR WIEJSKI
1,0,1,2016,Dobre warunki atmosferyczne,Najechanie na drzewo,Dobre warunki atmosferyczne,Światło dzienne,Jezdnia,EWK-103736126T,14,2016-01-10,Ciężko,21*24'579,53*00'168,2543W,Obszar niezabudowany,Odcinek prosty,Droga powiatowa,Jednojezdniowa dwukierunkowa,N,POWIAT OSTROŁĘCKI,OLSZEWO-BORKI - OBSZAR WIEJSKI
1,0,1,2016,Dobre warunki atmosferyczne,Najechanie na drzewo,Dobre warunki atmosferyczne,Światło dzienne,Jezdnia,EWK-103736126T,14,2016-01-10,Lekko,21*24'579,53*00'168,2543W,Obszar niezabudowany,Odcinek prosty,Droga powiatowa,Jednojezdniowa dwukierunkowa,N,POWIAT OSTROŁĘCKI,OLSZEWO-BORKI - OBSZAR WIEJSKI
1,0,1,2016,Dobre warunki atmosferyczne,Najechanie na drzewo,Dobre warunki atmosferyczne,Światło dzienne,Jezdnia,EWK-103743638Q,16,2016-01-09,Lekko,19*59'326,53*06'063,P4606W,Obszar niezabudowany,"Zakręt, łuk",Droga powiatowa,Jednojezdniowa dwukierunkowa,N,POWIAT ŻUROMIŃSKI,KUCZBORK-OSADA - OBSZAR WIEJSKI
1,1,0,2016,Dobre warunki atmosferyczne,Najechanie na drzewo,Dobre warunki atmosferyczne,Światło dzienne,Jezdnia,EWK-103851518G,15,2016-02-08,Nieokreślone (puste pole),21*34'109,52*45'465,P2648W,Obszar niezabudowany,Odcinek prosty,Droga powiatowa,Jednojezdniowa dwukierunkowa,N,POWIAT WYSZKOWSKI,DŁUGOSIODŁO - OBSZAR WIEJSKI
1,0,1,2016,Dobre warunki atmosferyczne,Najechanie na drzewo,Dobre warunki atmosferyczne,Światło dzienne,Jezdnia,EWK-103895061E,7,2016-02-18,Lekko,21*25'463,51*29'191,787,Obszar niezabudowany,"Zakręt, łuk",Droga wojewódzka,Jednojezdniowa dwukierunkowa,N,POWIAT RADOMSKI,PIONKI - OBSZAR MIEJSKI
1,0,1,2016,Dobre warunki atmosferyczne,Najechanie na drzewo,Dobre warunki atmosferyczne,Światło dzienne,Jezdnia,EWK-104094515F,18,2016-03-27,Lekko,19*35'048,52*56'586,P3705W,Obszar niezabudowany,"Zakręt, łuk",Droga powiatowa,Jednojezdniowa dwukierunkowa,T,POWIAT SIERPECKI,SZCZUTOWO - OBSZAR WIEJSKI
1,0,1,2016,Dobre warunki atmosferyczne,Najechanie na drzewo,Dobre warunki atmosferyczne,Światło dzienne,Jezdnia,EWK-104098103K,11,2016-03-29,Ciężko,21*44'142,52*41'378,694,Obszar niezabudowany,Odcinek prosty,Droga wojewódzka,Jednojezdniowa dwukierunkowa,N,POWIAT OSTROWSKI,BROK - OBSZAR WIEJSKI
1,0,1,2016,Dobre warunki atmosferyczne,Najechanie na drzewo,Dobre warunki atmosferyczne,Światło dzienne,Jezdnia,EWK-104122111K,12,2016-03-17,Ciężko,21*41'361,51*49'183,17,Obszar niezabudowany,Odcinek prosty,Droga krajowa,Jednojezdniowa dwukierunkowa,N,POWIAT GARWOLIŃSKI,GÓRZNO - OBSZAR WIEJSKI
1,0,0,2016,Dobre warunki atmosferyczne,Najechanie na drzewo,Dobre warunki atmosferyczne,Światło dzienne,Jezdnia,EWK-104122111K,12,2016-03-17,Nieokreślone (puste pole),21*41'361,51*49'183,17,Obszar niezabudowany,Odcinek prosty,Droga krajowa,Jednojezdniowa dwukierunkowa,N,POWIAT GARWOLIŃSKI,GÓRZNO - OBSZAR WIEJSKI
1,1,0,2016,Dobre warunki atmosferyczne,Najechanie na drzewo,Dobre warunki atmosferyczne,Światło dzienne,Jezdnia,EWK-104128996G,18,2016-04-02,Nieokreślone (puste pole),20*11'484,52*36'320,P3084W,Obszar niezabudowany,"Zakręt, łuk",Droga powiatowa,Jednojezdniowa dwukierunkowa,N,POWIAT PŁOŃSKI,DZIERZĄŻNIA - OBSZAR WIEJSKI
1,0,1,2016,Dobre warunki atmosferyczne,Najechanie na drzewo,Dobre warunki atmosferyczne,Światło dzienne,Jezdnia,EWK-104129554N,15,2016-04-04,Ciężko,21*23'360,51*20'290,,Obszar zabudowany,Odcinek prosty,Nieokreślone (puste pole),Jednojezdniowa dwukierunkowa,N,POWIAT ZWOLEŃSKI,TCZÓW - OBSZAR WIEJSKI
1,0,1,2016,Dobre warunki atmosferyczne,Najechanie na drzewo,Dobre warunki atmosferyczne,Światło dzienne,Jezdnia,EWK-104342265R,18,2016-05-21,Ciężko,20*57'161,52*57'163,GMINNA,Obszar niezabudowany,"Zakręt, łuk",Droga gminna,Jednojezdniowa dwukierunkowa,T,POWIAT PRZASNYSKI,PRZASNYSZ - OBSZAR WIEJSKI
1,0,1,2016,Dobre warunki atmosferyczne,Najechanie na drzewo,Dobre warunki atmosferyczne,Światło dzienne,Jezdnia,EWK-104353187Q,18,2016-05-24,Lekko,20*49'552,51*41'488,G110210W,Obszar zabudowany,Odcinek prosty,Droga gminna,Jednojezdniowa dwukierunkowa,N,POWIAT BIAŁOBRZESKI,PROMNA - OBSZAR WIEJSKI
1,0,5,2016,Dobre warunki atmosferyczne,Najechanie na drzewo,Dobre warunki atmosferyczne,Światło dzienne,Jezdnia,EWK-104396521N,7,2016-05-28,Lekko,21*38'361,51*21'477,12,Obszar niezabudowany,,Droga krajowa,Jednojezdniowa dwukierunkowa,N,POWIAT ZWOLEŃSKI,ZWOLEŃ - OBSZAR WIEJSKI
1,0,3,2016,Dobre warunki atmosferyczne,Najechanie na drzewo,Dobre warunki atmosferyczne,Światło dzienne,Jezdnia,EWK-104417411U,19,2016-05-30,Lekko,21*46'575,51*57'242,76,Obszar niezabudowany,"Zakręt, łuk",Droga krajowa,Jednojezdniowa dwukierunkowa,N,POWIAT GARWOLIŃSKI,BOROWIE - OBSZAR WIEJSKI
1,0,1,2016,Dobre warunki atmosferyczne,Najechanie na drzewo,Dobre warunki atmosferyczne,Światło dzienne,Jezdnia,EWK-104487707T,17,2016-06-12,Lekko,21*09'195,51*51'500,GMINNA,Obszar niezabudowany,"Zakręt, łuk",Droga gminna,Jednojezdniowa dwukierunkowa,N,POWIAT GRÓJECKI,WARKA - OBSZAR WIEJSKI
1,0,2,2016,Dobre warunki atmosferyczne,Najechanie na drzewo,Dobre warunki atmosferyczne,Światło dzienne,Jezdnia,EWK-104551294K,18,2016-06-09,Lekko,20*44'441,51*45'059,GMINNA,Obszar zabudowany,Odcinek prosty,Droga gminna,Jednojezdniowa dwukierunkowa,T,POWIAT GRÓJECKI,BŁĘDÓW - OBSZAR WIEJSKI
1,0,0,2016,Dobre warunki atmosferyczne,Najechanie na drzewo,Dobre warunki atmosferyczne,Światło dzienne,Jezdnia,EWK-104551294K,18,2016-06-09,Nieokreślone (puste pole),20*44'441,51*45'059,GMINNA,Obszar zabudowany,Odcinek prosty,Droga gminna,Jednojezdniowa dwukierunkowa,T,POWIAT GRÓJECKI,BŁĘDÓW - OBSZAR WIEJSKI
1,0,1,2016,Dobre warunki atmosferyczne,Najechanie na drzewo,Dobre warunki atmosferyczne,Światło dzienne,Jezdnia,EWK-104551904A,20,2016-06-30,Ciężko,21*37'293,51*11'553,79,Obszar niezabudowany,Odcinek prosty,Droga krajowa,Jednojezdniowa dwukierunkowa,N,POWIAT LIPSKI,LIPSKO - OBSZAR WIEJSKI
1,0,3,2016,Dobre warunki atmosferyczne,Najechanie na drzewo,Dobre warunki atmosferyczne,Światło dzienne,Jezdnia,EWK-104562442K,17,2016-07-01,Lekko,20*46'130,51*34'242,48,Obszar niezabudowany,"Zakręt, łuk",Droga krajowa,Jednojezdniowa dwukierunkowa,N,POWIAT BIAŁOBRZESKI,WYŚMIERZYCE - OBSZAR WIEJSKI
1,0,0,2016,Dobre warunki atmosferyczne,Najechanie na drzewo,Dobre warunki atmosferyczne,Światło dzienne,Jezdnia,EWK-104562442K,17,2016-07-01,Nieokreślone (puste pole),20*46'130,51*34'242,48,Obszar niezabudowany,"Zakręt, łuk",Droga krajowa,Jednojezdniowa dwukierunkowa,N,POWIAT BIAŁOBRZESKI,WYŚMIERZYCE - OBSZAR WIEJSKI
1,1,0,2016,Dobre warunki atmosferyczne,Najechanie na drzewo,Dobre warunki atmosferyczne,Światło dzienne,Jezdnia,EWK-104607570K,19,2016-07-14,Nieokreślone (puste pole),20*28'208,52*52'392,1247W,Obszar niezabudowany,Odcinek prosty,Droga powiatowa,Jednojezdniowa dwukierunkowa,N,POWIAT CIECHANOWSKI,CIECHANÓW - OBSZAR WIEJSKI
1,1,0,2016,Dobre warunki atmosferyczne,Najechanie na drzewo,Dobre warunki atmosferyczne,Światło dzienne,Jezdnia,EWK-104629216E,18,2016-07-19,Nieokreślone (puste pole),20*13'144,52*57'476,GMINNA,Obszar niezabudowany,"Zakręt, łuk",Droga gminna,Jednojezdniowa dwukierunkowa,N,POWIAT MŁAWSKI,STRZEGOWO - OBSZAR WIEJSKI
1,0,2,2016,Dobre warunki atmosferyczne,Najechanie na drzewo,Dobre warunki atmosferyczne,Światło dzienne,Jezdnia,EWK-104649296Y,14,2016-07-24,Lekko,21*33'311,53*25'168,G250712W,Obszar niezabudowany,Odcinek prosty,Droga gminna,Jednojezdniowa dwukierunkowa,N,POWIAT OSTROŁĘCKI,ŁYSE - OBSZAR WIEJSKI
1,0,0,2016,Dobre warunki atmosferyczne,Najechanie na drzewo,Dobre warunki atmosferyczne,Światło dzienne,Jezdnia,EWK-104649296Y,14,2016-07-24,Nieokreślone (puste pole),21*33'311,53*25'168,G250712W,Obszar niezabudowany,Odcinek prosty,Droga gminna,Jednojezdniowa dwukierunkowa,N,POWIAT OSTROŁĘCKI,ŁYSE - OBSZAR WIEJSKI
1,0,1,2016,Dobre warunki atmosferyczne,Najechanie na drzewo,Dobre warunki atmosferyczne,Światło dzienne,Jezdnia,EWK-104682429J,8,2016-07-31,Ciężko,19*38'554,52*53'486,560,Obszar niezabudowany,"Zakręt, łuk",Droga wojewódzka,Jednojezdniowa dwukierunkowa,N,POWIAT SIERPECKI,SZCZUTOWO - OBSZAR WIEJSKI
1,0,1,2016,Dobre warunki atmosferyczne,Najechanie na drzewo,Dobre warunki atmosferyczne,Światło dzienne,Jezdnia,EWK-104719516H,18,2016-08-08,Ciężko,20*22'337,52*43'106,G300170W,Obszar niezabudowany,"Zakręt, łuk",Droga gminna,Jednojezdniowa dwukierunkowa,N,POWIAT PŁOŃSKI,BABOSZEWO - OBSZAR WIEJSKI
1,0,3,2016,Dobre warunki atmosferyczne,Najechanie na drzewo,Dobre warunki atmosferyczne,Światło dzienne,Jezdnia,EWK-104743202X,16,2016-08-16,Lekko,21*12'547,51*52'086,731,Obszar niezabudowany,Odcinek prosty,Droga wojewódzka,Jednojezdniowa dwukierunkowa,N,POWIAT GRÓJECKI,WARKA - OBSZAR WIEJSKI
1,0,1,2016,Dobre warunki atmosferyczne,Najechanie na drzewo,Dobre warunki atmosferyczne,Światło dzienne,Jezdnia,EWK-104750201M,18,2016-08-20,Lekko,21*46'220,53*06'001,2551W,Obszar niezabudowany,"Zakręt, łuk",Droga powiatowa,Jednojezdniowa dwukierunkowa,T,POWIAT OSTROŁĘCKI,TROSZYN - OBSZAR WIEJSKI
1,0,2,2016,Dobre warunki atmosferyczne,Najechanie na drzewo,Dobre warunki atmosferyczne,Światło dzienne,Jezdnia,EWK-104809955L,13,2016-09-03,Ciężko,20*22'214,52*41'464,GMINNA,Obszar niezabudowany,Odcinek prosty,Droga gminna,Jednojezdniowa dwukierunkowa,N,POWIAT PŁOŃSKI,PŁOŃSK - OBSZAR WIEJSKI
1,0,1,2016,Dobre warunki atmosferyczne,Najechanie na drzewo,Dobre warunki atmosferyczne,Światło dzienne,Jezdnia,EWK-104839538D,10,2016-09-09,Ciężko,21*28'227,51*03'029,,Obszar niezabudowany,Odcinek prosty,Nieokreślone (puste pole),Jednojezdniowa dwukierunkowa,N,POWIAT LIPSKI,SIENNO - OBSZAR WIEJSKI
1,0,0,2016,Dobre warunki atmosferyczne,Najechanie na drzewo,Dobre warunki atmosferyczne,Światło dzienne,Jezdnia,EWK-104839538D,10,2016-09-09,Nieokreślone (puste pole),21*28'227,51*03'029,,Obszar niezabudowany,Odcinek prosty,Nieokreślone (puste pole),Jednojezdniowa dwukierunkowa,N,POWIAT LIPSKI,SIENNO - OBSZAR WIEJSKI
1,0,1,2016,Dobre warunki atmosferyczne,Najechanie na drzewo,Dobre warunki atmosferyczne,Światło dzienne,Jezdnia,EWK-104874386U,12,2016-09-24,Lekko,19*51'442,53*05'369,541,Obszar niezabudowany,"Zakręt, łuk",Droga wojewódzka,Jednojezdniowa dwukierunkowa,N,POWIAT ŻUROMIŃSKI,LUBOWIDZ - OBSZAR WIEJSKI
1,0,1,2016,Dobre warunki atmosferyczne,Najechanie na drzewo,Dobre warunki atmosferyczne,Światło dzienne,Jezdnia,EWK-105055044F,12,2016-11-11,Ciężko,21*57'300,52*48'090,GMINNA,Obszar niezabudowany,"Zakręt, łuk",Droga gminna,Jednojezdniowa dwukierunkowa,N,POWIAT OSTROWSKI,OSTRÓW MAZOWIECKA - OBSZAR WIEJSKI
1,0,1,2016,Dobre warunki atmosferyczne,Najechanie na drzewo,Dobre warunki atmosferyczne,Światło dzienne,Jezdnia,EWK-105125401U,11,2016-11-20,Ciężko,20*48'130,51*51'162,P0244T,Obszar zabudowany,"Zakręt, łuk",Droga powiatowa,Jednojezdniowa dwukierunkowa,T,POWIAT GRÓJECKI,BELSK DUŻY - OBSZAR WIEJSKI
1,0,2,2016,Dobre warunki atmosferyczne,Najechanie na drzewo,Dobre warunki atmosferyczne,Światło dzienne,Jezdnia,EWK-105125401U,11,2016-11-20,Lekko,20*48'130,51*51'162,P0244T,Obszar zabudowany,"Zakręt, łuk",Droga powiatowa,Jednojezdniowa dwukierunkowa,T,POWIAT GRÓJECKI,BELSK DUŻY - OBSZAR WIEJSKI
1,0,1,2016,Dobre warunki atmosferyczne,Najechanie na drzewo,Dobre warunki atmosferyczne,Światło dzienne,Pobocze,EWK-104258532K,9,2016-05-05,Ciężko,19*47'099,52*27'110,575,Obszar niezabudowany,Odcinek prosty,Droga wojewódzka,Jednojezdniowa dwukierunkowa,N,POWIAT PŁOCKI,GĄBIN - OBSZAR WIEJSKI
1,0,1,2016,Dobre warunki atmosferyczne,Najechanie na drzewo,Dobre warunki atmosferyczne,Światło dzienne,Pobocze,EWK-104273050Q,12,2016-05-07,Lekko,20*51'350,51*34'080,P1115W,Obszar niezabudowany,Odcinek prosty,Droga powiatowa,Jednojezdniowa dwukierunkowa,N,POWIAT BIAŁOBRZESKI,RADZANÓW - OBSZAR WIEJSKI
1,0,1,2016,Dobre warunki atmosferyczne,Najechanie na drzewo,Dobre warunki atmosferyczne,Światło dzienne,Pobocze,EWK-104402266P,16,2016-05-23,Ciężko,21*33'207,52*55'444,G250413W,Obszar niezabudowany,Odcinek prosty,Droga gminna,Jednojezdniowa dwukierunkowa,N,POWIAT OSTROŁĘCKI,GOWOROWO - OBSZAR WIEJSKI
1,1,0,2016,Dobre warunki atmosferyczne,Najechanie na drzewo,Dobre warunki atmosferyczne,Światło dzienne,Pobocze,EWK-104434628X,7,2016-06-05,Nieokreślone (puste pole),21*43'250,51*47'363,17,Obszar niezabudowany,Odcinek prosty,Droga krajowa,Jednojezdniowa dwukierunkowa,N,POWIAT GARWOLIŃSKI,SOBOLEW - OBSZAR WIEJSKI
1,0,1,2016,Dobre warunki atmosferyczne,Najechanie na drzewo,Dobre warunki atmosferyczne,Światło dzienne,Pobocze,EWK-104506347U,13,2016-06-19,Ciężko,21*49'524,51*27'130,P1744W,Obszar niezabudowany,"Zakręt, łuk",Droga powiatowa,Jednojezdniowa dwukierunkowa,T,POWIAT KOZIENICKI,GNIEWOSZÓW - OBSZAR WIEJSKI
1,1,0,2016,Dobre warunki atmosferyczne,Najechanie na drzewo,Dobre warunki atmosferyczne,Światło dzienne,Pobocze,EWK-104506347U,13,2016-06-19,Nieokreślone (puste pole),21*49'524,51*27'130,P1744W,Obszar niezabudowany,"Zakręt, łuk",Droga powiatowa,Jednojezdniowa dwukierunkowa,T,POWIAT KOZIENICKI,GNIEWOSZÓW - OBSZAR WIEJSKI
1,0,1,2016,Dobre warunki atmosferyczne,Najechanie na drzewo,Dobre warunki atmosferyczne,Światło dzienne,Pobocze,EWK-104511951U,19,2016-06-18,Lekko,19*45'242,52*33'524,5203W,Obszar niezabudowany,Odcinek prosty,Droga powiatowa,Jednojezdniowa dwukierunkowa,T,POWIAT PŁOCKI,RADZANOWO - OBSZAR WIEJSKI
1,0,1,2016,Dobre warunki atmosferyczne,Najechanie na drzewo,Dobre warunki atmosferyczne,Światło dzienne,Pobocze,EWK-104590888K,20,2016-07-10,Lekko,20*57'315,53*09'112,P3223W,Obszar niezabudowany,Odcinek prosty,Droga powiatowa,Jednojezdniowa dwukierunkowa,N,POWIAT PRZASNYSKI,JEDNOROŻEC - OBSZAR WIEJSKI
1,0,0,2016,Dobre warunki atmosferyczne,Najechanie na drzewo,Dobre warunki atmosferyczne,Światło dzienne,Pobocze,EWK-104590888K,20,2016-07-10,Nieokreślone (puste pole),20*57'315,53*09'112,P3223W,Obszar niezabudowany,Odcinek prosty,Droga powiatowa,Jednojezdniowa dwukierunkowa,N,POWIAT PRZASNYSKI,JEDNOROŻEC - OBSZAR WIEJSKI
1,0,1,2016,Dobre warunki atmosferyczne,Najechanie na drzewo,Dobre warunki atmosferyczne,Światło dzienne,Pobocze,EWK-104665912Y,19,2016-07-26,Ciężko,20*38'453,51*32'591,G330307W,Obszar niezabudowany,Odcinek prosty,Droga gminna,Jednojezdniowa dwukierunkowa,N,POWIAT PRZYSUSKI,KLWÓW - OBSZAR WIEJSKI
1,0,1,2016,Dobre warunki atmosferyczne,Najechanie na drzewo,Dobre warunki atmosferyczne,Światło dzienne,Pobocze,EWK-104671963C,5,2016-07-26,Ciężko,20*22'343,52*00'264,719,Obszar niezabudowany,Odcinek prosty,Droga wojewódzka,Jednojezdniowa dwukierunkowa,N,POWIAT ŻYRARDOWSKI,PUSZCZA MARIAŃSKA - OBSZAR WIEJSKI
1,0,1,2016,Dobre warunki atmosferyczne,Najechanie na drzewo,Dobre warunki atmosferyczne,Światło dzienne,Pobocze,EWK-104671963C,5,2016-07-26,Lekko,20*22'343,52*00'264,719,Obszar niezabudowany,Odcinek prosty,Droga wojewódzka,Jednojezdniowa dwukierunkowa,N,POWIAT ŻYRARDOWSKI,PUSZCZA MARIAŃSKA - OBSZAR WIEJSKI
1,0,1,2016,Dobre warunki atmosferyczne,Najechanie na drzewo,Dobre warunki atmosferyczne,Światło dzienne,Pobocze,EWK-104682415Q,7,2016-07-29,Ciężko,20*20'036,52*01'011,GMINNA,Obszar zabudowany,Odcinek prosty,Droga gminna,Jednojezdniowa dwukierunkowa,N,POWIAT ŻYRARDOWSKI,WISKITKI - OBSZAR WIEJSKI
1,0,1,2016,Dobre warunki atmosferyczne,Najechanie na drzewo,Dobre warunki atmosferyczne,Światło dzienne,Pobocze,EWK-104780517A,15,2016-08-27,Ciężko,19*59'217,52*40'309,GMINNA,Obszar niezabudowany,Odcinek prosty,Droga gminna,Jednojezdniowa dwukierunkowa,T,POWIAT PŁOCKI,DROBIN - OBSZAR WIEJSKI
1,1,0,2016,Dobre warunki atmosferyczne,Najechanie na drzewo,Dobre warunki atmosferyczne,Światło dzienne,Pobocze,EWK-104780517A,15,2016-08-27,Nieokreślone (puste pole),19*59'217,52*40'309,GMINNA,Obszar niezabudowany,Odcinek prosty,Droga gminna,Jednojezdniowa dwukierunkowa,T,POWIAT PŁOCKI,DROBIN - OBSZAR WIEJSKI
1,1,0,2016,Dobre warunki atmosferyczne,Najechanie na drzewo,Dobre warunki atmosferyczne,Światło dzienne,Pobocze,EWK-104809316H,16,2016-09-03,Nieokreślone (puste pole),21*46'516,52*47'407,P2640W,Obszar niezabudowany,"Zakręt, łuk",Droga powiatowa,Jednojezdniowa dwukierunkowa,N,POWIAT OSTROWSKI,OSTRÓW MAZOWIECKA - OBSZAR WIEJSKI
1,1,0,2016,Dobre warunki atmosferyczne,Najechanie na drzewo,Dobre warunki atmosferyczne,Światło dzienne,Pobocze,EWK-104859320X,15,2016-09-18,Nieokreślone (puste pole),21*45'430,51*56'215,GMINNA,Obszar niezabudowany,Odcinek prosty,Droga gminna,Jednojezdniowa dwukierunkowa,N,POWIAT GARWOLIŃSKI,BOROWIE - OBSZAR WIEJSKI
1,0,1,2016,Dobre warunki atmosferyczne,Najechanie na drzewo,Dobre warunki atmosferyczne,Światło dzienne,Pobocze,EWK-104867262L,9,2016-09-22,Lekko,19*35'272,52*32'238,62,Obszar niezabudowany,"Zakręt, łuk",Droga krajowa,Jednojezdniowa dwukierunkowa,N,POWIAT PŁOCKI,NOWY DUNINÓW - OBSZAR WIEJSKI
1,0,1,2016,Dobre warunki atmosferyczne,Najechanie na drzewo,Dobre warunki atmosferyczne,Światło dzienne,Pobocze,EWK-104912166J,11,2016-10-13,Lekko,19*49'507,52*40'318,60,Obszar niezabudowany,Odcinek prosty,Droga krajowa,Jednojezdniowa dwukierunkowa,N,POWIAT PŁOCKI,BIELSK - OBSZAR WIEJSKI