Liczba wypadków,Liczba zabitych,Liczba rannych,Rok,Warunki atmosferyczne,Rodzaj zdarzenia,Warunki atmosferyczne,Oświetlenie,Charakterystyka miejsca zdarzenia,IDKSIP zdarzenia,Godzina,Dzień,Ranny,GPS x,GPS y,Numer drogi,Obszar,Geometria drogi,Kategoria drogi 1,Rodzaj drogi,Czy w zdarzeniu był sprawca nietrzeźwy,Powiat,Gmina
1,0,0,2016,Dobre warunki atmosferyczne,Najechanie na pieszego,Dobre warunki atmosferyczne,Światło dzienne,Jezdnia,EWK-103765327W,10,2016-01-17,Nieokreślone (puste pole),20*51'153,51*54'569,7,Obszar niezabudowany,Odcinek prosty,Droga krajowa,Dwie jezdnie jednokierunkowe,N,POWIAT GRÓJECKI,GRÓJEC - OBSZAR WIEJSKI
1,0,1,2016,Dobre warunki atmosferyczne,Najechanie na pieszego,Dobre warunki atmosferyczne,Światło dzienne,Jezdnia,EWK-103772486D,11,2016-01-19,Lekko,19*42'272,52*32'062,GMINNA,Obszar zabudowany,Odcinek prosty,Droga gminna,Jednojezdniowa dwukierunkowa,N,POWIAT PŁOCK,PŁOCK - OBSZAR MIEJSKI
1,0,0,2016,Dobre warunki atmosferyczne,Najechanie na pieszego,Dobre warunki atmosferyczne,Światło dzienne,Jezdnia,EWK-103772486D,11,2016-01-19,Nieokreślone (puste pole),19*42'272,52*32'062,GMINNA,Obszar zabudowany,Odcinek prosty,Droga gminna,Jednojezdniowa dwukierunkowa,N,POWIAT PŁOCK,PŁOCK - OBSZAR MIEJSKI
1,0,1,2016,Dobre warunki atmosferyczne,Najechanie na pieszego,Dobre warunki atmosferyczne,Światło dzienne,Jezdnia,EWK-103817029T,11,2016-01-22,Lekko,21*42'280,51*50'330,31328W,Obszar zabudowany,Odcinek prosty,Droga powiatowa,Jednojezdniowa dwukierunkowa,N,POWIAT GARWOLIŃSKI,GÓRZNO - OBSZAR WIEJSKI
1,0,0,2016,Dobre warunki atmosferyczne,Najechanie na pieszego,Dobre warunki atmosferyczne,Światło dzienne,Jezdnia,EWK-103817029T,11,2016-01-22,Nieokreślone (puste pole),21*42'280,51*50'330,31328W,Obszar zabudowany,Odcinek prosty,Droga powiatowa,Jednojezdniowa dwukierunkowa,N,POWIAT GARWOLIŃSKI,GÓRZNO - OBSZAR WIEJSKI
1,0,1,2016,Dobre warunki atmosferyczne,Najechanie na pieszego,Dobre warunki atmosferyczne,Światło dzienne,Jezdnia,EWK-103884183N,7,2016-02-15,Lekko,19*41'551,52*33'048,P,Obszar zabudowany,Odcinek prosty,Droga powiatowa,Jednojezdniowa dwukierunkowa,N,POWIAT PŁOCK,PŁOCK - OBSZAR MIEJSKI
1,0,0,2016,Dobre warunki atmosferyczne,Najechanie na pieszego,Dobre warunki atmosferyczne,Światło dzienne,Jezdnia,EWK-103884183N,7,2016-02-15,Nieokreślone (puste pole),19*41'551,52*33'048,P,Obszar zabudowany,Odcinek prosty,Droga powiatowa,Jednojezdniowa dwukierunkowa,N,POWIAT PŁOCK,PŁOCK - OBSZAR MIEJSKI
1,0,1,2016,Dobre warunki atmosferyczne,Najechanie na pieszego,Dobre warunki atmosferyczne,Światło dzienne,Jezdnia,EWK-103951908M,12,2016-02-25,Ciężko,21*35'264,51*47'224,GMINNA,Obszar zabudowany,,Droga gminna,Jednojezdniowa dwukierunkowa,N,POWIAT GARWOLIŃSKI,ŁASKARZEW - OBSZAR MIEJSKI
1,0,0,2016,Dobre warunki atmosferyczne,Najechanie na pieszego,Dobre warunki atmosferyczne,Światło dzienne,Jezdnia,EWK-103951908M,12,2016-02-25,Nieokreślone (puste pole),21*35'264,51*47'224,GMINNA,Obszar zabudowany,,Droga gminna,Jednojezdniowa dwukierunkowa,N,POWIAT GARWOLIŃSKI,ŁASKARZEW - OBSZAR MIEJSKI
1,0,1,2016,Dobre warunki atmosferyczne,Najechanie na pieszego,Dobre warunki atmosferyczne,Światło dzienne,Jezdnia,EWK-104094131X,16,2016-03-28,Lekko,20*54'372,51*16'102,P3341W,Obszar zabudowany,Odcinek prosty,Droga powiatowa,Jednojezdniowa dwukierunkowa,N,POWIAT SZYDŁOWIECKI,SZYDŁOWIEC - OBSZAR WIEJSKI
1,0,0,2016,Dobre warunki atmosferyczne,Najechanie na pieszego,Dobre warunki atmosferyczne,Światło dzienne,Jezdnia,EWK-104094131X,16,2016-03-28,Nieokreślone (puste pole),20*54'372,51*16'102,P3341W,Obszar zabudowany,Odcinek prosty,Droga powiatowa,Jednojezdniowa dwukierunkowa,N,POWIAT SZYDŁOWIECKI,SZYDŁOWIEC - OBSZAR WIEJSKI
1,1,0,2016,Dobre warunki atmosferyczne,Najechanie na pieszego,Dobre warunki atmosferyczne,Światło dzienne,Jezdnia,EWK-104094352C,17,2016-03-28,Nieokreślone (puste pole),21*54'263,52*32'560,GMINNA,Obszar zabudowany,Odcinek prosty,Droga gminna,Jednojezdniowa dwukierunkowa,N,POWIAT WĘGROWSKI,STOCZEK - OBSZAR WIEJSKI
1,0,1,2016,Dobre warunki atmosferyczne,Najechanie na pieszego,Dobre warunki atmosferyczne,Światło dzienne,Jezdnia,EWK-104101973M,12,2016-03-28,Lekko,21*08'146,51*20'186,GMINNA,Obszar zabudowany,Odcinek prosty,Droga gminna,Jednojezdniowa dwukierunkowa,N,POWIAT RADOMSKI,KOWALA - OBSZAR WIEJSKI
1,0,0,2016,Dobre warunki atmosferyczne,Najechanie na pieszego,Dobre warunki atmosferyczne,Światło dzienne,Jezdnia,EWK-104101973M,12,2016-03-28,Nieokreślone (puste pole),21*08'146,51*20'186,GMINNA,Obszar zabudowany,Odcinek prosty,Droga gminna,Jednojezdniowa dwukierunkowa,N,POWIAT RADOMSKI,KOWALA - OBSZAR WIEJSKI
1,0,1,2016,Dobre warunki atmosferyczne,Najechanie na pieszego,Dobre warunki atmosferyczne,Światło dzienne,Jezdnia,EWK-104107944T,11,2016-03-31,Lekko,20*14'112,52*13'260,GMINNA,Obszar zabudowany,Odcinek prosty,Droga gminna,Jednojezdniowa dwukierunkowa,N,POWIAT SOCHACZEWSKI,SOCHACZEW - OBSZAR MIEJSKI
1,0,0,2016,Dobre warunki atmosferyczne,Najechanie na pieszego,Dobre warunki atmosferyczne,Światło dzienne,Jezdnia,EWK-104107944T,11,2016-03-31,Nieokreślone (puste pole),20*14'112,52*13'260,GMINNA,Obszar zabudowany,Odcinek prosty,Droga gminna,Jednojezdniowa dwukierunkowa,N,POWIAT SOCHACZEWSKI,SOCHACZEW - OBSZAR MIEJSKI
1,0,1,2016,Dobre warunki atmosferyczne,Najechanie na pieszego,Dobre warunki atmosferyczne,Światło dzienne,Jezdnia,EWK-104139055H,14,2016-04-06,Lekko,20*18'135,52*24'092,62,Obszar zabudowany,Odcinek prosty,Droga krajowa,Jednojezdniowa dwukierunkowa,N,POWIAT PŁOŃSKI,CZERWIŃSK NAD WISŁĄ - OBSZAR WIEJSKI
1,0,0,2016,Dobre warunki atmosferyczne,Najechanie na pieszego,Dobre warunki atmosferyczne,Światło dzienne,Jezdnia,EWK-104139055H,14,2016-04-06,Nieokreślone (puste pole),20*18'135,52*24'092,62,Obszar zabudowany,Odcinek prosty,Droga krajowa,Jednojezdniowa dwukierunkowa,N,POWIAT PŁOŃSKI,CZERWIŃSK NAD WISŁĄ - OBSZAR WIEJSKI
1,0,1,2016,Dobre warunki atmosferyczne,Najechanie na pieszego,Dobre warunki atmosferyczne,Światło dzienne,Jezdnia,EWK-104189173K,10,2016-04-16,Ciężko,19*54'143,53*04'034,GMINNA,Obszar zabudowany,Odcinek prosty,Droga gminna,Jednojezdniowa dwukierunkowa,N,POWIAT ŻUROMIŃSKI,ŻUROMIN - OBSZAR WIEJSKI
1,0,0,2016,Dobre warunki atmosferyczne,Najechanie na pieszego,Dobre warunki atmosferyczne,Światło dzienne,Jezdnia,EWK-104189173K,10,2016-04-16,Nieokreślone (puste pole),19*54'143,53*04'034,GMINNA,Obszar zabudowany,Odcinek prosty,Droga gminna,Jednojezdniowa dwukierunkowa,N,POWIAT ŻUROMIŃSKI,ŻUROMIN - OBSZAR WIEJSKI
1,0,1,2016,Dobre warunki atmosferyczne,Najechanie na pieszego,Dobre warunki atmosferyczne,Światło dzienne,Jezdnia,EWK-104205026Y,17,2016-04-21,Ciężko,20*42'068,51*43'094,P,Obszar zabudowany,Odcinek prosty,Droga powiatowa,Jednojezdniowa dwukierunkowa,N,POWIAT GRÓJECKI,MOGIELNICA - OBSZAR WIEJSKI
1,0,0,2016,Dobre warunki atmosferyczne,Najechanie na pieszego,Dobre warunki atmosferyczne,Światło dzienne,Jezdnia,EWK-104205026Y,17,2016-04-21,Nieokreślone (puste pole),20*42'068,51*43'094,P,Obszar zabudowany,Odcinek prosty,Droga powiatowa,Jednojezdniowa dwukierunkowa,N,POWIAT GRÓJECKI,MOGIELNICA - OBSZAR WIEJSKI
1,0,1,2016,Dobre warunki atmosferyczne,Najechanie na pieszego,Dobre warunki atmosferyczne,Światło dzienne,Jezdnia,EWK-104225232N,13,2016-04-23,Lekko,21*01'499,51*16'341,GMINNA,Obszar zabudowany,Odcinek prosty,Droga gminna,Jednojezdniowa dwukierunkowa,N,POWIAT RADOMSKI,WIERZBICA - OBSZAR WIEJSKI
1,0,0,2016,Dobre warunki atmosferyczne,Najechanie na pieszego,Dobre warunki atmosferyczne,Światło dzienne,Jezdnia,EWK-104225232N,13,2016-04-23,Nieokreślone (puste pole),21*01'499,51*16'341,GMINNA,Obszar zabudowany,Odcinek prosty,Droga gminna,Jednojezdniowa dwukierunkowa,N,POWIAT RADOMSKI,WIERZBICA - OBSZAR WIEJSKI
1,0,1,2016,Dobre warunki atmosferyczne,Najechanie na pieszego,Dobre warunki atmosferyczne,Światło dzienne,Jezdnia,EWK-104233810K,7,2016-04-29,Lekko,19*55'049,53*04'112,P,Obszar zabudowany,Odcinek prosty,Droga powiatowa,Jednojezdniowa dwukierunkowa,N,POWIAT ŻUROMIŃSKI,ŻUROMIN - OBSZAR MIEJSKI
1,0,0,2016,Dobre warunki atmosferyczne,Najechanie na pieszego,Dobre warunki atmosferyczne,Światło dzienne,Jezdnia,EWK-104233810K,7,2016-04-29,Nieokreślone (puste pole),19*55'049,53*04'112,P,Obszar zabudowany,Odcinek prosty,Droga powiatowa,Jednojezdniowa dwukierunkowa,N,POWIAT ŻUROMIŃSKI,ŻUROMIN - OBSZAR MIEJSKI
1,0,1,2016,Dobre warunki atmosferyczne,Najechanie na pieszego,Dobre warunki atmosferyczne,Światło dzienne,Jezdnia,EWK-104235739E,12,2016-04-29,Lekko,21*34'309,53*05'062,P5103W,Obszar zabudowany,Odcinek prosty,Droga powiatowa,Jednojezdniowa dwukierunkowa,N,POWIAT OSTROŁĘKA,OSTROŁĘKA - OBSZAR MIEJSKI
1,0,0,2016,Dobre warunki atmosferyczne,Najechanie na pieszego,Dobre warunki atmosferyczne,Światło dzienne,Jezdnia,EWK-104235739E,12,2016-04-29,Nieokreślone (puste pole),21*34'309,53*05'062,P5103W,Obszar zabudowany,Odcinek prosty,Droga powiatowa,Jednojezdniowa dwukierunkowa,N,POWIAT OSTROŁĘKA,OSTROŁĘKA - OBSZAR MIEJSKI
1,0,1,2016,Dobre warunki atmosferyczne,Najechanie na pieszego,Dobre warunki atmosferyczne,Światło dzienne,Jezdnia,EWK-104247968D,15,2016-04-17,Ciężko,21*32'410,51*49'440,31324W,Obszar zabudowany,Odcinek prosty,Droga powiatowa,Jednojezdniowa dwukierunkowa,N,POWIAT GARWOLIŃSKI,ŁASKARZEW - OBSZAR WIEJSKI
1,0,0,2016,Dobre warunki atmosferyczne,Najechanie na pieszego,Dobre warunki atmosferyczne,Światło dzienne,Jezdnia,EWK-104247968D,15,2016-04-17,Nieokreślone (puste pole),21*32'410,51*49'440,31324W,Obszar zabudowany,Odcinek prosty,Droga powiatowa,Jednojezdniowa dwukierunkowa,N,POWIAT GARWOLIŃSKI,ŁASKARZEW - OBSZAR WIEJSKI
1,0,1,2016,Dobre warunki atmosferyczne,Najechanie na pieszego,Dobre warunki atmosferyczne,Światło dzienne,Jezdnia,EWK-104284687L,19,2016-05-10,Lekko,21*04'517,51*14'578,727,Obszar zabudowany,Odcinek prosty,Droga wojewódzka,Jednojezdniowa dwukierunkowa,N,POWIAT RADOMSKI,WIERZBICA - OBSZAR WIEJSKI
1,0,0,2016,Dobre warunki atmosferyczne,Najechanie na pieszego,Dobre warunki atmosferyczne,Światło dzienne,Jezdnia,EWK-104284687L,19,2016-05-10,Nieokreślone (puste pole),21*04'517,51*14'578,727,Obszar zabudowany,Odcinek prosty,Droga wojewódzka,Jednojezdniowa dwukierunkowa,N,POWIAT RADOMSKI,WIERZBICA - OBSZAR WIEJSKI
1,0,1,2016,Dobre warunki atmosferyczne,Najechanie na pieszego,Dobre warunki atmosferyczne,Światło dzienne,Jezdnia,EWK-104407291H,11,2016-05-31,Ciężko,21*22'519,51*22'425,,Obszar zabudowany,Odcinek prosty,Nieokreślone (puste pole),Jednojezdniowa dwukierunkowa,N,POWIAT RADOMSKI,GÓZD - OBSZAR WIEJSKI
1,0,0,2016,Dobre warunki atmosferyczne,Najechanie na pieszego,Dobre warunki atmosferyczne,Światło dzienne,Jezdnia,EWK-104407291H,11,2016-05-31,Nieokreślone (puste pole),21*22'519,51*22'425,,Obszar zabudowany,Odcinek prosty,Nieokreślone (puste pole),Jednojezdniowa dwukierunkowa,N,POWIAT RADOMSKI,GÓZD - OBSZAR WIEJSKI
1,0,1,2016,Dobre warunki atmosferyczne,Najechanie na pieszego,Dobre warunki atmosferyczne,Światło dzienne,Jezdnia,EWK-104427819M,16,2016-06-04,Ciężko,21*18'382,51*49'495,79,Obszar niezabudowany,Odcinek prosty,Droga krajowa,Jednojezdniowa dwukierunkowa,N,POWIAT KOZIENICKI,MAGNUSZEW - OBSZAR WIEJSKI
1,0,0,2016,Dobre warunki atmosferyczne,Najechanie na pieszego,Dobre warunki atmosferyczne,Światło dzienne,Jezdnia,EWK-104427819M,16,2016-06-04,Nieokreślone (puste pole),21*18'382,51*49'495,79,Obszar niezabudowany,Odcinek prosty,Droga krajowa,Jednojezdniowa dwukierunkowa,N,POWIAT KOZIENICKI,MAGNUSZEW - OBSZAR WIEJSKI
1,0,1,2016,Dobre warunki atmosferyczne,Najechanie na pieszego,Dobre warunki atmosferyczne,Światło dzienne,Jezdnia,EWK-104437364R,11,2016-06-07,Lekko,20*51'281,51*13'286,G400549W,Obszar zabudowany,Odcinek prosty,Droga gminna,Jednokierunkowa,N,POWIAT SZYDŁOWIECKI,SZYDŁOWIEC - OBSZAR MIEJSKI
1,0,0,2016,Dobre warunki atmosferyczne,Najechanie na pieszego,Dobre warunki atmosferyczne,Światło dzienne,Jezdnia,EWK-104437364R,11,2016-06-07,Nieokreślone (puste pole),20*51'281,51*13'286,G400549W,Obszar zabudowany,Odcinek prosty,Droga gminna,Jednokierunkowa,N,POWIAT SZYDŁOWIECKI,SZYDŁOWIEC - OBSZAR MIEJSKI
1,0,1,2016,Dobre warunki atmosferyczne,Najechanie na pieszego,Dobre warunki atmosferyczne,Światło dzienne,Jezdnia,EWK-104441953P,12,2016-05-25,Ciężko,22*14'150,52*19'263,63,Obszar zabudowany,,Droga krajowa,Jednojezdniowa dwukierunkowa,N,POWIAT SOKOŁOWSKI,BIELANY - OBSZAR WIEJSKI
1,0,0,2016,Dobre warunki atmosferyczne,Najechanie na pieszego,Dobre warunki atmosferyczne,Światło dzienne,Jezdnia,EWK-104441953P,12,2016-05-25,Nieokreślone (puste pole),22*14'150,52*19'263,63,Obszar zabudowany,,Droga krajowa,Jednojezdniowa dwukierunkowa,N,POWIAT SOKOŁOWSKI,BIELANY - OBSZAR WIEJSKI
1,0,1,2016,Dobre warunki atmosferyczne,Najechanie na pieszego,Dobre warunki atmosferyczne,Światło dzienne,Jezdnia,EWK-104465215F,14,2016-06-08,Ciężko,21*29'579,52*50'362,2547W,Obszar zabudowany,Odcinek prosty,Droga powiatowa,Jednojezdniowa dwukierunkowa,N,POWIAT OSTROŁĘCKI,GOWOROWO - OBSZAR WIEJSKI
1,0,0,2016,Dobre warunki atmosferyczne,Najechanie na pieszego,Dobre warunki atmosferyczne,Światło dzienne,Jezdnia,EWK-104465215F,14,2016-06-08,Nieokreślone (puste pole),21*29'579,52*50'362,2547W,Obszar zabudowany,Odcinek prosty,Droga powiatowa,Jednojezdniowa dwukierunkowa,N,POWIAT OSTROŁĘCKI,GOWOROWO - OBSZAR WIEJSKI
1,0,1,2016,Dobre warunki atmosferyczne,Najechanie na pieszego,Dobre warunki atmosferyczne,Światło dzienne,Jezdnia,EWK-104482452W,15,2016-06-14,Lekko,19*43'358,52*21'299,P6907W,Obszar zabudowany,Odcinek prosty,Droga powiatowa,Jednojezdniowa dwukierunkowa,N,POWIAT PŁOCKI,GĄBIN - OBSZAR WIEJSKI
1,0,0,2016,Dobre warunki atmosferyczne,Najechanie na pieszego,Dobre warunki atmosferyczne,Światło dzienne,Jezdnia,EWK-104482452W,15,2016-06-14,Nieokreślone (puste pole),19*43'358,52*21'299,P6907W,Obszar zabudowany,Odcinek prosty,Droga powiatowa,Jednojezdniowa dwukierunkowa,N,POWIAT PŁOCKI,GĄBIN - OBSZAR WIEJSKI
1,0,1,2016,Dobre warunki atmosferyczne,Najechanie na pieszego,Dobre warunki atmosferyczne,Światło dzienne,Jezdnia,EWK-104515749U,8,2016-06-18,Ciężko,21*28'592,51*06'026,P,Obszar zabudowany,Odcinek prosty,Droga powiatowa,Jednojezdniowa dwukierunkowa,N,POWIAT LIPSKI,SIENNO - OBSZAR WIEJSKI
1,0,0,2016,Dobre warunki atmosferyczne,Najechanie na pieszego,Dobre warunki atmosferyczne,Światło dzienne,Jezdnia,EWK-104515749U,8,2016-06-18,Nieokreślone (puste pole),21*28'592,51*06'026,P,Obszar zabudowany,Odcinek prosty,Droga powiatowa,Jednojezdniowa dwukierunkowa,N,POWIAT LIPSKI,SIENNO - OBSZAR WIEJSKI
1,0,1,2016,Dobre warunki atmosferyczne,Najechanie na pieszego,Dobre warunki atmosferyczne,Światło dzienne,Jezdnia,EWK-104516604H,13,2016-06-21,Lekko,19*45'244,52*32'018,GMINNA,Obszar zabudowany,Odcinek prosty,Droga gminna,Jednojezdniowa dwukierunkowa,N,POWIAT PŁOCK,PŁOCK - OBSZAR MIEJSKI
1,0,0,2016,Dobre warunki atmosferyczne,Najechanie na pieszego,Dobre warunki atmosferyczne,Światło dzienne,Jezdnia,EWK-104516604H,13,2016-06-21,Nieokreślone (puste pole),19*45'244,52*32'018,GMINNA,Obszar zabudowany,Odcinek prosty,Droga gminna,Jednojezdniowa dwukierunkowa,N,POWIAT PŁOCK,PŁOCK - OBSZAR MIEJSKI
1,0,1,2016,Dobre warunki atmosferyczne,Najechanie na pieszego,Dobre warunki atmosferyczne,Światło dzienne,Jezdnia,EWK-104575566L,16,2016-07-05,Ciężko,20*51'531,51*13'139,P4015W,Obszar zabudowany,,Droga powiatowa,Jednojezdniowa dwukierunkowa,N,POWIAT SZYDŁOWIECKI,SZYDŁOWIEC - OBSZAR MIEJSKI
1,0,0,2016,Dobre warunki atmosferyczne,Najechanie na pieszego,Dobre warunki atmosferyczne,Światło dzienne,Jezdnia,EWK-104575566L,16,2016-07-05,Nieokreślone (puste pole),20*51'531,51*13'139,P4015W,Obszar zabudowany,,Droga powiatowa,Jednojezdniowa dwukierunkowa,N,POWIAT SZYDŁOWIECKI,SZYDŁOWIEC - OBSZAR MIEJSKI
1,0,1,2016,Dobre warunki atmosferyczne,Najechanie na pieszego,Dobre warunki atmosferyczne,Światło dzienne,Jezdnia,EWK-104590827C,11,2016-07-07,Ciężko,21*14'062,51*08'357,9,Obszar zabudowany,Odcinek prosty,Droga krajowa,Jednojezdniowa dwukierunkowa,N,POWIAT RADOMSKI,IŁŻA - OBSZAR MIEJSKI
1,0,0,2016,Dobre warunki atmosferyczne,Najechanie na pieszego,Dobre warunki atmosferyczne,Światło dzienne,Jezdnia,EWK-104590827C,11,2016-07-07,Nieokreślone (puste pole),21*14'062,51*08'357,9,Obszar zabudowany,Odcinek prosty,Droga krajowa,Jednojezdniowa dwukierunkowa,N,POWIAT RADOMSKI,IŁŻA - OBSZAR MIEJSKI
1,0,1,2016,Dobre warunki atmosferyczne,Najechanie na pieszego,Dobre warunki atmosferyczne,Światło dzienne,Jezdnia,EWK-104596298G,17,2016-07-06,Lekko,22*22'251,52*26'240,G390307W,Obszar zabudowany,Odcinek prosty,Droga gminna,Jednojezdniowa dwukierunkowa,N,POWIAT SOKOŁOWSKI,JABŁONNA LACKA - OBSZAR WIEJSKI
1,0,0,2016,Dobre warunki atmosferyczne,Najechanie na pieszego,Dobre warunki atmosferyczne,Światło dzienne,Jezdnia,EWK-104596298G,17,2016-07-06,Nieokreślone (puste pole),22*22'251,52*26'240,G390307W,Obszar zabudowany,Odcinek prosty,Droga gminna,Jednojezdniowa dwukierunkowa,N,POWIAT SOKOŁOWSKI,JABŁONNA LACKA - OBSZAR WIEJSKI
1,0,1,2016,Dobre warunki atmosferyczne,Najechanie na pieszego,Dobre warunki atmosferyczne,Światło dzienne,Jezdnia,EWK-104630841W,9,2016-07-10,Lekko,21*51'027,51*58'394,P2234W,Obszar zabudowany,,Droga powiatowa,Jednojezdniowa dwukierunkowa,N,POWIAT GARWOLIŃSKI,BOROWIE - OBSZAR WIEJSKI
1,0,0,2016,Dobre warunki atmosferyczne,Najechanie na pieszego,Dobre warunki atmosferyczne,Światło dzienne,Jezdnia,EWK-104630841W,9,2016-07-10,Nieokreślone (puste pole),21*51'027,51*58'394,P2234W,Obszar zabudowany,,Droga powiatowa,Jednojezdniowa dwukierunkowa,N,POWIAT GARWOLIŃSKI,BOROWIE - OBSZAR WIEJSKI
1,0,2,2016,Dobre warunki atmosferyczne,Najechanie na pieszego,Dobre warunki atmosferyczne,Światło dzienne,Jezdnia,EWK-104662380M,19,2016-07-23,Lekko,20*56'294,51*27'472,GMINNA,Obszar zabudowany,Odcinek prosty,Droga gminna,Jednojezdniowa dwukierunkowa,N,POWIAT RADOMSKI,PRZYTYK - OBSZAR WIEJSKI
1,0,1,2016,Dobre warunki atmosferyczne,Najechanie na pieszego,Dobre warunki atmosferyczne,Światło dzienne,Jezdnia,EWK-104667201K,11,2016-07-25,Ciężko,20*53'187,51*16'101,G400512W,Obszar zabudowany,Odcinek prosty,Droga gminna,Jednojezdniowa dwukierunkowa,N,POWIAT SZYDŁOWIECKI,SZYDŁOWIEC - OBSZAR WIEJSKI
1,0,0,2016,Dobre warunki atmosferyczne,Najechanie na pieszego,Dobre warunki atmosferyczne,Światło dzienne,Jezdnia,EWK-104667201K,11,2016-07-25,Nieokreślone (puste pole),20*53'187,51*16'101,G400512W,Obszar zabudowany,Odcinek prosty,Droga gminna,Jednojezdniowa dwukierunkowa,N,POWIAT SZYDŁOWIECKI,SZYDŁOWIEC - OBSZAR WIEJSKI
1,0,1,2016,Dobre warunki atmosferyczne,Najechanie na pieszego,Dobre warunki atmosferyczne,Światło dzienne,Jezdnia,EWK-104667800Y,10,2016-07-25,Lekko,21*11'194,51*22'261,GMINNA,Obszar zabudowany,Odcinek prosty,Droga gminna,Jednojezdniowa dwukierunkowa,N,POWIAT RADOM,RADOM - OBSZAR MIEJSKI
1,0,0,2016,Dobre warunki atmosferyczne,Najechanie na pieszego,Dobre warunki atmosferyczne,Światło dzienne,Jezdnia,EWK-104667800Y,10,2016-07-25,Nieokreślone (puste pole),21*11'194,51*22'261,GMINNA,Obszar zabudowany,Odcinek prosty,Droga gminna,Jednojezdniowa dwukierunkowa,N,POWIAT RADOM,RADOM - OBSZAR MIEJSKI
1,0,1,2016,Dobre warunki atmosferyczne,Najechanie na pieszego,Dobre warunki atmosferyczne,Światło dzienne,Jezdnia,EWK-104669739W,11,2016-07-27,Lekko,21*03'320,52*46'011,P3238W  ,Obszar zabudowany,Odcinek prosty,Droga powiatowa,Jednojezdniowa dwukierunkowa,N,POWIAT PUŁTUSKI,PUŁTUSK - OBSZAR WIEJSKI
1,0,0,2016,Dobre warunki atmosferyczne,Najechanie na pieszego,Dobre warunki atmosferyczne,Światło dzienne,Jezdnia,EWK-104669739W,11,2016-07-27,Nieokreślone (puste pole),21*03'320,52*46'011,P3238W  ,Obszar zabudowany,Odcinek prosty,Droga powiatowa,Jednojezdniowa dwukierunkowa,N,POWIAT PUŁTUSKI,PUŁTUSK - OBSZAR WIEJSKI
1,0,1,2016,Dobre warunki atmosferyczne,Najechanie na pieszego,Dobre warunki atmosferyczne,Światło dzienne,Jezdnia,EWK-104703645J,18,2016-08-04,Ciężko,20*31'339,53*12'278,P2306W,Obszar niezabudowany,Odcinek prosty; Wzniesienie,Droga powiatowa,Jednojezdniowa dwukierunkowa,N,POWIAT MŁAWSKI,WIECZFNIA KOŚCIELNA - OBSZAR WIEJSKI
1,0,0,2016,Dobre warunki atmosferyczne,Najechanie na pieszego,Dobre warunki atmosferyczne,Światło dzienne,Jezdnia,EWK-104703645J,18,2016-08-04,Nieokreślone (puste pole),20*31'339,53*12'278,P2306W,Obszar niezabudowany,Odcinek prosty; Wzniesienie,Droga powiatowa,Jednojezdniowa dwukierunkowa,N,POWIAT MŁAWSKI,WIECZFNIA KOŚCIELNA - OBSZAR WIEJSKI
1,0,1,2016,Dobre warunki atmosferyczne,Najechanie na pieszego,Dobre warunki atmosferyczne,Światło dzienne,Jezdnia,EWK-104717308E,8,2016-08-09,Lekko,19*44'186,52*32'188,60,Obszar zabudowany,Odcinek prosty,Droga krajowa,Dwie jezdnie jednokierunkowe,N,POWIAT PŁOCK,PŁOCK - OBSZAR MIEJSKI
1,0,0,2016,Dobre warunki atmosferyczne,Najechanie na pieszego,Dobre warunki atmosferyczne,Światło dzienne,Jezdnia,EWK-104717308E,8,2016-08-09,Nieokreślone (puste pole),19*44'186,52*32'188,60,Obszar zabudowany,Odcinek prosty,Droga krajowa,Dwie jezdnie jednokierunkowe,N,POWIAT PŁOCK,PŁOCK - OBSZAR MIEJSKI
1,0,1,2016,Dobre warunki atmosferyczne,Najechanie na pieszego,Dobre warunki atmosferyczne,Światło dzienne,Jezdnia,EWK-104717478G,17,2016-08-09,Lekko,22*48'333,52*19'192,02105W,Obszar zabudowany,Odcinek prosty,Droga powiatowa,Jednojezdniowa dwukierunkowa,N,POWIAT ŁOSICKI,PLATERÓW - OBSZAR WIEJSKI
1,0,0,2016,Dobre warunki atmosferyczne,Najechanie na pieszego,Dobre warunki atmosferyczne,Światło dzienne,Jezdnia,EWK-104717478G,17,2016-08-09,Nieokreślone (puste pole),22*48'333,52*19'192,02105W,Obszar zabudowany,Odcinek prosty,Droga powiatowa,Jednojezdniowa dwukierunkowa,N,POWIAT ŁOSICKI,PLATERÓW - OBSZAR WIEJSKI
1,0,1,2016,Dobre warunki atmosferyczne,Najechanie na pieszego,Dobre warunki atmosferyczne,Światło dzienne,Jezdnia,EWK-104757806E,11,2016-08-20,Lekko,19*34'555,52*29'269,P2974W,Obszar niezabudowany,"Zakręt, łuk",Droga powiatowa,Jednojezdniowa dwukierunkowa,T,POWIAT PŁOCKI,ŁĄCK - OBSZAR WIEJSKI