Liczba wypadków,Liczba zabitych,Liczba rannych,Rok,Warunki atmosferyczne,Rodzaj zdarzenia,Warunki atmosferyczne,Oświetlenie,Charakterystyka miejsca zdarzenia,IDKSIP zdarzenia,Godzina,Dzień,Ranny,GPS x,GPS y,Numer drogi,Obszar,Geometria drogi,Kategoria drogi 1,Rodzaj drogi,Czy w zdarzeniu był sprawca nietrzeźwy,Powiat,Gmina
1,0,1,2016,Dobre warunki atmosferyczne,Najechanie na pieszego,Dobre warunki atmosferyczne,Światło dzienne,Przejście dla pieszych,EWK-104235752G,12,2016-04-28,Lekko,21*09'459,51*25'055,P5301W,Obszar zabudowany,,Droga powiatowa,Dwie jezdnie jednokierunkowe,N,POWIAT RADOM,RADOM - OBSZAR MIEJSKI
1,0,0,2016,Dobre warunki atmosferyczne,Najechanie na pieszego,Dobre warunki atmosferyczne,Światło dzienne,Przejście dla pieszych,EWK-104235752G,12,2016-04-28,Nieokreślone (puste pole),21*09'459,51*25'055,P5301W,Obszar zabudowany,,Droga powiatowa,Dwie jezdnie jednokierunkowe,N,POWIAT RADOM,RADOM - OBSZAR MIEJSKI
1,0,1,2016,Dobre warunki atmosferyczne,Najechanie na pieszego,Dobre warunki atmosferyczne,Światło dzienne,Przejście dla pieszych,EWK-104235773M,9,2016-04-28,Lekko,21*10'360,51*24'524,P5329W,Obszar zabudowany,,Droga powiatowa,Jednojezdniowa dwukierunkowa,N,POWIAT RADOM,RADOM - OBSZAR MIEJSKI
1,0,0,2016,Dobre warunki atmosferyczne,Najechanie na pieszego,Dobre warunki atmosferyczne,Światło dzienne,Przejście dla pieszych,EWK-104235773M,9,2016-04-28,Nieokreślone (puste pole),21*10'360,51*24'524,P5329W,Obszar zabudowany,,Droga powiatowa,Jednojezdniowa dwukierunkowa,N,POWIAT RADOM,RADOM - OBSZAR MIEJSKI
1,1,0,2016,Dobre warunki atmosferyczne,Najechanie na pieszego,Dobre warunki atmosferyczne,Światło dzienne,Przejście dla pieszych,EWK-104242160U,7,2016-04-29,Nieokreślone (puste pole),21*26'503,51*28'275,P3523W,Obszar zabudowany,Odcinek prosty,Droga powiatowa,Jednojezdniowa dwukierunkowa,N,POWIAT RADOMSKI,PIONKI - OBSZAR MIEJSKI
1,0,1,2016,Dobre warunki atmosferyczne,Najechanie na pieszego,Dobre warunki atmosferyczne,Światło dzienne,Przejście dla pieszych,EWK-104272660F,9,2016-05-06,Ciężko,19*27'534,52*25'350,P1460W,Obszar zabudowany,,Droga powiatowa,Jednojezdniowa dwukierunkowa,N,POWIAT GOSTYNIŃSKI,GOSTYNIN - OBSZAR MIEJSKI
1,0,1,2016,Dobre warunki atmosferyczne,Najechanie na pieszego,Dobre warunki atmosferyczne,Światło dzienne,Przejście dla pieszych,EWK-104272660F,9,2016-05-06,Lekko,19*27'534,52*25'350,P1460W,Obszar zabudowany,,Droga powiatowa,Jednojezdniowa dwukierunkowa,N,POWIAT GOSTYNIŃSKI,GOSTYNIN - OBSZAR MIEJSKI
1,0,0,2016,Dobre warunki atmosferyczne,Najechanie na pieszego,Dobre warunki atmosferyczne,Światło dzienne,Przejście dla pieszych,EWK-104272660F,9,2016-05-06,Nieokreślone (puste pole),19*27'534,52*25'350,P1460W,Obszar zabudowany,,Droga powiatowa,Jednojezdniowa dwukierunkowa,N,POWIAT GOSTYNIŃSKI,GOSTYNIN - OBSZAR MIEJSKI
1,0,1,2016,Dobre warunki atmosferyczne,Najechanie na pieszego,Dobre warunki atmosferyczne,Światło dzienne,Przejście dla pieszych,EWK-104272685H,14,2016-05-06,Lekko,19*28'034,52*25'123,,Obszar zabudowany,Odcinek prosty,Nieokreślone (puste pole),Jednojezdniowa dwukierunkowa,N,POWIAT GOSTYNIŃSKI,GOSTYNIN - OBSZAR MIEJSKI
1,0,0,2016,Dobre warunki atmosferyczne,Najechanie na pieszego,Dobre warunki atmosferyczne,Światło dzienne,Przejście dla pieszych,EWK-104272685H,14,2016-05-06,Nieokreślone (puste pole),19*28'034,52*25'123,,Obszar zabudowany,Odcinek prosty,Nieokreślone (puste pole),Jednojezdniowa dwukierunkowa,N,POWIAT GOSTYNIŃSKI,GOSTYNIN - OBSZAR MIEJSKI
1,0,1,2016,Dobre warunki atmosferyczne,Najechanie na pieszego,Dobre warunki atmosferyczne,Światło dzienne,Przejście dla pieszych,EWK-104278021X,17,2016-05-09,Lekko,19*27'509,52*25'237,G140142W,Obszar zabudowany,Odcinek prosty,Droga gminna,Jednojezdniowa dwukierunkowa,N,POWIAT GOSTYNIŃSKI,GOSTYNIN - OBSZAR MIEJSKI
1,0,0,2016,Dobre warunki atmosferyczne,Najechanie na pieszego,Dobre warunki atmosferyczne,Światło dzienne,Przejście dla pieszych,EWK-104278021X,17,2016-05-09,Nieokreślone (puste pole),19*27'509,52*25'237,G140142W,Obszar zabudowany,Odcinek prosty,Droga gminna,Jednojezdniowa dwukierunkowa,N,POWIAT GOSTYNIŃSKI,GOSTYNIN - OBSZAR MIEJSKI
1,0,1,2016,Dobre warunki atmosferyczne,Najechanie na pieszego,Dobre warunki atmosferyczne,Światło dzienne,Przejście dla pieszych,EWK-104284664E,15,2016-05-10,Lekko,21*07'545,51*24'195,P5347W,Obszar zabudowany,Odcinek prosty,Droga powiatowa,Jednojezdniowa dwukierunkowa,N,POWIAT RADOM,RADOM - OBSZAR MIEJSKI
1,0,0,2016,Dobre warunki atmosferyczne,Najechanie na pieszego,Dobre warunki atmosferyczne,Światło dzienne,Przejście dla pieszych,EWK-104284664E,15,2016-05-10,Nieokreślone (puste pole),21*07'545,51*24'195,P5347W,Obszar zabudowany,Odcinek prosty,Droga powiatowa,Jednojezdniowa dwukierunkowa,N,POWIAT RADOM,RADOM - OBSZAR MIEJSKI
1,0,2,2016,Dobre warunki atmosferyczne,Najechanie na pieszego,Dobre warunki atmosferyczne,Światło dzienne,Przejście dla pieszych,EWK-104402426K,17,2016-05-25,Lekko,21*09'548,51*24'200,P5304W  ,Obszar zabudowany,Odcinek prosty,Droga powiatowa,Jednojezdniowa dwukierunkowa,N,POWIAT RADOM,RADOM - OBSZAR MIEJSKI
1,0,0,2016,Dobre warunki atmosferyczne,Najechanie na pieszego,Dobre warunki atmosferyczne,Światło dzienne,Przejście dla pieszych,EWK-104402426K,17,2016-05-25,Nieokreślone (puste pole),21*09'548,51*24'200,P5304W  ,Obszar zabudowany,Odcinek prosty,Droga powiatowa,Jednojezdniowa dwukierunkowa,N,POWIAT RADOM,RADOM - OBSZAR MIEJSKI
1,0,1,2016,Dobre warunki atmosferyczne,Najechanie na pieszego,Dobre warunki atmosferyczne,Światło dzienne,Przejście dla pieszych,EWK-104442548C,14,2016-06-07,Lekko,20*25'593,52*03'197,GMINNA,Obszar zabudowany,Odcinek prosty,Droga gminna,Jednojezdniowa dwukierunkowa,N,POWIAT ŻYRARDOWSKI,ŻYRARDÓW - OBSZAR MIEJSKI
1,0,0,2016,Dobre warunki atmosferyczne,Najechanie na pieszego,Dobre warunki atmosferyczne,Światło dzienne,Przejście dla pieszych,EWK-104442548C,14,2016-06-07,Nieokreślone (puste pole),20*25'593,52*03'197,GMINNA,Obszar zabudowany,Odcinek prosty,Droga gminna,Jednojezdniowa dwukierunkowa,N,POWIAT ŻYRARDOWSKI,ŻYRARDÓW - OBSZAR MIEJSKI
1,1,0,2016,Dobre warunki atmosferyczne,Najechanie na pieszego,Dobre warunki atmosferyczne,Światło dzienne,Przejście dla pieszych,EWK-104471425W,8,2016-06-13,Nieokreślone (puste pole),21*52'118,52*50'285,677,Obszar zabudowany,,Droga wojewódzka,Jednojezdniowa dwukierunkowa,N,POWIAT OSTROWSKI,OSTRÓW MAZOWIECKA - OBSZAR WIEJSKI
1,0,1,2016,Dobre warunki atmosferyczne,Najechanie na pieszego,Dobre warunki atmosferyczne,Światło dzienne,Przejście dla pieszych,EWK-104511209X,7,2016-06-10,Lekko,22*16'130,52*10'438,,Obszar zabudowany,Odcinek prosty,Nieokreślone (puste pole),Jednojezdniowa dwukierunkowa,N,POWIAT SIEDLCE,SIEDLCE - OBSZAR MIEJSKI
1,0,0,2016,Dobre warunki atmosferyczne,Najechanie na pieszego,Dobre warunki atmosferyczne,Światło dzienne,Przejście dla pieszych,EWK-104511209X,7,2016-06-10,Nieokreślone (puste pole),22*16'130,52*10'438,,Obszar zabudowany,Odcinek prosty,Nieokreślone (puste pole),Jednojezdniowa dwukierunkowa,N,POWIAT SIEDLCE,SIEDLCE - OBSZAR MIEJSKI
1,1,0,2016,Dobre warunki atmosferyczne,Najechanie na pieszego,Dobre warunki atmosferyczne,Światło dzienne,Przejście dla pieszych,EWK-104546546K,8,2016-06-29,Nieokreślone (puste pole),19*41'241,52*32'564,GMINNA,Obszar zabudowany,Odcinek prosty,Droga gminna,Jednojezdniowa dwukierunkowa,T,POWIAT PŁOCK,PŁOCK - OBSZAR MIEJSKI
1,0,1,2016,Dobre warunki atmosferyczne,Najechanie na pieszego,Dobre warunki atmosferyczne,Światło dzienne,Przejście dla pieszych,EWK-104550484G,16,2016-06-28,Ciężko,21*25'474,52*36'064,618,Obszar zabudowany,Odcinek prosty,Droga wojewódzka,Jednojezdniowa dwukierunkowa,N,POWIAT WYSZKOWSKI,WYSZKÓW - OBSZAR MIEJSKI
1,0,0,2016,Dobre warunki atmosferyczne,Najechanie na pieszego,Dobre warunki atmosferyczne,Światło dzienne,Przejście dla pieszych,EWK-104550484G,16,2016-06-28,Nieokreślone (puste pole),21*25'474,52*36'064,618,Obszar zabudowany,Odcinek prosty,Droga wojewódzka,Jednojezdniowa dwukierunkowa,N,POWIAT WYSZKOWSKI,WYSZKÓW - OBSZAR MIEJSKI
1,0,1,2016,Dobre warunki atmosferyczne,Najechanie na pieszego,Dobre warunki atmosferyczne,Światło dzienne,Przejście dla pieszych,EWK-104550890U,17,2016-06-30,Ciężko,21*09'262,51*24'267,P5301W,Obszar zabudowany,,Droga powiatowa,Jednojezdniowa dwukierunkowa,N,POWIAT RADOM,RADOM - OBSZAR MIEJSKI
1,0,0,2016,Dobre warunki atmosferyczne,Najechanie na pieszego,Dobre warunki atmosferyczne,Światło dzienne,Przejście dla pieszych,EWK-104550890U,17,2016-06-30,Nieokreślone (puste pole),21*09'262,51*24'267,P5301W,Obszar zabudowany,,Droga powiatowa,Jednojezdniowa dwukierunkowa,N,POWIAT RADOM,RADOM - OBSZAR MIEJSKI
1,0,1,2016,Dobre warunki atmosferyczne,Najechanie na pieszego,Dobre warunki atmosferyczne,Światło dzienne,Przejście dla pieszych,EWK-104624407A,18,2016-07-15,Ciężko,21*12'692,51*36'331,744,Obszar zabudowany,,Droga wojewódzka,Jednojezdniowa dwukierunkowa,N,POWIAT RADOM,RADOM - OBSZAR MIEJSKI
1,0,0,2016,Dobre warunki atmosferyczne,Najechanie na pieszego,Dobre warunki atmosferyczne,Światło dzienne,Przejście dla pieszych,EWK-104624407A,18,2016-07-15,Nieokreślone (puste pole),21*12'692,51*36'331,744,Obszar zabudowany,,Droga wojewódzka,Jednojezdniowa dwukierunkowa,N,POWIAT RADOM,RADOM - OBSZAR MIEJSKI
1,1,0,2016,Dobre warunki atmosferyczne,Najechanie na pieszego,Dobre warunki atmosferyczne,Światło dzienne,Przejście dla pieszych,EWK-104629683U,8,2016-07-20,Nieokreślone (puste pole),21*27'357,52*35'407,GMINNA,Obszar zabudowany,Odcinek prosty,Droga gminna,Dwie jezdnie jednokierunkowe,N,POWIAT WYSZKOWSKI,WYSZKÓW - OBSZAR MIEJSKI
1,0,1,2016,Dobre warunki atmosferyczne,Najechanie na pieszego,Dobre warunki atmosferyczne,Światło dzienne,Przejście dla pieszych,EWK-104634859J,16,2016-07-21,Lekko,19*41'211,52*32'456,P,Obszar zabudowany,Odcinek prosty,Droga powiatowa,Jednokierunkowa,N,POWIAT PŁOCK,PŁOCK - OBSZAR MIEJSKI
1,0,0,2016,Dobre warunki atmosferyczne,Najechanie na pieszego,Dobre warunki atmosferyczne,Światło dzienne,Przejście dla pieszych,EWK-104634859J,16,2016-07-21,Nieokreślone (puste pole),19*41'211,52*32'456,P,Obszar zabudowany,Odcinek prosty,Droga powiatowa,Jednokierunkowa,N,POWIAT PŁOCK,PŁOCK - OBSZAR MIEJSKI
1,0,1,2016,Dobre warunki atmosferyczne,Najechanie na pieszego,Dobre warunki atmosferyczne,Światło dzienne,Przejście dla pieszych,EWK-104665664M,10,2016-07-23,Lekko,21*09'076,51*24'267,P5339W,Obszar zabudowany,Odcinek prosty,Droga powiatowa,Jednojezdniowa dwukierunkowa,N,POWIAT RADOM,RADOM - OBSZAR MIEJSKI
1,0,0,2016,Dobre warunki atmosferyczne,Najechanie na pieszego,Dobre warunki atmosferyczne,Światło dzienne,Przejście dla pieszych,EWK-104665664M,10,2016-07-23,Nieokreślone (puste pole),21*09'076,51*24'267,P5339W,Obszar zabudowany,Odcinek prosty,Droga powiatowa,Jednojezdniowa dwukierunkowa,N,POWIAT RADOM,RADOM - OBSZAR MIEJSKI
1,0,1,2016,Dobre warunki atmosferyczne,Najechanie na pieszego,Dobre warunki atmosferyczne,Światło dzienne,Przejście dla pieszych,EWK-104668011F,10,2016-07-26,Lekko,21*34'158,53*04'517,GMINNA,Obszar zabudowany,,Droga gminna,Jednojezdniowa dwukierunkowa,N,POWIAT OSTROŁĘKA,OSTROŁĘKA - OBSZAR MIEJSKI
1,0,0,2016,Dobre warunki atmosferyczne,Najechanie na pieszego,Dobre warunki atmosferyczne,Światło dzienne,Przejście dla pieszych,EWK-104668011F,10,2016-07-26,Nieokreślone (puste pole),21*34'158,53*04'517,GMINNA,Obszar zabudowany,,Droga gminna,Jednojezdniowa dwukierunkowa,N,POWIAT OSTROŁĘKA,OSTROŁĘKA - OBSZAR MIEJSKI
1,0,1,2016,Dobre warunki atmosferyczne,Najechanie na pieszego,Dobre warunki atmosferyczne,Światło dzienne,Przejście dla pieszych,EWK-104703682F,18,2016-08-04,Ciężko,20*22'393,53*06'472,P2378W,Obszar zabudowany,Odcinek prosty,Droga powiatowa,Jednojezdniowa dwukierunkowa,N,POWIAT MŁAWSKI,MŁAWA - OBSZAR MIEJSKI
1,1,0,2016,Dobre warunki atmosferyczne,Najechanie na pieszego,Dobre warunki atmosferyczne,Światło dzienne,Przejście dla pieszych,EWK-104703682F,18,2016-08-04,Nieokreślone (puste pole),20*22'393,53*06'472,P2378W,Obszar zabudowany,Odcinek prosty,Droga powiatowa,Jednojezdniowa dwukierunkowa,N,POWIAT MŁAWSKI,MŁAWA - OBSZAR MIEJSKI
1,0,1,2016,Dobre warunki atmosferyczne,Najechanie na pieszego,Dobre warunki atmosferyczne,Światło dzienne,Przejście dla pieszych,EWK-104704093E,18,2016-08-04,Lekko,19*41'221,52*32'310,GMINNA,Obszar zabudowany,Odcinek prosty,Droga gminna,Jednojezdniowa dwukierunkowa,N,POWIAT PŁOCK,PŁOCK - OBSZAR MIEJSKI
1,0,0,2016,Dobre warunki atmosferyczne,Najechanie na pieszego,Dobre warunki atmosferyczne,Światło dzienne,Przejście dla pieszych,EWK-104704093E,18,2016-08-04,Nieokreślone (puste pole),19*41'221,52*32'310,GMINNA,Obszar zabudowany,Odcinek prosty,Droga gminna,Jednojezdniowa dwukierunkowa,N,POWIAT PŁOCK,PŁOCK - OBSZAR MIEJSKI
1,0,1,2016,Dobre warunki atmosferyczne,Najechanie na pieszego,Dobre warunki atmosferyczne,Światło dzienne,Przejście dla pieszych,EWK-104719644R,17,2016-08-07,Lekko,21*13'257,52*58'251,626,Obszar zabudowany,"Zakręt, łuk",Droga wojewódzka,Jednojezdniowa dwukierunkowa,N,POWIAT MAKOWSKI,SYPNIEWO - OBSZAR WIEJSKI
1,0,0,2016,Dobre warunki atmosferyczne,Najechanie na pieszego,Dobre warunki atmosferyczne,Światło dzienne,Przejście dla pieszych,EWK-104719644R,17,2016-08-07,Nieokreślone (puste pole),21*13'257,52*58'251,626,Obszar zabudowany,"Zakręt, łuk",Droga wojewódzka,Jednojezdniowa dwukierunkowa,N,POWIAT MAKOWSKI,SYPNIEWO - OBSZAR WIEJSKI
1,1,0,2016,Dobre warunki atmosferyczne,Najechanie na pieszego,Dobre warunki atmosferyczne,Światło dzienne,Przejście dla pieszych,EWK-104737410C,10,2016-08-17,Nieokreślone (puste pole),20*04'550,52*17'286,577,Obszar zabudowany,Odcinek prosty,Droga wojewódzka,Jednojezdniowa dwukierunkowa,N,POWIAT SOCHACZEWSKI,IŁÓW - OBSZAR WIEJSKI
1,0,1,2016,Dobre warunki atmosferyczne,Najechanie na pieszego,Dobre warunki atmosferyczne,Światło dzienne,Przejście dla pieszych,EWK-104756890Q,15,2016-08-20,Lekko,20*53'494,53*15'357,57,Obszar zabudowany,Odcinek prosty,Droga krajowa,Jednojezdniowa dwukierunkowa,T,POWIAT PRZASNYSKI,CHORZELE - OBSZAR MIEJSKI
1,0,0,2016,Dobre warunki atmosferyczne,Najechanie na pieszego,Dobre warunki atmosferyczne,Światło dzienne,Przejście dla pieszych,EWK-104756890Q,15,2016-08-20,Nieokreślone (puste pole),20*53'494,53*15'357,57,Obszar zabudowany,Odcinek prosty,Droga krajowa,Jednojezdniowa dwukierunkowa,T,POWIAT PRZASNYSKI,CHORZELE - OBSZAR MIEJSKI
1,0,1,2016,Dobre warunki atmosferyczne,Najechanie na pieszego,Dobre warunki atmosferyczne,Światło dzienne,Przejście dla pieszych,EWK-104761071L,11,2016-08-23,Lekko,19*40'087,52*51'181,541,Obszar zabudowany,Odcinek prosty,Droga wojewódzka,Jednojezdniowa dwukierunkowa,N,POWIAT SIERPECKI,SIERPC - OBSZAR MIEJSKI
1,0,0,2016,Dobre warunki atmosferyczne,Najechanie na pieszego,Dobre warunki atmosferyczne,Światło dzienne,Przejście dla pieszych,EWK-104761071L,11,2016-08-23,Nieokreślone (puste pole),19*40'087,52*51'181,541,Obszar zabudowany,Odcinek prosty,Droga wojewódzka,Jednojezdniowa dwukierunkowa,N,POWIAT SIERPECKI,SIERPC - OBSZAR MIEJSKI
1,0,1,2016,Dobre warunki atmosferyczne,Najechanie na pieszego,Dobre warunki atmosferyczne,Światło dzienne,Przejście dla pieszych,EWK-104770282M,7,2016-08-19,Ciężko,22*18'468,52*09'575,,Obszar zabudowany,,Nieokreślone (puste pole),Jednojezdniowa dwukierunkowa,N,POWIAT SIEDLCE,SIEDLCE - OBSZAR MIEJSKI
1,0,0,2016,Dobre warunki atmosferyczne,Najechanie na pieszego,Dobre warunki atmosferyczne,Światło dzienne,Przejście dla pieszych,EWK-104770282M,7,2016-08-19,Nieokreślone (puste pole),22*18'468,52*09'575,,Obszar zabudowany,,Nieokreślone (puste pole),Jednojezdniowa dwukierunkowa,N,POWIAT SIEDLCE,SIEDLCE - OBSZAR MIEJSKI
1,0,1,2016,Dobre warunki atmosferyczne,Najechanie na pieszego,Dobre warunki atmosferyczne,Światło dzienne,Przejście dla pieszych,EWK-104771647F,16,2016-08-24,Ciężko,21*10'047,51*23'338,P5309W,Obszar zabudowany,Odcinek prosty,Droga powiatowa,Jednojezdniowa dwukierunkowa,N,POWIAT RADOM,RADOM - OBSZAR MIEJSKI
1,0,0,2016,Dobre warunki atmosferyczne,Najechanie na pieszego,Dobre warunki atmosferyczne,Światło dzienne,Przejście dla pieszych,EWK-104771647F,16,2016-08-24,Nieokreślone (puste pole),21*10'047,51*23'338,P5309W,Obszar zabudowany,Odcinek prosty,Droga powiatowa,Jednojezdniowa dwukierunkowa,N,POWIAT RADOM,RADOM - OBSZAR MIEJSKI
1,0,1,2016,Dobre warunki atmosferyczne,Najechanie na pieszego,Dobre warunki atmosferyczne,Światło dzienne,Przejście dla pieszych,EWK-104773337E,9,2016-08-25,Lekko,20*14'449,52*13'497,705,Obszar zabudowany,,Droga wojewódzka,Jednojezdniowa dwukierunkowa,N,POWIAT SOCHACZEWSKI,SOCHACZEW - OBSZAR MIEJSKI
1,0,0,2016,Dobre warunki atmosferyczne,Najechanie na pieszego,Dobre warunki atmosferyczne,Światło dzienne,Przejście dla pieszych,EWK-104773337E,9,2016-08-25,Nieokreślone (puste pole),20*14'449,52*13'497,705,Obszar zabudowany,,Droga wojewódzka,Jednojezdniowa dwukierunkowa,N,POWIAT SOCHACZEWSKI,SOCHACZEW - OBSZAR MIEJSKI
1,0,1,2016,Dobre warunki atmosferyczne,Najechanie na pieszego,Dobre warunki atmosferyczne,Światło dzienne,Przejście dla pieszych,EWK-104783266D,10,2016-08-16,Ciężko,22*17'247,52*10'034,,Obszar zabudowany,,Nieokreślone (puste pole),Jednojezdniowa dwukierunkowa,N,POWIAT SIEDLCE,SIEDLCE - OBSZAR MIEJSKI
1,0,0,2016,Dobre warunki atmosferyczne,Najechanie na pieszego,Dobre warunki atmosferyczne,Światło dzienne,Przejście dla pieszych,EWK-104783266D,10,2016-08-16,Nieokreślone (puste pole),22*17'247,52*10'034,,Obszar zabudowany,,Nieokreślone (puste pole),Jednojezdniowa dwukierunkowa,N,POWIAT SIEDLCE,SIEDLCE - OBSZAR MIEJSKI
1,0,1,2016,Dobre warunki atmosferyczne,Najechanie na pieszego,Dobre warunki atmosferyczne,Światło dzienne,Przejście dla pieszych,EWK-104808571P,13,2016-08-02,Ciężko,21*36'592,51*53'431,GMINNA,Obszar zabudowany,Odcinek prosty,Droga gminna,Jednojezdniowa dwukierunkowa,N,POWIAT GARWOLIŃSKI,GARWOLIN - OBSZAR MIEJSKI
1,0,0,2016,Dobre warunki atmosferyczne,Najechanie na pieszego,Dobre warunki atmosferyczne,Światło dzienne,Przejście dla pieszych,EWK-104808571P,13,2016-08-02,Nieokreślone (puste pole),21*36'592,51*53'431,GMINNA,Obszar zabudowany,Odcinek prosty,Droga gminna,Jednojezdniowa dwukierunkowa,N,POWIAT GARWOLIŃSKI,GARWOLIN - OBSZAR MIEJSKI
1,0,1,2016,Dobre warunki atmosferyczne,Najechanie na pieszego,Dobre warunki atmosferyczne,Światło dzienne,Przejście dla pieszych,EWK-104809398E,13,2016-09-01,Lekko,21*08'361,51*24'375,P5305W,Obszar zabudowany,Odcinek prosty,Droga powiatowa,Dwie jezdnie jednokierunkowe,N,POWIAT RADOM,RADOM - OBSZAR MIEJSKI
1,0,0,2016,Dobre warunki atmosferyczne,Najechanie na pieszego,Dobre warunki atmosferyczne,Światło dzienne,Przejście dla pieszych,EWK-104809398E,13,2016-09-01,Nieokreślone (puste pole),21*08'361,51*24'375,P5305W,Obszar zabudowany,Odcinek prosty,Droga powiatowa,Dwie jezdnie jednokierunkowe,N,POWIAT RADOM,RADOM - OBSZAR MIEJSKI
1,0,1,2016,Dobre warunki atmosferyczne,Najechanie na pieszego,Dobre warunki atmosferyczne,Światło dzienne,Przejście dla pieszych,EWK-104816285G,15,2016-09-03,Lekko,21*09'284,51*24'515,P5305W,Obszar zabudowany,Odcinek prosty,Droga powiatowa,Dwie jezdnie jednokierunkowe,N,POWIAT RADOM,RADOM - OBSZAR MIEJSKI
1,0,0,2016,Dobre warunki atmosferyczne,Najechanie na pieszego,Dobre warunki atmosferyczne,Światło dzienne,Przejście dla pieszych,EWK-104816285G,15,2016-09-03,Nieokreślone (puste pole),21*09'284,51*24'515,P5305W,Obszar zabudowany,Odcinek prosty,Droga powiatowa,Dwie jezdnie jednokierunkowe,N,POWIAT RADOM,RADOM - OBSZAR MIEJSKI
1,0,1,2016,Dobre warunki atmosferyczne,Najechanie na pieszego,Dobre warunki atmosferyczne,Światło dzienne,Przejście dla pieszych,EWK-104823288F,17,2016-09-07,Lekko,22*16'432,52*10'623,,Obszar zabudowany,Odcinek prosty,Nieokreślone (puste pole),Jednojezdniowa dwukierunkowa,N,POWIAT SIEDLCE,SIEDLCE - OBSZAR MIEJSKI
1,0,0,2016,Dobre warunki atmosferyczne,Najechanie na pieszego,Dobre warunki atmosferyczne,Światło dzienne,Przejście dla pieszych,EWK-104823288F,17,2016-09-07,Nieokreślone (puste pole),22*16'432,52*10'623,,Obszar zabudowany,Odcinek prosty,Nieokreślone (puste pole),Jednojezdniowa dwukierunkowa,N,POWIAT SIEDLCE,SIEDLCE - OBSZAR MIEJSKI
1,0,1,2016,Dobre warunki atmosferyczne,Najechanie na pieszego,Dobre warunki atmosferyczne,Światło dzienne,Przejście dla pieszych,EWK-104857231G,13,2016-09-19,Lekko,21*34'135,53*05'184,61,Obszar zabudowany,,Droga krajowa,Jednojezdniowa dwukierunkowa,N,POWIAT OSTROŁĘKA,OSTROŁĘKA - OBSZAR MIEJSKI
1,0,0,2016,Dobre warunki atmosferyczne,Najechanie na pieszego,Dobre warunki atmosferyczne,Światło dzienne,Przejście dla pieszych,EWK-104857231G,13,2016-09-19,Nieokreślone (puste pole),21*34'135,53*05'184,61,Obszar zabudowany,,Droga krajowa,Jednojezdniowa dwukierunkowa,N,POWIAT OSTROŁĘKA,OSTROŁĘKA - OBSZAR MIEJSKI
1,0,1,2016,Dobre warunki atmosferyczne,Najechanie na pieszego,Dobre warunki atmosferyczne,Światło dzienne,Przejście dla pieszych,EWK-104858809U,15,2016-09-19,Lekko,20*22'303,53*06'584,544,Obszar zabudowany,,Droga wojewódzka,Jednojezdniowa dwukierunkowa,N,POWIAT MŁAWSKI,MŁAWA - OBSZAR MIEJSKI
1,0,0,2016,Dobre warunki atmosferyczne,Najechanie na pieszego,Dobre warunki atmosferyczne,Światło dzienne,Przejście dla pieszych,EWK-104858809U,15,2016-09-19,Nieokreślone (puste pole),20*22'303,53*06'584,544,Obszar zabudowany,,Droga wojewódzka,Jednojezdniowa dwukierunkowa,N,POWIAT MŁAWSKI,MŁAWA - OBSZAR MIEJSKI
1,0,1,2016,Dobre warunki atmosferyczne,Najechanie na pieszego,Dobre warunki atmosferyczne,Światło dzienne,Przejście dla pieszych,EWK-104877151W,13,2016-09-25,Ciężko,21*07'507,51*23'306,P3564W,Obszar zabudowany,Odcinek prosty,Droga powiatowa,Jednojezdniowa dwukierunkowa,N,POWIAT RADOM,RADOM - OBSZAR MIEJSKI
1,0,0,2016,Dobre warunki atmosferyczne,Najechanie na pieszego,Dobre warunki atmosferyczne,Światło dzienne,Przejście dla pieszych,EWK-104877151W,13,2016-09-25,Nieokreślone (puste pole),21*07'507,51*23'306,P3564W,Obszar zabudowany,Odcinek prosty,Droga powiatowa,Jednojezdniowa dwukierunkowa,N,POWIAT RADOM,RADOM - OBSZAR MIEJSKI