Liczba wypadków,Liczba zabitych,Liczba rannych,Rok,Warunki atmosferyczne,Rodzaj zdarzenia,Warunki atmosferyczne,Oświetlenie,Charakterystyka miejsca zdarzenia,IDKSIP zdarzenia,Godzina,Dzień,Ranny,GPS x,GPS y,Numer drogi,Obszar,Geometria drogi,Kategoria drogi 1,Rodzaj drogi,Czy w zdarzeniu był sprawca nietrzeźwy,Powiat,Gmina
1,0,1,2016,Dobre warunki atmosferyczne,Najechanie na pojazd unieruchomiony,Dobre warunki atmosferyczne,Noc - droga oświetlona,Jezdnia,EWK-104671934C,0,2016-07-25,Ciężko,20*24'513,52*03'350,GMINNA,Obszar zabudowany,Odcinek prosty,Droga gminna,Jednojezdniowa dwukierunkowa,N,POWIAT ŻYRARDOWSKI,ŻYRARDÓW - OBSZAR MIEJSKI
1,0,0,2016,Dobre warunki atmosferyczne,Najechanie na pojazd unieruchomiony,Dobre warunki atmosferyczne,Noc - droga oświetlona,Jezdnia,EWK-104671934C,0,2016-07-25,Nieokreślone (puste pole),20*24'513,52*03'350,GMINNA,Obszar zabudowany,Odcinek prosty,Droga gminna,Jednojezdniowa dwukierunkowa,N,POWIAT ŻYRARDOWSKI,ŻYRARDÓW - OBSZAR MIEJSKI
1,0,2,2016,Dobre warunki atmosferyczne,Najechanie na pojazd unieruchomiony,Dobre warunki atmosferyczne,Noc - droga oświetlona,Pobocze,EWK-104463865G,1,2016-06-12,Lekko,20*41'033,51*23'242,34359W,Obszar niezabudowany,Odcinek prosty,Droga powiatowa,Jednojezdniowa dwukierunkowa,N,POWIAT PRZYSUSKI,PRZYSUCHA - OBSZAR WIEJSKI
1,0,0,2016,Dobre warunki atmosferyczne,Najechanie na pojazd unieruchomiony,Dobre warunki atmosferyczne,Noc - droga oświetlona,Pobocze,EWK-104463865G,1,2016-06-12,Nieokreślone (puste pole),20*41'033,51*23'242,34359W,Obszar niezabudowany,Odcinek prosty,Droga powiatowa,Jednojezdniowa dwukierunkowa,N,POWIAT PRZYSUSKI,PRZYSUCHA - OBSZAR WIEJSKI
1,0,1,2016,Dobre warunki atmosferyczne,Najechanie na pojazd unieruchomiony,Dobre warunki atmosferyczne,Światło dzienne,Jezdnia,EWK-104243967D,18,2016-04-30,Ciężko,21*50'346,52*34'106,P4208W,Obszar zabudowany,Odcinek prosty,Droga powiatowa,Jednojezdniowa dwukierunkowa,N,POWIAT WĘGROWSKI,STOCZEK - OBSZAR WIEJSKI
1,0,0,2016,Dobre warunki atmosferyczne,Najechanie na pojazd unieruchomiony,Dobre warunki atmosferyczne,Światło dzienne,Jezdnia,EWK-104243967D,18,2016-04-30,Nieokreślone (puste pole),21*50'346,52*34'106,P4208W,Obszar zabudowany,Odcinek prosty,Droga powiatowa,Jednojezdniowa dwukierunkowa,N,POWIAT WĘGROWSKI,STOCZEK - OBSZAR WIEJSKI
1,0,1,2016,Dobre warunki atmosferyczne,Najechanie na pojazd unieruchomiony,Dobre warunki atmosferyczne,Światło dzienne,Jezdnia,EWK-104577701P,16,2016-07-05,Ciężko,21*13'555,51*53'000,79,Obszar niezabudowany,Odcinek prosty,Droga krajowa,Jednojezdniowa dwukierunkowa,N,POWIAT GRÓJECKI,WARKA - OBSZAR WIEJSKI
1,0,0,2016,Dobre warunki atmosferyczne,Najechanie na pojazd unieruchomiony,Dobre warunki atmosferyczne,Światło dzienne,Jezdnia,EWK-104577701P,16,2016-07-05,Nieokreślone (puste pole),21*13'555,51*53'000,79,Obszar niezabudowany,Odcinek prosty,Droga krajowa,Jednojezdniowa dwukierunkowa,N,POWIAT GRÓJECKI,WARKA - OBSZAR WIEJSKI
1,0,1,2016,Dobre warunki atmosferyczne,Najechanie na pojazd unieruchomiony,Dobre warunki atmosferyczne,Światło dzienne,Jezdnia,EWK-104684491E,17,2016-07-28,Lekko,21*27'290,52*30'069,P1811W,Obszar niezabudowany,Odcinek prosty,Droga powiatowa,Jednojezdniowa dwukierunkowa,N,POWIAT WYSZKOWSKI,ZABRODZIE - OBSZAR WIEJSKI
1,0,0,2016,Dobre warunki atmosferyczne,Najechanie na pojazd unieruchomiony,Dobre warunki atmosferyczne,Światło dzienne,Jezdnia,EWK-104684491E,17,2016-07-28,Nieokreślone (puste pole),21*27'290,52*30'069,P1811W,Obszar niezabudowany,Odcinek prosty,Droga powiatowa,Jednojezdniowa dwukierunkowa,N,POWIAT WYSZKOWSKI,ZABRODZIE - OBSZAR WIEJSKI
1,0,1,2016,Dobre warunki atmosferyczne,Najechanie na pojazd unieruchomiony,Dobre warunki atmosferyczne,Światło dzienne,Jezdnia,EWK-104760859Y,13,2016-08-23,Ciężko,19*31'008,52*34'233,62,Obszar niezabudowany,Odcinek prosty,Droga krajowa,Jednojezdniowa dwukierunkowa,N,POWIAT PŁOCKI,NOWY DUNINÓW - OBSZAR WIEJSKI
1,0,0,2016,Dobre warunki atmosferyczne,Najechanie na pojazd unieruchomiony,Dobre warunki atmosferyczne,Światło dzienne,Jezdnia,EWK-104760859Y,13,2016-08-23,Nieokreślone (puste pole),19*31'008,52*34'233,62,Obszar niezabudowany,Odcinek prosty,Droga krajowa,Jednojezdniowa dwukierunkowa,N,POWIAT PŁOCKI,NOWY DUNINÓW - OBSZAR WIEJSKI
1,0,1,2016,Dobre warunki atmosferyczne,"Najechanie na słup, znak",Dobre warunki atmosferyczne,Noc - droga nieoświetlona,Jezdnia,EWK-103945051Y,22,2016-02-27,Lekko,19*53'370,53*03'561,541,Obszar zabudowany,Odcinek prosty,Droga wojewódzka,Jednojezdniowa dwukierunkowa,N,POWIAT ŻUROMIŃSKI,ŻUROMIN - OBSZAR MIEJSKI
1,0,0,2016,Dobre warunki atmosferyczne,"Najechanie na słup, znak",Dobre warunki atmosferyczne,Noc - droga nieoświetlona,Jezdnia,EWK-103945051Y,22,2016-02-27,Nieokreślone (puste pole),19*53'370,53*03'561,541,Obszar zabudowany,Odcinek prosty,Droga wojewódzka,Jednojezdniowa dwukierunkowa,N,POWIAT ŻUROMIŃSKI,ŻUROMIN - OBSZAR MIEJSKI
1,1,0,2016,Dobre warunki atmosferyczne,"Najechanie na słup, znak",Dobre warunki atmosferyczne,Noc - droga nieoświetlona,Jezdnia,EWK-104591252H,1,2016-07-11,Nieokreślone (puste pole),22*17'535,52*29'595,63,Obszar zabudowany,"Zakręt, łuk",Droga krajowa,Jednojezdniowa dwukierunkowa,T,POWIAT SOKOŁOWSKI,SABNIE - OBSZAR WIEJSKI
1,0,1,2016,Dobre warunki atmosferyczne,"Najechanie na słup, znak",Dobre warunki atmosferyczne,Noc - droga oświetlona,Jezdnia,EWK-104165097F,21,2016-04-09,Ciężko,19*38'172,52*48'073,P3733W,Obszar niezabudowany,Odcinek prosty,Droga powiatowa,Jednojezdniowa dwukierunkowa,N,POWIAT SIERPECKI,SIERPC - OBSZAR WIEJSKI
1,0,0,2016,Dobre warunki atmosferyczne,"Najechanie na słup, znak",Dobre warunki atmosferyczne,Noc - droga oświetlona,Jezdnia,EWK-104165097F,21,2016-04-09,Nieokreślone (puste pole),19*38'172,52*48'073,P3733W,Obszar niezabudowany,Odcinek prosty,Droga powiatowa,Jednojezdniowa dwukierunkowa,N,POWIAT SIERPECKI,SIERPC - OBSZAR WIEJSKI
1,0,1,2016,Dobre warunki atmosferyczne,"Najechanie na słup, znak",Dobre warunki atmosferyczne,Noc - droga oświetlona,Jezdnia,EWK-104473043Q,22,2016-06-12,Ciężko,21*08'162,51*28'015,7,Obszar niezabudowany,Odcinek prosty,Droga krajowa,Dwie jezdnie jednokierunkowe,N,POWIAT RADOMSKI,JEDLIŃSK - OBSZAR WIEJSKI
1,1,0,2016,Dobre warunki atmosferyczne,"Najechanie na słup, znak",Dobre warunki atmosferyczne,Noc - droga oświetlona,Jezdnia,EWK-104771713D,20,2016-08-25,Nieokreślone (puste pole),21*06'331,51*23'212,G530017W,Obszar zabudowany,"Zakręt, łuk",Droga gminna,Jednojezdniowa dwukierunkowa,N,POWIAT RADOM,RADOM - OBSZAR MIEJSKI
1,0,1,2016,Dobre warunki atmosferyczne,"Najechanie na słup, znak",Dobre warunki atmosferyczne,Noc - droga oświetlona,Jezdnia,EWK-104786567R,20,2016-08-19,Ciężko,21*26'167,52*42'109,GMINNA,Obszar zabudowany,Odcinek prosty,Droga gminna,Jednojezdniowa dwukierunkowa,N,POWIAT WYSZKOWSKI,RZĄŚNIK - OBSZAR WIEJSKI
1,0,1,2016,Dobre warunki atmosferyczne,"Najechanie na słup, znak",Dobre warunki atmosferyczne,Noc - droga oświetlona,Jezdnia,EWK-104786567R,20,2016-08-19,Lekko,21*26'167,52*42'109,GMINNA,Obszar zabudowany,Odcinek prosty,Droga gminna,Jednojezdniowa dwukierunkowa,N,POWIAT WYSZKOWSKI,RZĄŚNIK - OBSZAR WIEJSKI
1,1,0,2016,Dobre warunki atmosferyczne,"Najechanie na słup, znak",Dobre warunki atmosferyczne,Noc - droga oświetlona,Jezdnia,EWK-105057574J,5,2016-11-13,Nieokreślone (puste pole),20*42'587,51*25'203,G330938W,Obszar zabudowany,"Zakręt, łuk",Droga gminna,Jednojezdniowa dwukierunkowa,T,POWIAT PRZYSUSKI,PRZYSUCHA - OBSZAR WIEJSKI
1,0,3,2016,Dobre warunki atmosferyczne,"Najechanie na słup, znak",Dobre warunki atmosferyczne,Noc - droga oświetlona,Jezdnia,EWK-105090786E,22,2016-11-12,Lekko,19*47'004,52*49'038,10,Obszar niezabudowany,Odcinek prosty,Droga krajowa,Jednojezdniowa dwukierunkowa,T,POWIAT SIERPECKI,ZAWIDZ - OBSZAR WIEJSKI
1,0,1,2016,Dobre warunki atmosferyczne,"Najechanie na słup, znak",Dobre warunki atmosferyczne,"Zmrok, świt",Jezdnia,EWK-104417384F,4,2016-05-29,Lekko,21*03'288,51*24'224,P3503W,Obszar zabudowany,Odcinek prosty,Droga powiatowa,Jednojezdniowa dwukierunkowa,N,POWIAT RADOMSKI,ZAKRZEW - OBSZAR WIEJSKI
1,0,1,2016,Dobre warunki atmosferyczne,"Najechanie na słup, znak",Dobre warunki atmosferyczne,Światło dzienne,Jezdnia,EWK-103998408P,8,2016-03-04,Lekko,19*40'295,52*51'417,10,Obszar zabudowany,,Droga krajowa,Jednojezdniowa dwukierunkowa,N,POWIAT SIERPECKI,SIERPC - OBSZAR MIEJSKI
1,0,0,2016,Dobre warunki atmosferyczne,"Najechanie na słup, znak",Dobre warunki atmosferyczne,Światło dzienne,Jezdnia,EWK-103998408P,8,2016-03-04,Nieokreślone (puste pole),19*40'295,52*51'417,10,Obszar zabudowany,,Droga krajowa,Jednojezdniowa dwukierunkowa,N,POWIAT SIERPECKI,SIERPC - OBSZAR MIEJSKI
1,0,1,2016,Dobre warunki atmosferyczne,"Najechanie na słup, znak",Dobre warunki atmosferyczne,Światło dzienne,Jezdnia,EWK-104128884K,16,2016-04-03,Ciężko,21*09'518,51*23'139,P5331W,Obszar zabudowany,,Droga powiatowa,Jednojezdniowa dwukierunkowa,N,POWIAT RADOM,RADOM - OBSZAR MIEJSKI
1,0,0,2016,Dobre warunki atmosferyczne,"Najechanie na słup, znak",Dobre warunki atmosferyczne,Światło dzienne,Jezdnia,EWK-104128884K,16,2016-04-03,Nieokreślone (puste pole),21*09'518,51*23'139,P5331W,Obszar zabudowany,,Droga powiatowa,Jednojezdniowa dwukierunkowa,N,POWIAT RADOM,RADOM - OBSZAR MIEJSKI
1,0,1,2016,Dobre warunki atmosferyczne,"Najechanie na słup, znak",Dobre warunki atmosferyczne,Światło dzienne,Jezdnia,EWK-104255991K,5,2016-05-01,Ciężko,21*14'123,51*18'267,733,Obszar niezabudowany,"Zakręt, łuk",Droga wojewódzka,Jednojezdniowa dwukierunkowa,T,POWIAT RADOMSKI,SKARYSZEW - OBSZAR WIEJSKI
1,1,0,2016,Dobre warunki atmosferyczne,"Najechanie na słup, znak",Dobre warunki atmosferyczne,Światło dzienne,Jezdnia,EWK-104255991K,5,2016-05-01,Nieokreślone (puste pole),21*14'123,51*18'267,733,Obszar niezabudowany,"Zakręt, łuk",Droga wojewódzka,Jednojezdniowa dwukierunkowa,T,POWIAT RADOMSKI,SKARYSZEW - OBSZAR WIEJSKI
1,0,2,2016,Dobre warunki atmosferyczne,"Najechanie na słup, znak",Dobre warunki atmosferyczne,Światło dzienne,Jezdnia,EWK-104272364D,17,2016-05-08,Lekko,20*49'109,51*24'009,34364W,Obszar zabudowany,"Zakręt, łuk",Droga powiatowa,Jednojezdniowa dwukierunkowa,N,POWIAT PRZYSUSKI,WIENIAWA - OBSZAR WIEJSKI
1,0,1,2016,Dobre warunki atmosferyczne,"Najechanie na słup, znak",Dobre warunki atmosferyczne,Światło dzienne,Jezdnia,EWK-104434630E,16,2016-06-04,Ciężko,21*44'048,51*03'100,754,Obszar zabudowany,Odcinek prosty,Droga wojewódzka,Jednojezdniowa dwukierunkowa,T,POWIAT LIPSKI,SOLEC NAD WISŁĄ - OBSZAR WIEJSKI
1,0,1,2016,Dobre warunki atmosferyczne,"Najechanie na słup, znak",Dobre warunki atmosferyczne,Światło dzienne,Jezdnia,EWK-104473134E,3,2016-06-14,Lekko,21*13'384,51*25'356,737,Obszar zabudowany,Odcinek prosty,Droga wojewódzka,Jednojezdniowa dwukierunkowa,N,POWIAT RADOM,RADOM - OBSZAR MIEJSKI
1,0,1,2016,Dobre warunki atmosferyczne,"Najechanie na słup, znak",Dobre warunki atmosferyczne,Światło dzienne,Jezdnia,EWK-104537390A,19,2016-06-24,Lekko,21*09'013,51*22'329,P5334W,Obszar zabudowany,,Droga powiatowa,Jednojezdniowa dwukierunkowa,N,POWIAT RADOM,RADOM - OBSZAR MIEJSKI
1,0,0,2016,Dobre warunki atmosferyczne,"Najechanie na słup, znak",Dobre warunki atmosferyczne,Światło dzienne,Jezdnia,EWK-104537390A,19,2016-06-24,Nieokreślone (puste pole),21*09'013,51*22'329,P5334W,Obszar zabudowany,,Droga powiatowa,Jednojezdniowa dwukierunkowa,N,POWIAT RADOM,RADOM - OBSZAR MIEJSKI
1,0,1,2016,Dobre warunki atmosferyczne,"Najechanie na słup, znak",Dobre warunki atmosferyczne,Światło dzienne,Jezdnia,EWK-104591401M,20,2016-07-10,Lekko,21*30'120,51*25'230,787,Obszar zabudowany,Odcinek prosty,Droga wojewódzka,Jednojezdniowa dwukierunkowa,T,POWIAT RADOMSKI,PIONKI - OBSZAR WIEJSKI
1,0,1,2016,Dobre warunki atmosferyczne,"Najechanie na słup, znak",Dobre warunki atmosferyczne,Światło dzienne,Jezdnia,EWK-104624288F,13,2016-07-18,Lekko,20*22'694,52*14'209,GMINNA,Obszar zabudowany,"Zakręt, łuk",Droga gminna,Jednojezdniowa dwukierunkowa,N,POWIAT SOCHACZEWSKI,SOCHACZEW - OBSZAR MIEJSKI
1,0,0,2016,Dobre warunki atmosferyczne,"Najechanie na słup, znak",Dobre warunki atmosferyczne,Światło dzienne,Jezdnia,EWK-104624288F,13,2016-07-18,Nieokreślone (puste pole),20*22'694,52*14'209,GMINNA,Obszar zabudowany,"Zakręt, łuk",Droga gminna,Jednojezdniowa dwukierunkowa,N,POWIAT SOCHACZEWSKI,SOCHACZEW - OBSZAR MIEJSKI
1,0,1,2016,Dobre warunki atmosferyczne,"Najechanie na słup, znak",Dobre warunki atmosferyczne,Światło dzienne,Jezdnia,EWK-104719206J,10,2016-08-05,Ciężko,21*30'315,52*37'375,S8W,Obszar niezabudowany,Odcinek prosty,Droga krajowa,Ekspresowa,N,POWIAT WYSZKOWSKI,BRAŃSZCZYK - OBSZAR WIEJSKI
1,0,1,2016,Dobre warunki atmosferyczne,"Najechanie na słup, znak",Dobre warunki atmosferyczne,Światło dzienne,Jezdnia,EWK-104739238L,14,2016-08-15,Lekko,21*03'046,51*19'028,P4010W,Obszar zabudowany,Odcinek prosty,Droga powiatowa,Jednojezdniowa dwukierunkowa,N,POWIAT RADOMSKI,KOWALA - OBSZAR WIEJSKI
1,0,2,2016,Dobre warunki atmosferyczne,"Najechanie na słup, znak",Dobre warunki atmosferyczne,Światło dzienne,Jezdnia,EWK-104863533K,15,2016-09-20,Ciężko,21*28'325,52*36'422,GMINNA,Obszar zabudowany,"Zakręt, łuk",Droga gminna,Jednojezdniowa dwukierunkowa,N,POWIAT WYSZKOWSKI,WYSZKÓW - OBSZAR MIEJSKI
1,0,1,2016,Dobre warunki atmosferyczne,"Najechanie na słup, znak",Dobre warunki atmosferyczne,Światło dzienne,Jezdnia,EWK-104984679H,12,2016-10-30,Lekko,21*53'351,52*58'351,G250334W,Obszar zabudowany,"Zakręt, łuk",Droga gminna,Jednojezdniowa dwukierunkowa,N,POWIAT OSTROŁĘCKI,CZERWIN - OBSZAR WIEJSKI
1,0,1,2016,Dobre warunki atmosferyczne,"Najechanie na słup, znak",Dobre warunki atmosferyczne,Światło dzienne,Jezdnia,EWK-105321764P,8,2016-12-31,Lekko,21*08'412,51*24'450,P5305W,Obszar zabudowany,"Zakręt, łuk",Droga powiatowa,Dwie jezdnie jednokierunkowe,N,POWIAT RADOM,RADOM - OBSZAR MIEJSKI
1,0,1,2016,Dobre warunki atmosferyczne,"Najechanie na słup, znak",Dobre warunki atmosferyczne,Światło dzienne,Pobocze,EWK-104001502J,15,2016-03-06,Lekko,21*19'144,51*37'125,48,Obszar zabudowany,Odcinek prosty,Droga krajowa,Jednojezdniowa dwukierunkowa,N,POWIAT KOZIENICKI,GŁOWACZÓW - OBSZAR WIEJSKI
1,1,0,2016,Dobre warunki atmosferyczne,"Najechanie na słup, znak",Dobre warunki atmosferyczne,Światło dzienne,Pobocze,EWK-104188441K,19,2016-04-15,Nieokreślone (puste pole),20*14'108,52*43'099,P3025W,Obszar niezabudowany,Odcinek prosty,Droga powiatowa,Jednojezdniowa dwukierunkowa,T,POWIAT PŁOŃSKI,BABOSZEWO - OBSZAR WIEJSKI
1,0,1,2016,Dobre warunki atmosferyczne,"Najechanie na słup, znak",Dobre warunki atmosferyczne,Światło dzienne,Pobocze,EWK-104698819E,11,2016-08-02,Lekko,21*03'085,53*08'226,3234W,Obszar zabudowany,Odcinek prosty,Droga powiatowa,Jednojezdniowa dwukierunkowa,N,POWIAT PRZASNYSKI,JEDNOROŻEC - OBSZAR WIEJSKI
1,0,1,2016,Dobre warunki atmosferyczne,"Najechanie na słup, znak",Dobre warunki atmosferyczne,Światło dzienne,"Skarpa, rów",EWK-104402027X,20,2016-05-28,Ciężko,22*15'127,52*10'237,,Obszar zabudowany,Odcinek prosty,Nieokreślone (puste pole),Jednojezdniowa dwukierunkowa,N,POWIAT SIEDLCE,SIEDLCE - OBSZAR MIEJSKI
1,0,1,2016,Dobre warunki atmosferyczne,"Najechanie na słup, znak",Dobre warunki atmosferyczne,Światło dzienne,"Skarpa, rów",EWK-104733613J,18,2016-08-12,Lekko,20*43'442,51*30'279,740,Obszar zabudowany,Odcinek prosty,Droga wojewódzka,Jednojezdniowa dwukierunkowa,N,POWIAT PRZYSUSKI,POTWORÓW - OBSZAR WIEJSKI
1,0,0,2016,Dobre warunki atmosferyczne,"Najechanie na słup, znak",Dobre warunki atmosferyczne,Światło dzienne,"Skarpa, rów",EWK-104733613J,18,2016-08-12,Nieokreślone (puste pole),20*43'442,51*30'279,740,Obszar zabudowany,Odcinek prosty,Droga wojewódzka,Jednojezdniowa dwukierunkowa,N,POWIAT PRZYSUSKI,POTWORÓW - OBSZAR WIEJSKI
1,0,1,2016,Dobre warunki atmosferyczne,Najechanie na zwierzę,Dobre warunki atmosferyczne,Noc - droga nieoświetlona,Jezdnia,EWK-104015817R,18,2016-03-13,Ciężko,20*58'051,51*19'125,P3562W,Obszar niezabudowany,Odcinek prosty,Droga powiatowa,Jednojezdniowa dwukierunkowa,N,POWIAT SZYDŁOWIECKI,OROŃSKO - OBSZAR WIEJSKI
1,0,1,2016,Dobre warunki atmosferyczne,Najechanie na zwierzę,Dobre warunki atmosferyczne,Noc - droga nieoświetlona,Jezdnia,EWK-104725472P,3,2016-08-07,Lekko,20*55'425,51*16'229,7,Obszar zabudowany,Odcinek prosty,Droga krajowa,Jednojezdniowa dwukierunkowa,N,POWIAT SZYDŁOWIECKI,SZYDŁOWIEC - OBSZAR WIEJSKI
1,0,3,2016,Dobre warunki atmosferyczne,Najechanie na zwierzę,Dobre warunki atmosferyczne,Noc - droga nieoświetlona,Jezdnia,EWK-104818448J,20,2016-08-30,Lekko,21*41'158,51*49'370,17,Obszar niezabudowany,Odcinek prosty,Droga krajowa,Jednojezdniowa dwukierunkowa,N,POWIAT GARWOLIŃSKI,GÓRZNO - OBSZAR WIEJSKI
1,0,0,2016,Dobre warunki atmosferyczne,Najechanie na zwierzę,Dobre warunki atmosferyczne,Noc - droga nieoświetlona,Jezdnia,EWK-104818448J,20,2016-08-30,Nieokreślone (puste pole),21*41'158,51*49'370,17,Obszar niezabudowany,Odcinek prosty,Droga krajowa,Jednojezdniowa dwukierunkowa,N,POWIAT GARWOLIŃSKI,GÓRZNO - OBSZAR WIEJSKI
1,0,1,2016,Dobre warunki atmosferyczne,Najechanie na zwierzę,Dobre warunki atmosferyczne,Noc - droga nieoświetlona,Jezdnia,EWK-104848235P,20,2016-09-13,Lekko,19*41'319,52*39'337,540,Obszar zabudowany,Odcinek prosty; Spadek,Droga wojewódzka,Jednojezdniowa dwukierunkowa,N,POWIAT PŁOCKI,STARA BIAŁA - OBSZAR WIEJSKI
1,0,2,2016,Dobre warunki atmosferyczne,Najechanie na zwierzę,Dobre warunki atmosferyczne,Noc - droga nieoświetlona,Jezdnia,EWK-104916861U,2,2016-10-16,Ciężko,21*46'101,52*49'515,60,Obszar niezabudowany,Odcinek prosty,Droga krajowa,Jednojezdniowa dwukierunkowa,N,POWIAT OSTROWSKI,OSTRÓW MAZOWIECKA - OBSZAR WIEJSKI
1,1,0,2016,Dobre warunki atmosferyczne,Najechanie na zwierzę,Dobre warunki atmosferyczne,Noc - droga nieoświetlona,Jezdnia,EWK-104916861U,2,2016-10-16,Nieokreślone (puste pole),21*46'101,52*49'515,60,Obszar niezabudowany,Odcinek prosty,Droga krajowa,Jednojezdniowa dwukierunkowa,N,POWIAT OSTROWSKI,OSTRÓW MAZOWIECKA - OBSZAR WIEJSKI
1,0,1,2016,Dobre warunki atmosferyczne,Najechanie na zwierzę,Dobre warunki atmosferyczne,Noc - droga oświetlona,"Skarpa, rów",EWK-103950553U,5,2016-02-07,Ciężko,22*11'211,52*36'274,695,Obszar niezabudowany,Odcinek prosty,Droga wojewódzka,Jednojezdniowa dwukierunkowa,N,POWIAT SOKOŁOWSKI,KOSÓW LACKI - OBSZAR WIEJSKI
1,0,1,2016,Dobre warunki atmosferyczne,Najechanie na zwierzę,Dobre warunki atmosferyczne,"Zmrok, świt",Jezdnia,EWK-104343015K,20,2016-05-22,Lekko,21*09'352,52*54'527,626,Obszar niezabudowany,Odcinek prosty,Droga wojewódzka,Jednojezdniowa dwukierunkowa,N,POWIAT MAKOWSKI,CZERWONKA - OBSZAR WIEJSKI
1,0,1,2016,Dobre warunki atmosferyczne,Najechanie na zwierzę,Dobre warunki atmosferyczne,Światło dzienne,Jezdnia,EWK-104248020X,13,2016-04-29,Lekko,21*40'599,51*55'355,76,Obszar zabudowany,Odcinek prosty,Droga krajowa,Jednojezdniowa dwukierunkowa,N,POWIAT GARWOLIŃSKI,BOROWIE - OBSZAR WIEJSKI
1,0,1,2016,Dobre warunki atmosferyczne,Najechanie na zwierzę,Dobre warunki atmosferyczne,Światło dzienne,Jezdnia,EWK-104337475T,21,2016-05-20,Lekko,19*51'148,52*29'466,62,Obszar niezabudowany,Odcinek prosty,Droga krajowa,Jednojezdniowa dwukierunkowa,N,POWIAT PŁOCKI,SŁUPNO - OBSZAR WIEJSKI
1,0,1,2016,Dobre warunki atmosferyczne,Najechanie na zwierzę,Dobre warunki atmosferyczne,Światło dzienne,Jezdnia,EWK-104599175D,8,2016-07-12,Ciężko,21*37'259,53*02'559,2550W,Obszar zabudowany,Odcinek prosty,Droga powiatowa,Jednojezdniowa dwukierunkowa,N,POWIAT OSTROŁĘCKI,RZEKUŃ - OBSZAR WIEJSKI
1,0,1,2016,Dobre warunki atmosferyczne,Najechanie na zwierzę,Dobre warunki atmosferyczne,Światło dzienne,Jezdnia,EWK-104808185Q,7,2016-09-03,Lekko,21*25'409,52*57'486,61,Obszar niezabudowany,Odcinek prosty,Droga krajowa,Jednojezdniowa dwukierunkowa,N,POWIAT MAKOWSKI,MŁYNARZE - OBSZAR WIEJSKI
1,1,0,2016,Dobre warunki atmosferyczne,Najechanie na zwierzę,Dobre warunki atmosferyczne,Światło dzienne,Jezdnia,EWK-104808185Q,7,2016-09-03,Nieokreślone (puste pole),21*25'409,52*57'486,61,Obszar niezabudowany,Odcinek prosty,Droga krajowa,Jednojezdniowa dwukierunkowa,N,POWIAT MAKOWSKI,MŁYNARZE - OBSZAR WIEJSKI
1,0,2,2016,Dobre warunki atmosferyczne,Najechanie na zwierzę,Dobre warunki atmosferyczne,Światło dzienne,Jezdnia,EWK-104876219W,11,2016-09-22,Lekko,21*28'179,52*35'116,62,Obszar niezabudowany,Odcinek prosty,Droga krajowa,Jednojezdniowa dwukierunkowa,N,POWIAT WYSZKOWSKI,WYSZKÓW - OBSZAR WIEJSKI
1,0,1,2016,Dobre warunki atmosferyczne,Najechanie na zwierzę,Dobre warunki atmosferyczne,Światło dzienne,Jezdnia,EWK-105149867F,13,2016-12-05,Lekko,19*38'369,52*43'272,GMINNA,Obszar niezabudowany,Odcinek prosty,Droga gminna,Jednojezdniowa dwukierunkowa,N,POWIAT SIERPECKI,GOZDOWO - OBSZAR WIEJSKI
1,0,2,2016,Dobre warunki atmosferyczne,Najechanie na zwierzę,Dobre warunki atmosferyczne,"Świt, zmrok",Jezdnia,EWK-104531629T,4,2016-06-27,Lekko,19*59'313,52*37'128,62,Obszar niezabudowany,Odcinek prosty,Droga krajowa,Jednojezdniowa dwukierunkowa,N,POWIAT PŁOCKI,BODZANÓW - OBSZAR WIEJSKI
1,0,1,2016,Dobre warunki atmosferyczne,Wywrócenie się pojazdu,Dobre warunki atmosferyczne,Noc - droga nieoświetlona,Jezdnia,EWK-103821597Y,4,2016-01-29,Ciężko,19*38'022,52*54'325,560,Obszar niezabudowany,Odcinek prosty,Droga wojewódzka,Jednojezdniowa dwukierunkowa,N,POWIAT SIERPECKI,SZCZUTOWO - OBSZAR WIEJSKI
1,0,2,2016,Dobre warunki atmosferyczne,Wywrócenie się pojazdu,Dobre warunki atmosferyczne,Noc - droga nieoświetlona,Jezdnia,EWK-103821597Y,4,2016-01-29,Lekko,19*38'022,52*54'325,560,Obszar niezabudowany,Odcinek prosty,Droga wojewódzka,Jednojezdniowa dwukierunkowa,N,POWIAT SIERPECKI,SZCZUTOWO - OBSZAR WIEJSKI
1,0,1,2016,Dobre warunki atmosferyczne,Wywrócenie się pojazdu,Dobre warunki atmosferyczne,Noc - droga nieoświetlona,Jezdnia,EWK-103853338T,20,2016-02-05,Lekko,19*53'079,52*54'094,561,Obszar niezabudowany,"Zakręt, łuk",Droga wojewódzka,Jednojezdniowa dwukierunkowa,N,POWIAT SIERPECKI,ZAWIDZ - OBSZAR WIEJSKI