Liczba wypadków,Liczba zabitych,Liczba rannych,Rok,Warunki atmosferyczne,Rodzaj zdarzenia,Warunki atmosferyczne,Oświetlenie,Charakterystyka miejsca zdarzenia,IDKSIP zdarzenia,Godzina,Dzień,Ranny,GPS x,GPS y,Numer drogi,Obszar,Geometria drogi,Kategoria drogi 1,Rodzaj drogi,Czy w zdarzeniu był sprawca nietrzeźwy,Powiat,Gmina
1,0,1,2016,Dobre warunki atmosferyczne,Wywrócenie się pojazdu,Dobre warunki atmosferyczne,Noc - droga nieoświetlona,Jezdnia,EWK-104156719D,22,2016-04-07,Ciężko,20*20'299,52*33'365,50,Obszar zabudowany,Odcinek prosty,Droga krajowa,Jednojezdniowa dwukierunkowa,N,POWIAT PŁOŃSKI,NARUSZEWO - OBSZAR WIEJSKI
1,0,1,2016,Dobre warunki atmosferyczne,Wywrócenie się pojazdu,Dobre warunki atmosferyczne,Noc - droga nieoświetlona,Jezdnia,EWK-104319896D,3,2016-05-18,Ciężko,21*33'185,53*08'402,2538W,Obszar niezabudowany,,Droga powiatowa,Jednojezdniowa dwukierunkowa,N,POWIAT OSTROŁĘCKI,LELIS - OBSZAR WIEJSKI
1,2,0,2016,Dobre warunki atmosferyczne,Wywrócenie się pojazdu,Dobre warunki atmosferyczne,Noc - droga nieoświetlona,Jezdnia,EWK-104319896D,3,2016-05-18,Nieokreślone (puste pole),21*33'185,53*08'402,2538W,Obszar niezabudowany,,Droga powiatowa,Jednojezdniowa dwukierunkowa,N,POWIAT OSTROŁĘCKI,LELIS - OBSZAR WIEJSKI
1,0,1,2016,Dobre warunki atmosferyczne,Wywrócenie się pojazdu,Dobre warunki atmosferyczne,Noc - droga nieoświetlona,Jezdnia,EWK-104433030J,0,2016-06-05,Lekko,19*35'501,52*56'014,560,Obszar niezabudowany,Odcinek prosty,Droga wojewódzka,Jednojezdniowa dwukierunkowa,N,POWIAT SIERPECKI,SZCZUTOWO - OBSZAR WIEJSKI
1,0,1,2016,Dobre warunki atmosferyczne,Wywrócenie się pojazdu,Dobre warunki atmosferyczne,Noc - droga nieoświetlona,Jezdnia,EWK-104568285L,2,2016-07-04,Lekko,20*07'503,52*14'464,3819W,Obszar niezabudowany,"Zakręt, łuk",Droga powiatowa,Jednojezdniowa dwukierunkowa,N,POWIAT SOCHACZEWSKI,MŁODZIESZYN - OBSZAR WIEJSKI
1,0,1,2016,Dobre warunki atmosferyczne,Wywrócenie się pojazdu,Dobre warunki atmosferyczne,Noc - droga nieoświetlona,Jezdnia,EWK-104833178J,19,2016-09-11,Ciężko,21*21'504,53*22'026,53,Obszar niezabudowany,Odcinek prosty,Droga krajowa,Jednojezdniowa dwukierunkowa,N,POWIAT OSTROŁĘCKI,MYSZYNIEC - OBSZAR WIEJSKI
1,0,0,2016,Dobre warunki atmosferyczne,Wywrócenie się pojazdu,Dobre warunki atmosferyczne,Noc - droga nieoświetlona,Jezdnia,EWK-104833178J,19,2016-09-11,Nieokreślone (puste pole),21*21'504,53*22'026,53,Obszar niezabudowany,Odcinek prosty,Droga krajowa,Jednojezdniowa dwukierunkowa,N,POWIAT OSTROŁĘCKI,MYSZYNIEC - OBSZAR WIEJSKI
1,1,0,2016,Dobre warunki atmosferyczne,Wywrócenie się pojazdu,Dobre warunki atmosferyczne,Noc - droga nieoświetlona,Jezdnia,EWK-104845100J,4,2016-09-15,Nieokreślone (puste pole),20*25'389,53*13'097,7,Obszar niezabudowany,"Zakręt, łuk",Droga krajowa,Jednojezdniowa dwukierunkowa,N,POWIAT MŁAWSKI,WIECZFNIA KOŚCIELNA - OBSZAR WIEJSKI
1,0,1,2016,Dobre warunki atmosferyczne,Wywrócenie się pojazdu,Dobre warunki atmosferyczne,Noc - droga nieoświetlona,Jezdnia,EWK-104867889A,22,2016-09-22,Ciężko,21*17'420,51*20'040,GMINNA,Obszar niezabudowany,Odcinek prosty,Droga gminna,Jednojezdniowa dwukierunkowa,N,POWIAT RADOMSKI,SKARYSZEW - OBSZAR WIEJSKI
1,0,1,2016,Dobre warunki atmosferyczne,Wywrócenie się pojazdu,Dobre warunki atmosferyczne,Noc - droga nieoświetlona,Jezdnia,EWK-104887658L,4,2016-10-02,Ciężko,20*51'534,51*50'281,P,Obszar niezabudowany,Odcinek prosty,Droga powiatowa,Jednojezdniowa dwukierunkowa,N,POWIAT GRÓJECKI,GRÓJEC - OBSZAR WIEJSKI
1,0,0,2016,Dobre warunki atmosferyczne,Wywrócenie się pojazdu,Dobre warunki atmosferyczne,Noc - droga nieoświetlona,Jezdnia,EWK-104887658L,4,2016-10-02,Nieokreślone (puste pole),20*51'534,51*50'281,P,Obszar niezabudowany,Odcinek prosty,Droga powiatowa,Jednojezdniowa dwukierunkowa,N,POWIAT GRÓJECKI,GRÓJEC - OBSZAR WIEJSKI
1,0,1,2016,Dobre warunki atmosferyczne,Wywrócenie się pojazdu,Dobre warunki atmosferyczne,Noc - droga nieoświetlona,Jezdnia,EWK-104892194W,0,2016-10-01,Lekko,21*35'296,51*54'505,GMINNA,Obszar niezabudowany,"Zakręt, łuk",Droga gminna,Jednojezdniowa dwukierunkowa,N,POWIAT GARWOLIŃSKI,GARWOLIN - OBSZAR MIEJSKI
1,1,0,2016,Dobre warunki atmosferyczne,Wywrócenie się pojazdu,Dobre warunki atmosferyczne,Noc - droga nieoświetlona,Jezdnia,EWK-104892194W,0,2016-10-01,Nieokreślone (puste pole),21*35'296,51*54'505,GMINNA,Obszar niezabudowany,"Zakręt, łuk",Droga gminna,Jednojezdniowa dwukierunkowa,N,POWIAT GARWOLIŃSKI,GARWOLIN - OBSZAR MIEJSKI
1,0,1,2016,Dobre warunki atmosferyczne,Wywrócenie się pojazdu,Dobre warunki atmosferyczne,Noc - droga nieoświetlona,Jezdnia,EWK-104894644J,5,2016-10-01,Lekko,22*09'094,52*15'128,2,Obszar niezabudowany,Odcinek prosty,Droga krajowa,Jednojezdniowa dwukierunkowa,N,POWIAT SIEDLECKI,KOTUŃ - OBSZAR WIEJSKI
1,0,0,2016,Dobre warunki atmosferyczne,Wywrócenie się pojazdu,Dobre warunki atmosferyczne,Noc - droga nieoświetlona,Jezdnia,EWK-104894644J,5,2016-10-01,Nieokreślone (puste pole),22*09'094,52*15'128,2,Obszar niezabudowany,Odcinek prosty,Droga krajowa,Jednojezdniowa dwukierunkowa,N,POWIAT SIEDLECKI,KOTUŃ - OBSZAR WIEJSKI
1,1,0,2016,Dobre warunki atmosferyczne,Wywrócenie się pojazdu,Dobre warunki atmosferyczne,Noc - droga nieoświetlona,Jezdnia,EWK-105116691M,18,2016-11-20,Nieokreślone (puste pole),20*50'417,51*27'377,P3334W,Obszar niezabudowany,Odcinek prosty,Droga powiatowa,Jednojezdniowa dwukierunkowa,N,POWIAT RADOMSKI,PRZYTYK - OBSZAR WIEJSKI
1,0,1,2016,Dobre warunki atmosferyczne,Wywrócenie się pojazdu,Dobre warunki atmosferyczne,Noc - droga nieoświetlona,Jezdnia,EWK-105299693C,1,2016-12-23,Lekko,22*02'371,52*47'059,P2653W,Obszar niezabudowany,"Zakręt, łuk",Droga powiatowa,Jednojezdniowa dwukierunkowa,N,POWIAT OSTROWSKI,OSTRÓW MAZOWIECKA - OBSZAR WIEJSKI
1,0,1,2016,Dobre warunki atmosferyczne,Wywrócenie się pojazdu,Dobre warunki atmosferyczne,Noc - droga nieoświetlona,Pobocze,EWK-104024141P,19,2016-03-13,Lekko,19*59'325,52*33'190,P2935W,Obszar zabudowany,"Zakręt, łuk",Droga powiatowa,Jednojezdniowa dwukierunkowa,N,POWIAT PŁOCKI,BULKOWO - OBSZAR WIEJSKI
1,0,1,2016,Dobre warunki atmosferyczne,Wywrócenie się pojazdu,Dobre warunki atmosferyczne,Noc - droga nieoświetlona,Pobocze,EWK-104250485R,4,2016-05-01,Lekko,20*20'491,51*58'189,719,Obszar zabudowany,"Zakręt, łuk",Droga wojewódzka,Jednojezdniowa dwukierunkowa,N,POWIAT ŻYRARDOWSKI,PUSZCZA MARIAŃSKA - OBSZAR WIEJSKI
1,0,0,2016,Dobre warunki atmosferyczne,Wywrócenie się pojazdu,Dobre warunki atmosferyczne,Noc - droga nieoświetlona,Pobocze,EWK-104250485R,4,2016-05-01,Nieokreślone (puste pole),20*20'491,51*58'189,719,Obszar zabudowany,"Zakręt, łuk",Droga wojewódzka,Jednojezdniowa dwukierunkowa,N,POWIAT ŻYRARDOWSKI,PUSZCZA MARIAŃSKA - OBSZAR WIEJSKI
1,0,1,2016,Dobre warunki atmosferyczne,Wywrócenie się pojazdu,Dobre warunki atmosferyczne,Noc - droga nieoświetlona,Pobocze,EWK-105133459W,18,2016-11-25,Ciężko,22*50'081,52*16'166,19,Obszar zabudowany,"Zakręt, łuk",Droga krajowa,Jednojezdniowa dwukierunkowa,N,POWIAT ŁOSICKI,PLATERÓW - OBSZAR WIEJSKI
1,0,1,2016,Dobre warunki atmosferyczne,Wywrócenie się pojazdu,Dobre warunki atmosferyczne,Noc - droga nieoświetlona,Pobocze,EWK-105307616L,22,2016-12-27,Lekko,20*57'443,53*00'313,544,Obszar zabudowany,Odcinek prosty,Droga wojewódzka,Jednojezdniowa dwukierunkowa,T,POWIAT PRZASNYSKI,PRZASNYSZ - OBSZAR WIEJSKI
1,0,2,2016,Dobre warunki atmosferyczne,Wywrócenie się pojazdu,Dobre warunki atmosferyczne,Noc - droga nieoświetlona,"Skarpa, rów",EWK-103847394Y,4,2016-02-07,Lekko,19*52'132,52*34'407,P2935W,Obszar niezabudowany,"Zakręt, łuk",Droga powiatowa,Jednojezdniowa dwukierunkowa,N,POWIAT PŁOCKI,RADZANOWO - OBSZAR WIEJSKI
1,0,1,2016,Dobre warunki atmosferyczne,Wywrócenie się pojazdu,Dobre warunki atmosferyczne,Noc - droga nieoświetlona,"Skarpa, rów",EWK-104735846Y,23,2016-08-12,Ciężko,20*14'254,52*41'191,P3021W,Obszar zabudowany,"Zakręt, łuk",Droga powiatowa,Jednojezdniowa dwukierunkowa,N,POWIAT PŁOŃSKI,BABOSZEWO - OBSZAR WIEJSKI
1,0,2,2016,Dobre warunki atmosferyczne,Wywrócenie się pojazdu,Dobre warunki atmosferyczne,Noc - droga nieoświetlona,"Skarpa, rów",EWK-104735846Y,23,2016-08-12,Lekko,20*14'254,52*41'191,P3021W,Obszar zabudowany,"Zakręt, łuk",Droga powiatowa,Jednojezdniowa dwukierunkowa,N,POWIAT PŁOŃSKI,BABOSZEWO - OBSZAR WIEJSKI
1,0,3,2016,Dobre warunki atmosferyczne,Wywrócenie się pojazdu,Dobre warunki atmosferyczne,Noc - droga nieoświetlona,"Skarpa, rów",EWK-104831639W,2,2016-09-12,Lekko,20*35'054,51*23'013,12,Obszar niezabudowany,"Zakręt, łuk; Wierzchołek wzn.",Droga krajowa,Jednojezdniowa dwukierunkowa,N,POWIAT PRZYSUSKI,GIELNIÓW - OBSZAR WIEJSKI
1,0,2,2016,Dobre warunki atmosferyczne,Wywrócenie się pojazdu,Dobre warunki atmosferyczne,Noc - droga nieoświetlona,"Skarpa, rów",EWK-104891306H,2,2016-10-03,Lekko,21*11'564,52*49'553,P2118W,Obszar niezabudowany,"Zakręt, łuk",Droga powiatowa,Jednojezdniowa dwukierunkowa,T,POWIAT MAKOWSKI,SZELKÓW - OBSZAR WIEJSKI
1,0,1,2016,Dobre warunki atmosferyczne,Wywrócenie się pojazdu,Dobre warunki atmosferyczne,Noc - droga oświetlona,"Droga, pas ruchu, śluza dla rowerów",EWK-104810128W,23,2016-09-02,Ciężko,21*09'093,51*23'201,12,Obszar zabudowany,Odcinek prosty,Droga krajowa,Dwie jezdnie jednokierunkowe,T,POWIAT RADOM,RADOM - OBSZAR MIEJSKI
1,0,1,2016,Dobre warunki atmosferyczne,Wywrócenie się pojazdu,Dobre warunki atmosferyczne,Noc - droga oświetlona,Jezdnia,EWK-103763914Q,1,2016-01-14,Ciężko,20*14'228,52*12'077,GMINNA,Obszar zabudowany,"Zakręt, łuk",Droga gminna,Jednojezdniowa dwukierunkowa,N,POWIAT SOCHACZEWSKI,SOCHACZEW - OBSZAR WIEJSKI
1,0,1,2016,Dobre warunki atmosferyczne,Wywrócenie się pojazdu,Dobre warunki atmosferyczne,Noc - droga oświetlona,Jezdnia,EWK-104217015R,20,2016-04-22,Lekko,22*03'559,52*41'299,694,Obszar zabudowany,Odcinek prosty,Droga wojewódzka,Jednojezdniowa dwukierunkowa,N,POWIAT OSTROWSKI,MAŁKINIA GÓRNA - OBSZAR WIEJSKI
1,0,0,2016,Dobre warunki atmosferyczne,Wywrócenie się pojazdu,Dobre warunki atmosferyczne,Noc - droga oświetlona,Jezdnia,EWK-104217015R,20,2016-04-22,Nieokreślone (puste pole),22*03'559,52*41'299,694,Obszar zabudowany,Odcinek prosty,Droga wojewódzka,Jednojezdniowa dwukierunkowa,N,POWIAT OSTROWSKI,MAŁKINIA GÓRNA - OBSZAR WIEJSKI
1,0,1,2016,Dobre warunki atmosferyczne,Wywrócenie się pojazdu,Dobre warunki atmosferyczne,Noc - droga oświetlona,Jezdnia,EWK-104250426G,21,2016-04-30,Lekko,20*37'302,52*52'044,G120101W,Obszar zabudowany,Odcinek prosty,Droga gminna,Jednokierunkowa,N,POWIAT CIECHANOWSKI,CIECHANÓW - OBSZAR MIEJSKI
1,0,0,2016,Dobre warunki atmosferyczne,Wywrócenie się pojazdu,Dobre warunki atmosferyczne,Noc - droga oświetlona,Jezdnia,EWK-104250426G,21,2016-04-30,Nieokreślone (puste pole),20*37'302,52*52'044,G120101W,Obszar zabudowany,Odcinek prosty,Droga gminna,Jednokierunkowa,N,POWIAT CIECHANOWSKI,CIECHANÓW - OBSZAR MIEJSKI
1,0,2,2016,Dobre warunki atmosferyczne,Wywrócenie się pojazdu,Dobre warunki atmosferyczne,Noc - droga oświetlona,Jezdnia,EWK-104516537G,2,2016-06-19,Lekko,21*09'345,51*23'012,P3539W,Obszar zabudowany,"Zakręt, łuk",Droga powiatowa,Jednojezdniowa dwukierunkowa,N,POWIAT RADOM,RADOM - OBSZAR MIEJSKI
1,0,0,2016,Dobre warunki atmosferyczne,Wywrócenie się pojazdu,Dobre warunki atmosferyczne,Noc - droga oświetlona,Jezdnia,EWK-104516537G,2,2016-06-19,Nieokreślone (puste pole),21*09'345,51*23'012,P3539W,Obszar zabudowany,"Zakręt, łuk",Droga powiatowa,Jednojezdniowa dwukierunkowa,N,POWIAT RADOM,RADOM - OBSZAR MIEJSKI
1,0,1,2016,Dobre warunki atmosferyczne,Wywrócenie się pojazdu,Dobre warunki atmosferyczne,Noc - droga oświetlona,Jezdnia,EWK-104671846P,22,2016-07-20,Lekko,20*26'452,52*02'552,719,Obszar zabudowany,,Droga wojewódzka,Jednojezdniowa dwukierunkowa,N,POWIAT ŻYRARDOWSKI,ŻYRARDÓW - OBSZAR MIEJSKI
1,0,0,2016,Dobre warunki atmosferyczne,Wywrócenie się pojazdu,Dobre warunki atmosferyczne,Noc - droga oświetlona,Jezdnia,EWK-104671846P,22,2016-07-20,Nieokreślone (puste pole),20*26'452,52*02'552,719,Obszar zabudowany,,Droga wojewódzka,Jednojezdniowa dwukierunkowa,N,POWIAT ŻYRARDOWSKI,ŻYRARDÓW - OBSZAR MIEJSKI
1,0,1,2016,Dobre warunki atmosferyczne,Wywrócenie się pojazdu,Dobre warunki atmosferyczne,Noc - droga oświetlona,Jezdnia,EWK-104905726D,19,2016-10-01,Lekko,21*28'221,52*32'331,G440769W,Obszar zabudowany,"Zakręt, łuk",Droga gminna,Jednojezdniowa dwukierunkowa,T,POWIAT WYSZKOWSKI,WYSZKÓW - OBSZAR WIEJSKI
1,0,2,2016,Dobre warunki atmosferyczne,Wywrócenie się pojazdu,Dobre warunki atmosferyczne,Noc - droga oświetlona,Jezdnia,EWK-105063218H,4,2016-11-12,Lekko,21*16'486,51*30'426,P1715W,Obszar zabudowany,"Zakręt, łuk",Droga powiatowa,Jednojezdniowa dwukierunkowa,N,POWIAT RADOMSKI,JASTRZĘBIA - OBSZAR WIEJSKI
1,0,0,2016,Dobre warunki atmosferyczne,Wywrócenie się pojazdu,Dobre warunki atmosferyczne,Noc - droga oświetlona,Jezdnia,EWK-105063218H,4,2016-11-12,Nieokreślone (puste pole),21*16'486,51*30'426,P1715W,Obszar zabudowany,"Zakręt, łuk",Droga powiatowa,Jednojezdniowa dwukierunkowa,N,POWIAT RADOMSKI,JASTRZĘBIA - OBSZAR WIEJSKI
1,0,1,2016,Dobre warunki atmosferyczne,Wywrócenie się pojazdu,Dobre warunki atmosferyczne,Noc - droga oświetlona,Pobocze,EWK-104756899U,20,2016-08-19,Lekko,19*50'231,52*30'110,62,Obszar zabudowany,Odcinek prosty,Droga krajowa,Jednojezdniowa dwukierunkowa,T,POWIAT PŁOCKI,SŁUPNO - OBSZAR WIEJSKI
1,1,0,2016,Dobre warunki atmosferyczne,Wywrócenie się pojazdu,Dobre warunki atmosferyczne,Noc - droga oświetlona,Pobocze,EWK-104820032K,23,2016-09-08,Nieokreślone (puste pole),19*35'094,52*38'170,540,Obszar zabudowany,Odcinek prosty,Droga wojewódzka,Jednojezdniowa dwukierunkowa,T,POWIAT PŁOCKI,BRUDZEŃ DUŻY - OBSZAR WIEJSKI
1,0,2,2016,Dobre warunki atmosferyczne,Wywrócenie się pojazdu,Dobre warunki atmosferyczne,Noc - droga oświetlona,Pobocze,EWK-104820160G,2,2016-09-08,Lekko,21*10'585,51*47'150,P,Obszar zabudowany,Odcinek prosty,Droga powiatowa,Jednojezdniowa dwukierunkowa,N,POWIAT GRÓJECKI,WARKA - OBSZAR MIEJSKI
1,0,0,2016,Dobre warunki atmosferyczne,Wywrócenie się pojazdu,Dobre warunki atmosferyczne,Noc - droga oświetlona,Pobocze,EWK-104820160G,2,2016-09-08,Nieokreślone (puste pole),21*10'585,51*47'150,P,Obszar zabudowany,Odcinek prosty,Droga powiatowa,Jednojezdniowa dwukierunkowa,N,POWIAT GRÓJECKI,WARKA - OBSZAR MIEJSKI
1,0,1,2016,Dobre warunki atmosferyczne,Wywrócenie się pojazdu,Dobre warunki atmosferyczne,Noc - droga oświetlona,"Skarpa, rów",EWK-103825030D,19,2016-01-30,Lekko,21*14'018,51*18'217,733,Obszar niezabudowany,"Zakręt, łuk",Droga wojewódzka,Jednojezdniowa dwukierunkowa,N,POWIAT RADOMSKI,SKARYSZEW - OBSZAR WIEJSKI
1,0,1,2016,Dobre warunki atmosferyczne,Wywrócenie się pojazdu,Dobre warunki atmosferyczne,Noc - droga oświetlona,"Skarpa, rów",EWK-103861154C,5,2016-02-07,Lekko,21*01'284,52*52'342,3206W,Obszar zabudowany,Odcinek prosty,Droga powiatowa,Jednojezdniowa dwukierunkowa,N,POWIAT MAKOWSKI,KARNIEWO - OBSZAR WIEJSKI
1,0,0,2016,Dobre warunki atmosferyczne,Wywrócenie się pojazdu,Dobre warunki atmosferyczne,Noc - droga oświetlona,"Skarpa, rów",EWK-103861154C,5,2016-02-07,Nieokreślone (puste pole),21*01'284,52*52'342,3206W,Obszar zabudowany,Odcinek prosty,Droga powiatowa,Jednojezdniowa dwukierunkowa,N,POWIAT MAKOWSKI,KARNIEWO - OBSZAR WIEJSKI
1,0,1,2016,Dobre warunki atmosferyczne,Wywrócenie się pojazdu,Dobre warunki atmosferyczne,"Zmrok, świt",Jezdnia,EWK-104097333K,5,2016-03-29,Ciężko,21*13'439,51*53'140,79,Obszar niezabudowany,Odcinek prosty,Droga krajowa,Jednojezdniowa dwukierunkowa,N,POWIAT GRÓJECKI,WARKA - OBSZAR WIEJSKI
1,0,0,2016,Dobre warunki atmosferyczne,Wywrócenie się pojazdu,Dobre warunki atmosferyczne,"Zmrok, świt",Jezdnia,EWK-104097333K,5,2016-03-29,Nieokreślone (puste pole),21*13'439,51*53'140,79,Obszar niezabudowany,Odcinek prosty,Droga krajowa,Jednojezdniowa dwukierunkowa,N,POWIAT GRÓJECKI,WARKA - OBSZAR WIEJSKI
1,0,1,2016,Dobre warunki atmosferyczne,Wywrócenie się pojazdu,Dobre warunki atmosferyczne,"Zmrok, świt",Jezdnia,EWK-104344001X,20,2016-05-22,Ciężko,20*53'080,51*49'474,P,Obszar niezabudowany,"Zakręt, łuk",Droga powiatowa,Jednojezdniowa dwukierunkowa,T,POWIAT GRÓJECKI,GRÓJEC - OBSZAR WIEJSKI
1,1,0,2016,Dobre warunki atmosferyczne,Wywrócenie się pojazdu,Dobre warunki atmosferyczne,"Zmrok, świt",Jezdnia,EWK-104400721N,20,2016-05-30,Nieokreślone (puste pole),20*27'107,53*01'063,615,Obszar niezabudowany,"Zakręt, łuk",Droga wojewódzka,Jednojezdniowa dwukierunkowa,N,POWIAT MŁAWSKI,STUPSK - OBSZAR WIEJSKI
1,0,1,2016,Dobre warunki atmosferyczne,Wywrócenie się pojazdu,Dobre warunki atmosferyczne,"Zmrok, świt",Pobocze,EWK-104188076M,20,2016-04-17,Ciężko,22*01'401,52*38'307,GMINNA,Obszar niezabudowany,"Zakręt, łuk",Droga gminna,Jednojezdniowa dwukierunkowa,N,POWIAT OSTROWSKI,MAŁKINIA GÓRNA - OBSZAR WIEJSKI
1,0,1,2016,Dobre warunki atmosferyczne,Wywrócenie się pojazdu,Dobre warunki atmosferyczne,"Zmrok, świt","Skarpa, rów",EWK-103998171D,18,2016-03-05,Ciężko,19*50'539,52*18'292,584,Obszar niezabudowany,Odcinek prosty,Droga wojewódzka,Jednojezdniowa dwukierunkowa,N,POWIAT GOSTYNIŃSKI,SANNIKI - OBSZAR WIEJSKI
1,0,1,2016,Dobre warunki atmosferyczne,Wywrócenie się pojazdu,Dobre warunki atmosferyczne,Światło dzienne,"Chodnik, droga dla pieszych",EWK-104871552K,11,2016-09-24,Lekko,19*40'446,52*33'174,P,Obszar zabudowany,Odcinek prosty,Droga powiatowa,Jednojezdniowa dwukierunkowa,N,POWIAT PŁOCK,PŁOCK - OBSZAR MIEJSKI
1,0,1,2016,Dobre warunki atmosferyczne,Wywrócenie się pojazdu,Dobre warunki atmosferyczne,Światło dzienne,Jezdnia,EWK-103853311G,7,2016-02-07,Lekko,19*52'283,52*46'236,P3759W,Obszar niezabudowany,"Zakręt, łuk",Droga powiatowa,Jednojezdniowa dwukierunkowa,N,POWIAT SIERPECKI,ZAWIDZ - OBSZAR WIEJSKI
1,1,0,2016,Dobre warunki atmosferyczne,Wywrócenie się pojazdu,Dobre warunki atmosferyczne,Światło dzienne,Jezdnia,EWK-103878803P,13,2016-02-13,Nieokreślone (puste pole),20*37'527,51*21'161,727,Obszar zabudowany,"Zakręt, łuk",Droga wojewódzka,Jednojezdniowa dwukierunkowa,T,POWIAT PRZYSUSKI,PRZYSUCHA - OBSZAR MIEJSKI
1,0,1,2016,Dobre warunki atmosferyczne,Wywrócenie się pojazdu,Dobre warunki atmosferyczne,Światło dzienne,Jezdnia,EWK-103918451K,13,2016-02-23,Lekko,21*11'171,52*32'390,P3433W,Obszar niezabudowany,Odcinek prosty,Droga powiatowa,Jednojezdniowa dwukierunkowa,T,POWIAT WYSZKOWSKI,SOMIANKA - OBSZAR WIEJSKI
1,0,1,2016,Dobre warunki atmosferyczne,Wywrócenie się pojazdu,Dobre warunki atmosferyczne,Światło dzienne,Jezdnia,EWK-104108078R,18,2016-03-31,Lekko,20*45'542,53*11'437,P3216W,Obszar niezabudowany,Odcinek prosty,Droga powiatowa,Jednojezdniowa dwukierunkowa,T,POWIAT PRZASNYSKI,KRZYNOWŁOGA MAŁA - OBSZAR WIEJSKI
1,2,0,2016,Dobre warunki atmosferyczne,Wywrócenie się pojazdu,Dobre warunki atmosferyczne,Światło dzienne,Jezdnia,EWK-104108078R,18,2016-03-31,Nieokreślone (puste pole),20*45'542,53*11'437,P3216W,Obszar niezabudowany,Odcinek prosty,Droga powiatowa,Jednojezdniowa dwukierunkowa,T,POWIAT PRZASNYSKI,KRZYNOWŁOGA MAŁA - OBSZAR WIEJSKI
1,0,2,2016,Dobre warunki atmosferyczne,Wywrócenie się pojazdu,Dobre warunki atmosferyczne,Światło dzienne,Jezdnia,EWK-104132274H,15,2016-04-05,Lekko,20*23'280,53*06'001,7,Obszar niezabudowany,Odcinek prosty,Droga krajowa,Jednojezdniowa dwukierunkowa,N,POWIAT MŁAWSKI,MŁAWA - OBSZAR MIEJSKI
1,0,1,2016,Dobre warunki atmosferyczne,Wywrócenie się pojazdu,Dobre warunki atmosferyczne,Światło dzienne,Jezdnia,EWK-104139145F,10,2016-04-07,Lekko,20*42'093,51*20'128,34302W,Obszar niezabudowany,Odcinek prosty,Droga powiatowa,Jednojezdniowa dwukierunkowa,N,POWIAT PRZYSUSKI,BORKOWICE - OBSZAR WIEJSKI
1,0,2,2016,Dobre warunki atmosferyczne,Wywrócenie się pojazdu,Dobre warunki atmosferyczne,Światło dzienne,Jezdnia,EWK-104165109A,14,2016-04-11,Lekko,19*42'131,52*53'105,541,Obszar niezabudowany,Odcinek prosty,Droga wojewódzka,Jednojezdniowa dwukierunkowa,N,POWIAT SIERPECKI,ROŚCISZEWO - OBSZAR WIEJSKI
1,0,1,2016,Dobre warunki atmosferyczne,Wywrócenie się pojazdu,Dobre warunki atmosferyczne,Światło dzienne,Jezdnia,EWK-104169588F,13,2016-04-02,Lekko,21*22'057,52*34'197,4417W,Obszar zabudowany,Odcinek prosty,Droga powiatowa,Jednojezdniowa dwukierunkowa,N,POWIAT WYSZKOWSKI,SOMIANKA - OBSZAR WIEJSKI
1,0,1,2016,Dobre warunki atmosferyczne,Wywrócenie się pojazdu,Dobre warunki atmosferyczne,Światło dzienne,Jezdnia,EWK-104189029H,14,2016-04-16,Lekko,21*26'251,53*16'342,2516W,Obszar niezabudowany,"Zakręt, łuk",Droga powiatowa,Jednojezdniowa dwukierunkowa,N,POWIAT OSTROŁĘCKI,KADZIDŁO - OBSZAR WIEJSKI
1,0,1,2016,Dobre warunki atmosferyczne,Wywrócenie się pojazdu,Dobre warunki atmosferyczne,Światło dzienne,Jezdnia,EWK-104235729Y,7,2016-04-28,Lekko,21*14'293,51*16'221,9,Obszar niezabudowany,Odcinek prosty,Droga krajowa,Jednojezdniowa dwukierunkowa,N,POWIAT RADOMSKI,SKARYSZEW - OBSZAR MIEJSKI
1,0,1,2016,Dobre warunki atmosferyczne,Wywrócenie się pojazdu,Dobre warunki atmosferyczne,Światło dzienne,Jezdnia,EWK-104238370T,16,2016-04-14,Lekko,21*26'318,53*11'512,2531W,Obszar zabudowany,Odcinek prosty,Droga powiatowa,Jednojezdniowa dwukierunkowa,N,POWIAT OSTROŁĘCKI,KADZIDŁO - OBSZAR WIEJSKI
1,0,0,2016,Dobre warunki atmosferyczne,Wywrócenie się pojazdu,Dobre warunki atmosferyczne,Światło dzienne,Jezdnia,EWK-104238370T,16,2016-04-14,Nieokreślone (puste pole),21*26'318,53*11'512,2531W,Obszar zabudowany,Odcinek prosty,Droga powiatowa,Jednojezdniowa dwukierunkowa,N,POWIAT OSTROŁĘCKI,KADZIDŁO - OBSZAR WIEJSKI
1,0,2,2016,Dobre warunki atmosferyczne,Wywrócenie się pojazdu,Dobre warunki atmosferyczne,Światło dzienne,Jezdnia,EWK-104254543M,15,2016-05-02,Ciężko,21*03'454,52*34'076,G340334W,Obszar niezabudowany,"Zakręt, łuk",Droga gminna,Jednojezdniowa dwukierunkowa,N,POWIAT PUŁTUSKI,POKRZYWNICA - OBSZAR WIEJSKI
1,0,0,2016,Dobre warunki atmosferyczne,Wywrócenie się pojazdu,Dobre warunki atmosferyczne,Światło dzienne,Jezdnia,EWK-104254543M,15,2016-05-02,Nieokreślone (puste pole),21*03'454,52*34'076,G340334W,Obszar niezabudowany,"Zakręt, łuk",Droga gminna,Jednojezdniowa dwukierunkowa,N,POWIAT PUŁTUSKI,POKRZYWNICA - OBSZAR WIEJSKI
1,1,0,2016,Dobre warunki atmosferyczne,Wywrócenie się pojazdu,Dobre warunki atmosferyczne,Światło dzienne,Jezdnia,EWK-104274129G,5,2016-05-07,Nieokreślone (puste pole),20*25'437,52*39'047,50,Obszar niezabudowany,Odcinek prosty,Droga krajowa,Jednojezdniowa dwukierunkowa,T,POWIAT PŁOŃSKI,PŁOŃSK - OBSZAR WIEJSKI