Liczba wypadków,Liczba zabitych,Liczba rannych,Rok,Warunki atmosferyczne,Rodzaj zdarzenia,Warunki atmosferyczne,Oświetlenie,Charakterystyka miejsca zdarzenia,IDKSIP zdarzenia,Godzina,Dzień,Ranny,GPS x,GPS y,Numer drogi,Obszar,Geometria drogi,Kategoria drogi 1,Rodzaj drogi,Czy w zdarzeniu był sprawca nietrzeźwy,Powiat,Gmina
1,1,0,2016,Dobre warunki atmosferyczne,Wywrócenie się pojazdu,Dobre warunki atmosferyczne,Światło dzienne,Jezdnia,EWK-104274894X,13,2016-05-08,Nieokreślone (puste pole),21*36'398,53*05'353,P5119W,Obszar zabudowany,"Zakręt, łuk",Droga powiatowa,Dwie jezdnie jednokierunkowe,N,POWIAT OSTROŁĘKA,OSTROŁĘKA - OBSZAR MIEJSKI
1,0,1,2016,Dobre warunki atmosferyczne,Wywrócenie się pojazdu,Dobre warunki atmosferyczne,Światło dzienne,Jezdnia,EWK-104344060F,12,2016-05-20,Lekko,20*34'505,51*37'030,728,Obszar zabudowany,,Droga wojewódzka,Jednojezdniowa dwukierunkowa,N,POWIAT GRÓJECKI,NOWE MIASTO NAD PILICĄ - OBSZAR MIEJSKI
1,0,0,2016,Dobre warunki atmosferyczne,Wywrócenie się pojazdu,Dobre warunki atmosferyczne,Światło dzienne,Jezdnia,EWK-104344060F,12,2016-05-20,Nieokreślone (puste pole),20*34'505,51*37'030,728,Obszar zabudowany,,Droga wojewódzka,Jednojezdniowa dwukierunkowa,N,POWIAT GRÓJECKI,NOWE MIASTO NAD PILICĄ - OBSZAR MIEJSKI
1,0,1,2016,Dobre warunki atmosferyczne,Wywrócenie się pojazdu,Dobre warunki atmosferyczne,Światło dzienne,Jezdnia,EWK-104350371D,11,2016-05-21,Ciężko,21*30'214,52*36'373,4403W,Obszar niezabudowany,Odcinek prosty,Droga powiatowa,Jednojezdniowa dwukierunkowa,N,POWIAT WYSZKOWSKI,BRAŃSZCZYK - OBSZAR WIEJSKI
1,1,0,2016,Dobre warunki atmosferyczne,Wywrócenie się pojazdu,Dobre warunki atmosferyczne,Światło dzienne,Jezdnia,EWK-104366213F,20,2016-05-26,Nieokreślone (puste pole),20*34'019,52*01'257,W579,Obszar niezabudowany,Odcinek prosty,Droga wojewódzka,Jednojezdniowa dwukierunkowa,N,POWIAT ŻYRARDOWSKI,RADZIEJOWICE - OBSZAR WIEJSKI
1,0,1,2016,Dobre warunki atmosferyczne,Wywrócenie się pojazdu,Dobre warunki atmosferyczne,Światło dzienne,Jezdnia,EWK-104413163Q,19,2016-05-11,Lekko,21*03'581,51*54'382,K50CH,Obszar niezabudowany,Odcinek prosty,Droga krajowa,Jednojezdniowa dwukierunkowa,N,POWIAT GRÓJECKI,CHYNÓW - OBSZAR WIEJSKI
1,0,0,2016,Dobre warunki atmosferyczne,Wywrócenie się pojazdu,Dobre warunki atmosferyczne,Światło dzienne,Jezdnia,EWK-104413163Q,19,2016-05-11,Nieokreślone (puste pole),21*03'581,51*54'382,K50CH,Obszar niezabudowany,Odcinek prosty,Droga krajowa,Jednojezdniowa dwukierunkowa,N,POWIAT GRÓJECKI,CHYNÓW - OBSZAR WIEJSKI
1,0,1,2016,Dobre warunki atmosferyczne,Wywrócenie się pojazdu,Dobre warunki atmosferyczne,Światło dzienne,Jezdnia,EWK-104419183U,12,2016-06-02,Ciężko,21*20'471,51*47'471,79,Obszar niezabudowany,Odcinek prosty,Droga krajowa,Jednojezdniowa dwukierunkowa,N,POWIAT KOZIENICKI,MAGNUSZEW - OBSZAR WIEJSKI
1,0,0,2016,Dobre warunki atmosferyczne,Wywrócenie się pojazdu,Dobre warunki atmosferyczne,Światło dzienne,Jezdnia,EWK-104419183U,12,2016-06-02,Nieokreślone (puste pole),21*20'471,51*47'471,79,Obszar niezabudowany,Odcinek prosty,Droga krajowa,Jednojezdniowa dwukierunkowa,N,POWIAT KOZIENICKI,MAGNUSZEW - OBSZAR WIEJSKI
1,0,2,2016,Dobre warunki atmosferyczne,Wywrócenie się pojazdu,Dobre warunki atmosferyczne,Światło dzienne,Jezdnia,EWK-104427744H,11,2016-06-05,Lekko,20*14'092,52*43'177,P3025W,Obszar zabudowany,"Zakręt, łuk",Droga powiatowa,Jednojezdniowa dwukierunkowa,N,POWIAT PŁOŃSKI,BABOSZEWO - OBSZAR WIEJSKI
1,1,0,2016,Dobre warunki atmosferyczne,Wywrócenie się pojazdu,Dobre warunki atmosferyczne,Światło dzienne,Jezdnia,EWK-104427744H,11,2016-06-05,Nieokreślone (puste pole),20*14'092,52*43'177,P3025W,Obszar zabudowany,"Zakręt, łuk",Droga powiatowa,Jednojezdniowa dwukierunkowa,N,POWIAT PŁOŃSKI,BABOSZEWO - OBSZAR WIEJSKI
1,0,2,2016,Dobre warunki atmosferyczne,Wywrócenie się pojazdu,Dobre warunki atmosferyczne,Światło dzienne,Jezdnia,EWK-104472015D,10,2016-06-12,Lekko,20*30'069,53*12'094,GMINNA,Obszar niezabudowany,Odcinek prosty,Droga gminna,Jednojezdniowa dwukierunkowa,T,POWIAT MŁAWSKI,LIPOWIEC KOŚCIELNY - OBSZAR WIEJSKI
1,0,1,2016,Dobre warunki atmosferyczne,Wywrócenie się pojazdu,Dobre warunki atmosferyczne,Światło dzienne,Jezdnia,EWK-104483571Q,18,2016-06-15,Lekko,21*42'423,52*35'483,P4202W,Obszar niezabudowany,"Zakręt, łuk",Droga powiatowa,Jednojezdniowa dwukierunkowa,N,POWIAT WĘGROWSKI,ŁOCHÓW - OBSZAR WIEJSKI
1,0,2,2016,Dobre warunki atmosferyczne,Wywrócenie się pojazdu,Dobre warunki atmosferyczne,Światło dzienne,Jezdnia,EWK-104511764Y,10,2016-06-19,Ciężko,20*13'008,52*44'460,P3020W,Obszar niezabudowany,Odcinek prosty,Droga powiatowa,Jednojezdniowa dwukierunkowa,T,POWIAT PŁOŃSKI,RACIĄŻ - OBSZAR WIEJSKI
1,0,1,2016,Dobre warunki atmosferyczne,Wywrócenie się pojazdu,Dobre warunki atmosferyczne,Światło dzienne,Jezdnia,EWK-104523450X,6,2016-06-23,Ciężko,20*46'117,51*46'295,728,Obszar zabudowany,Odcinek prosty,Droga wojewódzka,Jednojezdniowa dwukierunkowa,N,POWIAT GRÓJECKI,BELSK DUŻY - OBSZAR WIEJSKI
1,0,1,2016,Dobre warunki atmosferyczne,Wywrócenie się pojazdu,Dobre warunki atmosferyczne,Światło dzienne,Jezdnia,EWK-104531659K,9,2016-06-11,Lekko,22*18'389,52*23'356,62,Obszar zabudowany,,Droga krajowa,Jednojezdniowa dwukierunkowa,N,POWIAT SOKOŁOWSKI,SOKOŁÓW PODLASKI - OBSZAR WIEJSKI
1,0,0,2016,Dobre warunki atmosferyczne,Wywrócenie się pojazdu,Dobre warunki atmosferyczne,Światło dzienne,Jezdnia,EWK-104531659K,9,2016-06-11,Nieokreślone (puste pole),22*18'389,52*23'356,62,Obszar zabudowany,,Droga krajowa,Jednojezdniowa dwukierunkowa,N,POWIAT SOKOŁOWSKI,SOKOŁÓW PODLASKI - OBSZAR WIEJSKI
1,0,1,2016,Dobre warunki atmosferyczne,Wywrócenie się pojazdu,Dobre warunki atmosferyczne,Światło dzienne,Jezdnia,EWK-104532817M,17,2016-06-25,Ciężko,23*01'399,52*10'414,02126W,Obszar niezabudowany,Odcinek prosty,Droga powiatowa,Jednojezdniowa dwukierunkowa,N,POWIAT ŁOSICKI,STARA KORNICA - OBSZAR WIEJSKI
1,0,1,2016,Dobre warunki atmosferyczne,Wywrócenie się pojazdu,Dobre warunki atmosferyczne,Światło dzienne,Jezdnia,EWK-104551714H,14,2016-06-29,Lekko,19*56'187,52*45'587,10,Obszar niezabudowany,Odcinek prosty,Droga krajowa,Jednojezdniowa dwukierunkowa,N,POWIAT SIERPECKI,ZAWIDZ - OBSZAR WIEJSKI
1,0,1,2016,Dobre warunki atmosferyczne,Wywrócenie się pojazdu,Dobre warunki atmosferyczne,Światło dzienne,Jezdnia,EWK-104551740T,18,2016-06-29,Lekko,19*52'077,52*48'356,561,Obszar niezabudowany,Odcinek prosty,Droga wojewódzka,Jednojezdniowa dwukierunkowa,N,POWIAT SIERPECKI,ZAWIDZ - OBSZAR WIEJSKI
1,0,1,2016,Dobre warunki atmosferyczne,Wywrócenie się pojazdu,Dobre warunki atmosferyczne,Światło dzienne,Jezdnia,EWK-104563416J,14,2016-07-03,Lekko,20*21'121,52*13'082,92,Obszar niezabudowany,Odcinek prosty,Droga krajowa,Jednojezdniowa dwukierunkowa,N,POWIAT SOCHACZEWSKI,SOCHACZEW - OBSZAR WIEJSKI
1,0,0,2016,Dobre warunki atmosferyczne,Wywrócenie się pojazdu,Dobre warunki atmosferyczne,Światło dzienne,Jezdnia,EWK-104563416J,14,2016-07-03,Nieokreślone (puste pole),20*21'121,52*13'082,92,Obszar niezabudowany,Odcinek prosty,Droga krajowa,Jednojezdniowa dwukierunkowa,N,POWIAT SOCHACZEWSKI,SOCHACZEW - OBSZAR WIEJSKI
1,1,0,2016,Dobre warunki atmosferyczne,Wywrócenie się pojazdu,Dobre warunki atmosferyczne,Światło dzienne,Jezdnia,EWK-104590979G,16,2016-07-10,Nieokreślone (puste pole),21*31'402,53*22'556,647,Obszar niezabudowany,"Zakręt, łuk",Droga wojewódzka,Jednojezdniowa dwukierunkowa,T,POWIAT OSTROŁĘCKI,ŁYSE - OBSZAR WIEJSKI
1,0,1,2016,Dobre warunki atmosferyczne,Wywrócenie się pojazdu,Dobre warunki atmosferyczne,Światło dzienne,Jezdnia,EWK-104595621Q,6,2016-07-12,Lekko,21*11'369,53*16'156,3209W,Obszar niezabudowany,Odcinek prosty,Droga powiatowa,Jednojezdniowa dwukierunkowa,N,POWIAT PRZASNYSKI,CHORZELE - OBSZAR WIEJSKI
1,0,1,2016,Dobre warunki atmosferyczne,Wywrócenie się pojazdu,Dobre warunki atmosferyczne,Światło dzienne,Jezdnia,EWK-104597261L,19,2016-07-08,Lekko,20*59'344,52*50'135,G210222W,Obszar zabudowany,Odcinek prosty,Droga gminna,Jednojezdniowa dwukierunkowa,N,POWIAT MAKOWSKI,KARNIEWO - OBSZAR WIEJSKI
1,0,0,2016,Dobre warunki atmosferyczne,Wywrócenie się pojazdu,Dobre warunki atmosferyczne,Światło dzienne,Jezdnia,EWK-104597261L,19,2016-07-08,Nieokreślone (puste pole),20*59'344,52*50'135,G210222W,Obszar zabudowany,Odcinek prosty,Droga gminna,Jednojezdniowa dwukierunkowa,N,POWIAT MAKOWSKI,KARNIEWO - OBSZAR WIEJSKI
1,0,1,2016,Dobre warunki atmosferyczne,Wywrócenie się pojazdu,Dobre warunki atmosferyczne,Światło dzienne,Jezdnia,EWK-104600364L,11,2016-07-12,Ciężko,21*45'138,51*24'269,P4505W,Obszar zabudowany,"Zakręt, łuk",Droga powiatowa,Jednojezdniowa dwukierunkowa,N,POWIAT ZWOLEŃSKI,POLICZNA - OBSZAR WIEJSKI
1,0,1,2016,Dobre warunki atmosferyczne,Wywrócenie się pojazdu,Dobre warunki atmosferyczne,Światło dzienne,Jezdnia,EWK-104624506N,18,2016-07-15,Ciężko,21*11'053,51*31'213,P3515W,Obszar niezabudowany,Odcinek prosty,Droga powiatowa,Jednojezdniowa dwukierunkowa,N,POWIAT RADOMSKI,JASTRZĘBIA - OBSZAR WIEJSKI
1,0,1,2016,Dobre warunki atmosferyczne,Wywrócenie się pojazdu,Dobre warunki atmosferyczne,Światło dzienne,Jezdnia,EWK-104624506N,18,2016-07-15,Lekko,21*11'053,51*31'213,P3515W,Obszar niezabudowany,Odcinek prosty,Droga powiatowa,Jednojezdniowa dwukierunkowa,N,POWIAT RADOMSKI,JASTRZĘBIA - OBSZAR WIEJSKI
1,0,0,2016,Dobre warunki atmosferyczne,Wywrócenie się pojazdu,Dobre warunki atmosferyczne,Światło dzienne,Jezdnia,EWK-104624506N,18,2016-07-15,Nieokreślone (puste pole),21*11'053,51*31'213,P3515W,Obszar niezabudowany,Odcinek prosty,Droga powiatowa,Jednojezdniowa dwukierunkowa,N,POWIAT RADOMSKI,JASTRZĘBIA - OBSZAR WIEJSKI
1,1,0,2016,Dobre warunki atmosferyczne,Wywrócenie się pojazdu,Dobre warunki atmosferyczne,Światło dzienne,Jezdnia,EWK-104662353R,9,2016-07-23,Nieokreślone (puste pole),21*46'328,51*43'222,31358W,Obszar zabudowany,Spadek,Droga powiatowa,Jednojezdniowa dwukierunkowa,N,POWIAT GARWOLIŃSKI,TROJANÓW - OBSZAR WIEJSKI
1,0,1,2016,Dobre warunki atmosferyczne,Wywrócenie się pojazdu,Dobre warunki atmosferyczne,Światło dzienne,Jezdnia,EWK-104668881E,7,2016-07-24,Lekko,22*22'076,52*23'145,62,Obszar niezabudowany,"Zakręt, łuk",Droga krajowa,Jednojezdniowa dwukierunkowa,N,POWIAT SOKOŁOWSKI,REPKI - OBSZAR WIEJSKI
1,0,0,2016,Dobre warunki atmosferyczne,Wywrócenie się pojazdu,Dobre warunki atmosferyczne,Światło dzienne,Jezdnia,EWK-104668881E,7,2016-07-24,Nieokreślone (puste pole),22*22'076,52*23'145,62,Obszar niezabudowany,"Zakręt, łuk",Droga krajowa,Jednojezdniowa dwukierunkowa,N,POWIAT SOKOŁOWSKI,REPKI - OBSZAR WIEJSKI
1,0,1,2016,Dobre warunki atmosferyczne,Wywrócenie się pojazdu,Dobre warunki atmosferyczne,Światło dzienne,Jezdnia,EWK-104680939Y,12,2016-07-29,Lekko,20*27'128,51*36'276,34345W,Obszar niezabudowany,Odcinek prosty,Droga powiatowa,Jednojezdniowa dwukierunkowa,N,POWIAT PRZYSUSKI,ODRZYWÓŁ - OBSZAR WIEJSKI
1,1,0,2016,Dobre warunki atmosferyczne,Wywrócenie się pojazdu,Dobre warunki atmosferyczne,Światło dzienne,Jezdnia,EWK-104682661P,17,2016-07-29,Nieokreślone (puste pole),19*45'570,52*34'486,GMINNA,Obszar niezabudowany,"Zakręt, łuk",Droga gminna,Jednojezdniowa dwukierunkowa,N,POWIAT PŁOCKI,RADZANOWO - OBSZAR WIEJSKI
1,0,1,2016,Dobre warunki atmosferyczne,Wywrócenie się pojazdu,Dobre warunki atmosferyczne,Światło dzienne,Jezdnia,EWK-104710597R,14,2016-08-07,Lekko,20*23'488,53*08'131,7,Obszar niezabudowany,Odcinek prosty,Droga krajowa,Jednojezdniowa dwukierunkowa,N,POWIAT MŁAWSKI,MŁAWA - OBSZAR MIEJSKI
1,0,0,2016,Dobre warunki atmosferyczne,Wywrócenie się pojazdu,Dobre warunki atmosferyczne,Światło dzienne,Jezdnia,EWK-104710597R,14,2016-08-07,Nieokreślone (puste pole),20*23'488,53*08'131,7,Obszar niezabudowany,Odcinek prosty,Droga krajowa,Jednojezdniowa dwukierunkowa,N,POWIAT MŁAWSKI,MŁAWA - OBSZAR MIEJSKI
1,0,1,2016,Dobre warunki atmosferyczne,Wywrócenie się pojazdu,Dobre warunki atmosferyczne,Światło dzienne,Jezdnia,EWK-104713732M,16,2016-08-08,Lekko,19*41'237,52*29'491,GMINNA,Obszar niezabudowany,"Zakręt, łuk",Droga gminna,Jednojezdniowa dwukierunkowa,N,POWIAT PŁOCK,PŁOCK - OBSZAR MIEJSKI
1,0,0,2016,Dobre warunki atmosferyczne,Wywrócenie się pojazdu,Dobre warunki atmosferyczne,Światło dzienne,Jezdnia,EWK-104713732M,16,2016-08-08,Nieokreślone (puste pole),19*41'237,52*29'491,GMINNA,Obszar niezabudowany,"Zakręt, łuk",Droga gminna,Jednojezdniowa dwukierunkowa,N,POWIAT PŁOCK,PŁOCK - OBSZAR MIEJSKI
1,1,0,2016,Dobre warunki atmosferyczne,Wywrócenie się pojazdu,Dobre warunki atmosferyczne,Światło dzienne,Jezdnia,EWK-104718141U,18,2016-08-09,Nieokreślone (puste pole),19*52'583,53*03'232,563,Obszar niezabudowany,Odcinek prosty,Droga wojewódzka,Jednojezdniowa dwukierunkowa,N,POWIAT ŻUROMIŃSKI,ŻUROMIN - OBSZAR WIEJSKI
1,0,1,2016,Dobre warunki atmosferyczne,Wywrócenie się pojazdu,Dobre warunki atmosferyczne,Światło dzienne,Jezdnia,EWK-104738542M,10,2016-08-16,Lekko,19*36'331,52*51'467,P3727W,Obszar niezabudowany,Odcinek prosty,Droga powiatowa,Jednojezdniowa dwukierunkowa,N,POWIAT SIERPECKI,SIERPC - OBSZAR WIEJSKI
1,0,1,2016,Dobre warunki atmosferyczne,Wywrócenie się pojazdu,Dobre warunki atmosferyczne,Światło dzienne,Jezdnia,EWK-104783630U,13,2016-08-26,Ciężko,19*28'527,52*27'506,573,Obszar niezabudowany,,Droga wojewódzka,Jednojezdniowa dwukierunkowa,N,POWIAT GOSTYNIŃSKI,GOSTYNIN - OBSZAR WIEJSKI
1,0,0,2016,Dobre warunki atmosferyczne,Wywrócenie się pojazdu,Dobre warunki atmosferyczne,Światło dzienne,Jezdnia,EWK-104783630U,13,2016-08-26,Nieokreślone (puste pole),19*28'527,52*27'506,573,Obszar niezabudowany,,Droga wojewódzka,Jednojezdniowa dwukierunkowa,N,POWIAT GOSTYNIŃSKI,GOSTYNIN - OBSZAR WIEJSKI
1,0,1,2016,Dobre warunki atmosferyczne,Wywrócenie się pojazdu,Dobre warunki atmosferyczne,Światło dzienne,Jezdnia,EWK-104784186K,17,2016-08-26,Lekko,21*35'225,53*27'038,2519W,Obszar niezabudowany,"Zakręt, łuk",Droga powiatowa,Jednojezdniowa dwukierunkowa,N,POWIAT OSTROŁĘCKI,ŁYSE - OBSZAR WIEJSKI
1,0,1,2016,Dobre warunki atmosferyczne,Wywrócenie się pojazdu,Dobre warunki atmosferyczne,Światło dzienne,Jezdnia,EWK-104824371P,18,2016-09-08,Lekko,19*33'438,52*43'046,P3766W,Obszar niezabudowany,Odcinek prosty,Droga powiatowa,Jednojezdniowa dwukierunkowa,T,POWIAT SIERPECKI,MOCHOWO - OBSZAR WIEJSKI
1,0,3,2016,Dobre warunki atmosferyczne,Wywrócenie się pojazdu,Dobre warunki atmosferyczne,Światło dzienne,Jezdnia,EWK-104832397Q,15,2016-09-11,Ciężko,21*06'362,51*48'487,P,Obszar niezabudowany,Odcinek prosty,Droga powiatowa,Jednojezdniowa dwukierunkowa,N,POWIAT GRÓJECKI,WARKA - OBSZAR WIEJSKI
1,0,2,2016,Dobre warunki atmosferyczne,Wywrócenie się pojazdu,Dobre warunki atmosferyczne,Światło dzienne,Jezdnia,EWK-104838187P,9,2016-09-12,Lekko,20*49'421,51*52'395,50,Obszar niezabudowany,Odcinek prosty,Droga krajowa,Jednojezdniowa dwukierunkowa,N,POWIAT GRÓJECKI,GRÓJEC - OBSZAR WIEJSKI
1,0,0,2016,Dobre warunki atmosferyczne,Wywrócenie się pojazdu,Dobre warunki atmosferyczne,Światło dzienne,Jezdnia,EWK-104838187P,9,2016-09-12,Nieokreślone (puste pole),20*49'421,51*52'395,50,Obszar niezabudowany,Odcinek prosty,Droga krajowa,Jednojezdniowa dwukierunkowa,N,POWIAT GRÓJECKI,GRÓJEC - OBSZAR WIEJSKI
1,0,1,2016,Dobre warunki atmosferyczne,Wywrócenie się pojazdu,Dobre warunki atmosferyczne,Światło dzienne,Jezdnia,EWK-104844994R,15,2016-09-11,Lekko,21*17'526,51*09'408,747,Obszar zabudowany,Odcinek prosty,Droga wojewódzka,Jednojezdniowa dwukierunkowa,N,POWIAT RADOMSKI,IŁŻA - OBSZAR WIEJSKI
1,0,0,2016,Dobre warunki atmosferyczne,Wywrócenie się pojazdu,Dobre warunki atmosferyczne,Światło dzienne,Jezdnia,EWK-104844994R,15,2016-09-11,Nieokreślone (puste pole),21*17'526,51*09'408,747,Obszar zabudowany,Odcinek prosty,Droga wojewódzka,Jednojezdniowa dwukierunkowa,N,POWIAT RADOMSKI,IŁŻA - OBSZAR WIEJSKI
1,0,1,2016,Dobre warunki atmosferyczne,Wywrócenie się pojazdu,Dobre warunki atmosferyczne,Światło dzienne,Jezdnia,EWK-104849324J,13,2016-09-12,Ciężko,22*10'567,52*19'564,P3937W,Obszar niezabudowany,"Zakręt, łuk",Droga powiatowa,Jednojezdniowa dwukierunkowa,N,POWIAT SOKOŁOWSKI,BIELANY - OBSZAR WIEJSKI
1,0,1,2016,Dobre warunki atmosferyczne,Wywrócenie się pojazdu,Dobre warunki atmosferyczne,Światło dzienne,Jezdnia,EWK-104859099H,7,2016-09-19,Ciężko,20*01'472,52*52'505,P4635W,Obszar zabudowany,"Zakręt, łuk",Droga powiatowa,Jednojezdniowa dwukierunkowa,N,POWIAT ŻUROMIŃSKI,SIEMIĄTKOWO - OBSZAR WIEJSKI
1,0,1,2016,Dobre warunki atmosferyczne,Wywrócenie się pojazdu,Dobre warunki atmosferyczne,Światło dzienne,Jezdnia,EWK-104863940C,12,2016-09-19,Lekko,21*68'151,51*18'058,1916D,Obszar niezabudowany,Odcinek prosty,Droga powiatowa,Jednojezdniowa dwukierunkowa,N,POWIAT LIPSKI,LIPSKO - OBSZAR WIEJSKI
1,0,1,2016,Dobre warunki atmosferyczne,Wywrócenie się pojazdu,Dobre warunki atmosferyczne,Światło dzienne,Jezdnia,EWK-104864606Q,15,2016-09-21,Lekko,21*36'005,51*21'255,12,Obszar zabudowany,Odcinek prosty,Droga krajowa,Jednojezdniowa dwukierunkowa,N,POWIAT ZWOLEŃSKI,ZWOLEŃ - OBSZAR MIEJSKI
1,0,0,2016,Dobre warunki atmosferyczne,Wywrócenie się pojazdu,Dobre warunki atmosferyczne,Światło dzienne,Jezdnia,EWK-104864606Q,15,2016-09-21,Nieokreślone (puste pole),21*36'005,51*21'255,12,Obszar zabudowany,Odcinek prosty,Droga krajowa,Jednojezdniowa dwukierunkowa,N,POWIAT ZWOLEŃSKI,ZWOLEŃ - OBSZAR MIEJSKI
1,0,1,2016,Dobre warunki atmosferyczne,Wywrócenie się pojazdu,Dobre warunki atmosferyczne,Światło dzienne,Jezdnia,EWK-104886926A,16,2016-10-02,Ciężko,21*20'364,51*29'289,GMINNA,Obszar niezabudowany,"Zakręt, łuk",Droga gminna,Jednojezdniowa dwukierunkowa,N,POWIAT RADOMSKI,PIONKI - OBSZAR WIEJSKI
1,0,2,2016,Dobre warunki atmosferyczne,Wywrócenie się pojazdu,Dobre warunki atmosferyczne,Światło dzienne,Jezdnia,EWK-104966157J,16,2016-10-26,Lekko,20*51'202,52*41'441,G340517W,Obszar zabudowany,Odcinek prosty,Droga gminna,Jednojezdniowa dwukierunkowa,N,POWIAT PUŁTUSKI,ŚWIERCZE - OBSZAR WIEJSKI
1,0,0,2016,Dobre warunki atmosferyczne,Wywrócenie się pojazdu,Dobre warunki atmosferyczne,Światło dzienne,Jezdnia,EWK-104966157J,16,2016-10-26,Nieokreślone (puste pole),20*51'202,52*41'441,G340517W,Obszar zabudowany,Odcinek prosty,Droga gminna,Jednojezdniowa dwukierunkowa,N,POWIAT PUŁTUSKI,ŚWIERCZE - OBSZAR WIEJSKI
1,0,1,2016,Dobre warunki atmosferyczne,Wywrócenie się pojazdu,Dobre warunki atmosferyczne,Światło dzienne,Jezdnia,EWK-105019633C,7,2016-11-08,Lekko,20*48'229,51*53'104,50,Obszar niezabudowany,Odcinek prosty,Droga krajowa,Jednojezdniowa dwukierunkowa,N,POWIAT GRÓJECKI,GRÓJEC - OBSZAR WIEJSKI
1,0,0,2016,Dobre warunki atmosferyczne,Wywrócenie się pojazdu,Dobre warunki atmosferyczne,Światło dzienne,Jezdnia,EWK-105019633C,7,2016-11-08,Nieokreślone (puste pole),20*48'229,51*53'104,50,Obszar niezabudowany,Odcinek prosty,Droga krajowa,Jednojezdniowa dwukierunkowa,N,POWIAT GRÓJECKI,GRÓJEC - OBSZAR WIEJSKI
1,0,1,2016,Dobre warunki atmosferyczne,Wywrócenie się pojazdu,Dobre warunki atmosferyczne,Światło dzienne,Pas dzielący jezdnie,EWK-104810068M,19,2016-09-03,Lekko,19*44'257,52*32'196,62,Obszar zabudowany,Odcinek prosty,Droga krajowa,Dwie jezdnie jednokierunkowe,N,POWIAT PŁOCK,PŁOCK - OBSZAR MIEJSKI
1,0,1,2016,Dobre warunki atmosferyczne,Wywrócenie się pojazdu,Dobre warunki atmosferyczne,Światło dzienne,Pobocze,EWK-103885024K,7,2016-02-13,Lekko,21*45'480,51*29'316,738,Obszar niezabudowany,Odcinek prosty,Droga wojewódzka,Jednojezdniowa dwukierunkowa,N,POWIAT KOZIENICKI,GNIEWOSZÓW - OBSZAR WIEJSKI
1,0,1,2016,Dobre warunki atmosferyczne,Wywrócenie się pojazdu,Dobre warunki atmosferyczne,Światło dzienne,Pobocze,EWK-103997218A,14,2016-03-04,Lekko,19*38'054,52*32'426,62,Obszar zabudowany,"Zakręt, łuk",Droga krajowa,Jednojezdniowa dwukierunkowa,T,POWIAT PŁOCKI,NOWY DUNINÓW - OBSZAR WIEJSKI
1,0,0,2016,Dobre warunki atmosferyczne,Wywrócenie się pojazdu,Dobre warunki atmosferyczne,Światło dzienne,Pobocze,EWK-103997218A,14,2016-03-04,Nieokreślone (puste pole),19*38'054,52*32'426,62,Obszar zabudowany,"Zakręt, łuk",Droga krajowa,Jednojezdniowa dwukierunkowa,T,POWIAT PŁOCKI,NOWY DUNINÓW - OBSZAR WIEJSKI
1,0,1,2016,Dobre warunki atmosferyczne,Wywrócenie się pojazdu,Dobre warunki atmosferyczne,Światło dzienne,Pobocze,EWK-104010213D,8,2016-03-10,Ciężko,21*24'384,51*41'371,79,Obszar niezabudowany,"Zakręt, łuk",Droga krajowa,Jednojezdniowa dwukierunkowa,N,POWIAT KOZIENICKI,MAGNUSZEW - OBSZAR WIEJSKI
1,0,5,2016,Dobre warunki atmosferyczne,Wywrócenie się pojazdu,Dobre warunki atmosferyczne,Światło dzienne,Pobocze,EWK-104122224U,23,2016-03-27,Lekko,21*47'431,51*44'540,P1363W,Obszar zabudowany,Odcinek prosty,Droga powiatowa,Jednojezdniowa dwukierunkowa,N,POWIAT GARWOLIŃSKI,TROJANÓW - OBSZAR WIEJSKI
1,0,1,2016,Dobre warunki atmosferyczne,Wywrócenie się pojazdu,Dobre warunki atmosferyczne,Światło dzienne,Pobocze,EWK-104522330F,15,2016-06-23,Lekko,21*06'351,52*35'492,61,Obszar niezabudowany,Odcinek prosty,Droga krajowa,Jednojezdniowa dwukierunkowa,N,POWIAT PUŁTUSKI,POKRZYWNICA - OBSZAR WIEJSKI
1,0,3,2016,Dobre warunki atmosferyczne,Wywrócenie się pojazdu,Dobre warunki atmosferyczne,Światło dzienne,Pobocze,EWK-104523300G,18,2016-06-21,Ciężko,21*16'012,51*47'291,W736,Obszar niezabudowany,Odcinek prosty,Droga wojewódzka,Jednojezdniowa dwukierunkowa,N,POWIAT KOZIENICKI,MAGNUSZEW - OBSZAR WIEJSKI
1,0,2,2016,Dobre warunki atmosferyczne,Wywrócenie się pojazdu,Dobre warunki atmosferyczne,Światło dzienne,Pobocze,EWK-104654821C,19,2016-07-22,Lekko,19*27'580,52*37'310,GMINNA,Obszar niezabudowany,"Zakręt, łuk",Droga gminna,Jednojezdniowa dwukierunkowa,N,POWIAT PŁOCKI,BRUDZEŃ DUŻY - OBSZAR WIEJSKI
1,0,2,2016,Dobre warunki atmosferyczne,Wywrócenie się pojazdu,Dobre warunki atmosferyczne,Światło dzienne,Pobocze,EWK-104681013P,5,2016-07-31,Lekko,20*43'515,53*15'167,P3216W,Obszar niezabudowany,Odcinek prosty,Droga powiatowa,Jednojezdniowa dwukierunkowa,N,POWIAT PRZASNYSKI,CHORZELE - OBSZAR WIEJSKI