Liczba wypadków,Liczba zabitych,Liczba rannych,Rok,Warunki atmosferyczne,Rodzaj zdarzenia,Warunki atmosferyczne,Oświetlenie,Charakterystyka miejsca zdarzenia,IDKSIP zdarzenia,Godzina,Dzień,Ranny,GPS x,GPS y,Numer drogi,Obszar,Geometria drogi,Kategoria drogi 1,Rodzaj drogi,Czy w zdarzeniu był sprawca nietrzeźwy,Powiat,Gmina
1,0,0,2016,Dobre warunki atmosferyczne,Zderzenie pojazdów tylne,Dobre warunki atmosferyczne,Światło dzienne,Jezdnia,EWK-104897202R,17,2016-10-06,Nieokreślone (puste pole),20*49'628,51*52'552,50,Obszar zabudowany,Odcinek prosty,Droga krajowa,Jednojezdniowa dwukierunkowa,N,POWIAT GRÓJECKI,GRÓJEC - OBSZAR WIEJSKI
1,0,1,2016,Dobre warunki atmosferyczne,Zderzenie pojazdów tylne,Dobre warunki atmosferyczne,Światło dzienne,Jezdnia,EWK-104913067P,14,2016-10-13,Lekko,21*08'065,51*24'591,7,Obszar zabudowany,Odcinek prosty,Droga krajowa,Dwie jezdnie jednokierunkowe,N,POWIAT RADOM,RADOM - OBSZAR MIEJSKI
1,0,0,2016,Dobre warunki atmosferyczne,Zderzenie pojazdów tylne,Dobre warunki atmosferyczne,Światło dzienne,Jezdnia,EWK-104913067P,14,2016-10-13,Nieokreślone (puste pole),21*08'065,51*24'591,7,Obszar zabudowany,Odcinek prosty,Droga krajowa,Dwie jezdnie jednokierunkowe,N,POWIAT RADOM,RADOM - OBSZAR MIEJSKI
1,0,2,2016,Dobre warunki atmosferyczne,Zderzenie pojazdów tylne,Dobre warunki atmosferyczne,Światło dzienne,Jezdnia,EWK-104918190Y,15,2016-10-17,Lekko,19*32'073,52*39'161,559,Obszar niezabudowany,Wzniesienie,Droga wojewódzka,Jednojezdniowa dwukierunkowa,N,POWIAT PŁOCKI,BRUDZEŃ DUŻY - OBSZAR WIEJSKI
1,0,0,2016,Dobre warunki atmosferyczne,Zderzenie pojazdów tylne,Dobre warunki atmosferyczne,Światło dzienne,Jezdnia,EWK-104918190Y,15,2016-10-17,Nieokreślone (puste pole),19*32'073,52*39'161,559,Obszar niezabudowany,Wzniesienie,Droga wojewódzka,Jednojezdniowa dwukierunkowa,N,POWIAT PŁOCKI,BRUDZEŃ DUŻY - OBSZAR WIEJSKI
1,0,1,2016,Dobre warunki atmosferyczne,Zderzenie pojazdów tylne,Dobre warunki atmosferyczne,Światło dzienne,Jezdnia,EWK-104918601G,10,2016-10-14,Ciężko,22*15'509,52*10'261,,Obszar zabudowany,,Nieokreślone (puste pole),Jednojezdniowa dwukierunkowa,N,POWIAT SIEDLCE,SIEDLCE - OBSZAR MIEJSKI
1,0,0,2016,Dobre warunki atmosferyczne,Zderzenie pojazdów tylne,Dobre warunki atmosferyczne,Światło dzienne,Jezdnia,EWK-104918601G,10,2016-10-14,Nieokreślone (puste pole),22*15'509,52*10'261,,Obszar zabudowany,,Nieokreślone (puste pole),Jednojezdniowa dwukierunkowa,N,POWIAT SIEDLCE,SIEDLCE - OBSZAR MIEJSKI
1,0,1,2016,Dobre warunki atmosferyczne,Zderzenie pojazdów tylne,Dobre warunki atmosferyczne,Światło dzienne,Jezdnia,EWK-104919354E,17,2016-10-16,Lekko,21*21'387,51*22'500,12,Obszar niezabudowany,Odcinek prosty,Droga krajowa,Jednojezdniowa dwukierunkowa,N,POWIAT RADOMSKI,GÓZD - OBSZAR WIEJSKI
1,0,0,2016,Dobre warunki atmosferyczne,Zderzenie pojazdów tylne,Dobre warunki atmosferyczne,Światło dzienne,Jezdnia,EWK-104919354E,17,2016-10-16,Nieokreślone (puste pole),21*21'387,51*22'500,12,Obszar niezabudowany,Odcinek prosty,Droga krajowa,Jednojezdniowa dwukierunkowa,N,POWIAT RADOMSKI,GÓZD - OBSZAR WIEJSKI
1,0,1,2016,Dobre warunki atmosferyczne,Zderzenie pojazdów tylne,Dobre warunki atmosferyczne,Światło dzienne,Jezdnia,EWK-104920476C,14,2016-10-14,Lekko,21*08'171,51*22'395,P5335W,Obszar zabudowany,Odcinek prosty,Droga powiatowa,Jednojezdniowa dwukierunkowa,N,POWIAT RADOM,RADOM - OBSZAR MIEJSKI
1,0,0,2016,Dobre warunki atmosferyczne,Zderzenie pojazdów tylne,Dobre warunki atmosferyczne,Światło dzienne,Jezdnia,EWK-104920476C,14,2016-10-14,Nieokreślone (puste pole),21*08'171,51*22'395,P5335W,Obszar zabudowany,Odcinek prosty,Droga powiatowa,Jednojezdniowa dwukierunkowa,N,POWIAT RADOM,RADOM - OBSZAR MIEJSKI
1,0,1,2016,Dobre warunki atmosferyczne,Zderzenie pojazdów tylne,Dobre warunki atmosferyczne,Światło dzienne,Jezdnia,EWK-104965856F,13,2016-10-26,Lekko,21*27'131,51*22'149,12,Obszar niezabudowany,Odcinek prosty,Droga krajowa,Jednojezdniowa dwukierunkowa,N,POWIAT ZWOLEŃSKI,TCZÓW - OBSZAR WIEJSKI
1,0,0,2016,Dobre warunki atmosferyczne,Zderzenie pojazdów tylne,Dobre warunki atmosferyczne,Światło dzienne,Jezdnia,EWK-104965856F,13,2016-10-26,Nieokreślone (puste pole),21*27'131,51*22'149,12,Obszar niezabudowany,Odcinek prosty,Droga krajowa,Jednojezdniowa dwukierunkowa,N,POWIAT ZWOLEŃSKI,TCZÓW - OBSZAR WIEJSKI
1,0,3,2016,Dobre warunki atmosferyczne,Zderzenie pojazdów tylne,Dobre warunki atmosferyczne,Światło dzienne,Jezdnia,EWK-104997337N,10,2016-11-03,Lekko,21*08'354,51*26'595,7,Obszar zabudowany,Odcinek prosty,Droga krajowa,Dwie jezdnie jednokierunkowe,N,POWIAT RADOM,RADOM - OBSZAR MIEJSKI
1,0,0,2016,Dobre warunki atmosferyczne,Zderzenie pojazdów tylne,Dobre warunki atmosferyczne,Światło dzienne,Jezdnia,EWK-104997337N,10,2016-11-03,Nieokreślone (puste pole),21*08'354,51*26'595,7,Obszar zabudowany,Odcinek prosty,Droga krajowa,Dwie jezdnie jednokierunkowe,N,POWIAT RADOM,RADOM - OBSZAR MIEJSKI
1,0,1,2016,Dobre warunki atmosferyczne,Zderzenie pojazdów tylne,Dobre warunki atmosferyczne,Światło dzienne,Jezdnia,EWK-105057908P,13,2016-11-12,Lekko,21*36'193,51*54'300,GMINNA,Obszar zabudowany,,Droga gminna,Jednojezdniowa dwukierunkowa,N,POWIAT GARWOLIŃSKI,GARWOLIN - OBSZAR MIEJSKI
1,0,0,2016,Dobre warunki atmosferyczne,Zderzenie pojazdów tylne,Dobre warunki atmosferyczne,Światło dzienne,Jezdnia,EWK-105057908P,13,2016-11-12,Nieokreślone (puste pole),21*36'193,51*54'300,GMINNA,Obszar zabudowany,,Droga gminna,Jednojezdniowa dwukierunkowa,N,POWIAT GARWOLIŃSKI,GARWOLIN - OBSZAR MIEJSKI
1,0,1,2016,Dobre warunki atmosferyczne,Zderzenie pojazdów tylne,Dobre warunki atmosferyczne,Światło dzienne,Jezdnia,EWK-105065129J,9,2016-11-08,Lekko,21*34'303,53*04'464,P5101W,Obszar zabudowany,,Droga powiatowa,Jednokierunkowa,N,POWIAT OSTROŁĘKA,OSTROŁĘKA - OBSZAR MIEJSKI
1,0,0,2016,Dobre warunki atmosferyczne,Zderzenie pojazdów tylne,Dobre warunki atmosferyczne,Światło dzienne,Jezdnia,EWK-105065129J,9,2016-11-08,Nieokreślone (puste pole),21*34'303,53*04'464,P5101W,Obszar zabudowany,,Droga powiatowa,Jednokierunkowa,N,POWIAT OSTROŁĘKA,OSTROŁĘKA - OBSZAR MIEJSKI
1,0,1,2016,Dobre warunki atmosferyczne,Zderzenie pojazdów tylne,Dobre warunki atmosferyczne,Światło dzienne,Jezdnia,EWK-105125520M,13,2016-11-23,Lekko,21*06'364,51*22'266,P3564W,Obszar zabudowany,Odcinek prosty,Droga powiatowa,Jednojezdniowa dwukierunkowa,N,POWIAT RADOM,RADOM - OBSZAR MIEJSKI
1,0,0,2016,Dobre warunki atmosferyczne,Zderzenie pojazdów tylne,Dobre warunki atmosferyczne,Światło dzienne,Jezdnia,EWK-105125520M,13,2016-11-23,Nieokreślone (puste pole),21*06'364,51*22'266,P3564W,Obszar zabudowany,Odcinek prosty,Droga powiatowa,Jednojezdniowa dwukierunkowa,N,POWIAT RADOM,RADOM - OBSZAR MIEJSKI
1,0,1,2016,Dobre warunki atmosferyczne,Zderzenie pojazdów tylne,Dobre warunki atmosferyczne,Światło dzienne,Jezdnia,EWK-105142424Q,13,2016-12-01,Lekko,21*03'202,52*41'272,694,Obszar zabudowany,Odcinek prosty,Droga wojewódzka,Jednojezdniowa dwukierunkowa,N,POWIAT OSTROWSKI,MAŁKINIA GÓRNA - OBSZAR WIEJSKI
1,0,0,2016,Dobre warunki atmosferyczne,Zderzenie pojazdów tylne,Dobre warunki atmosferyczne,Światło dzienne,Jezdnia,EWK-105142424Q,13,2016-12-01,Nieokreślone (puste pole),21*03'202,52*41'272,694,Obszar zabudowany,Odcinek prosty,Droga wojewódzka,Jednojezdniowa dwukierunkowa,N,POWIAT OSTROWSKI,MAŁKINIA GÓRNA - OBSZAR WIEJSKI
1,0,1,2016,Dobre warunki atmosferyczne,Zderzenie pojazdów tylne,Dobre warunki atmosferyczne,Światło dzienne,Jezdnia,EWK-105148248D,11,2016-12-05,Ciężko,21*06'121,52*51'527,60,Obszar zabudowany,,Droga krajowa,Jednojezdniowa dwukierunkowa,N,POWIAT MAKOWSKI,MAKÓW MAZOWIECKI - OBSZAR MIEJSKI
1,0,0,2016,Dobre warunki atmosferyczne,Zderzenie pojazdów tylne,Dobre warunki atmosferyczne,Światło dzienne,Jezdnia,EWK-105148248D,11,2016-12-05,Nieokreślone (puste pole),21*06'121,52*51'527,60,Obszar zabudowany,,Droga krajowa,Jednojezdniowa dwukierunkowa,N,POWIAT MAKOWSKI,MAKÓW MAZOWIECKI - OBSZAR MIEJSKI
1,0,1,2016,Dobre warunki atmosferyczne,Zderzenie pojazdów tylne,Dobre warunki atmosferyczne,Światło dzienne,Jezdnia,EWK-105311192C,9,2016-12-23,Ciężko,20*46'585,51*27'292,P3334W,Obszar zabudowany,Odcinek prosty,Droga powiatowa,Jednojezdniowa dwukierunkowa,N,POWIAT RADOMSKI,PRZYTYK - OBSZAR WIEJSKI
1,0,0,2016,Dobre warunki atmosferyczne,Zderzenie pojazdów tylne,Dobre warunki atmosferyczne,Światło dzienne,Jezdnia,EWK-105311192C,9,2016-12-23,Nieokreślone (puste pole),20*46'585,51*27'292,P3334W,Obszar zabudowany,Odcinek prosty,Droga powiatowa,Jednojezdniowa dwukierunkowa,N,POWIAT RADOMSKI,PRZYTYK - OBSZAR WIEJSKI
1,0,1,2016,Dobre warunki atmosferyczne,Zderzenie pojazdów tylne,Dobre warunki atmosferyczne,Światło dzienne,Jezdnia,EWK-105315372W,13,2016-12-30,Ciężko,21*08'446,51*25'277,7,Obszar zabudowany,Odcinek prosty,Droga krajowa,Dwie jezdnie jednokierunkowe,N,POWIAT RADOM,RADOM - OBSZAR MIEJSKI
1,0,0,2016,Dobre warunki atmosferyczne,Zderzenie pojazdów tylne,Dobre warunki atmosferyczne,Światło dzienne,Jezdnia,EWK-105315372W,13,2016-12-30,Nieokreślone (puste pole),21*08'446,51*25'277,7,Obszar zabudowany,Odcinek prosty,Droga krajowa,Dwie jezdnie jednokierunkowe,N,POWIAT RADOM,RADOM - OBSZAR MIEJSKI
1,0,1,2016,Dobre warunki atmosferyczne,Zderzenie pojazdów tylne,Dobre warunki atmosferyczne,Światło dzienne,"Most, wiadukt, łącznica, tunel",EWK-104646172K,14,2016-07-23,Lekko,21*33'583,53*05'189,61,Obszar zabudowany,Odcinek prosty,Droga krajowa,Jednojezdniowa dwukierunkowa,N,POWIAT OSTROŁĘKA,OSTROŁĘKA - OBSZAR MIEJSKI
1,0,0,2016,Dobre warunki atmosferyczne,Zderzenie pojazdów tylne,Dobre warunki atmosferyczne,Światło dzienne,"Most, wiadukt, łącznica, tunel",EWK-104646172K,14,2016-07-23,Nieokreślone (puste pole),21*33'583,53*05'189,61,Obszar zabudowany,Odcinek prosty,Droga krajowa,Jednojezdniowa dwukierunkowa,N,POWIAT OSTROŁĘKA,OSTROŁĘKA - OBSZAR MIEJSKI
1,0,1,2016,Dobre warunki atmosferyczne,Zderzenie pojazdów tylne,Dobre warunki atmosferyczne,Światło dzienne,Pobocze,EWK-104682715F,9,2016-07-31,Lekko,19*35'088,52*27'300,60,Obszar niezabudowany,Odcinek prosty,Droga krajowa,Jednojezdniowa dwukierunkowa,N,POWIAT PŁOCKI,ŁĄCK - OBSZAR WIEJSKI
1,0,0,2016,Dobre warunki atmosferyczne,Zderzenie pojazdów tylne,Dobre warunki atmosferyczne,Światło dzienne,Pobocze,EWK-104682715F,9,2016-07-31,Nieokreślone (puste pole),19*35'088,52*27'300,60,Obszar niezabudowany,Odcinek prosty,Droga krajowa,Jednojezdniowa dwukierunkowa,N,POWIAT PŁOCKI,ŁĄCK - OBSZAR WIEJSKI
1,0,1,2016,Dobre warunki atmosferyczne,Zderzenie pojazdów tylne,Dobre warunki atmosferyczne,Światło dzienne,Przejazd kolejowy strzeżony,EWK-104122125G,8,2016-03-23,Lekko,21*35'296,51*47'194,31345W,Obszar zabudowany,Odcinek prosty,Droga powiatowa,Jednokierunkowa,N,POWIAT GARWOLIŃSKI,ŁASKARZEW - OBSZAR MIEJSKI
1,0,0,2016,Dobre warunki atmosferyczne,Zderzenie pojazdów tylne,Dobre warunki atmosferyczne,Światło dzienne,Przejazd kolejowy strzeżony,EWK-104122125G,8,2016-03-23,Nieokreślone (puste pole),21*35'296,51*47'194,31345W,Obszar zabudowany,Odcinek prosty,Droga powiatowa,Jednokierunkowa,N,POWIAT GARWOLIŃSKI,ŁASKARZEW - OBSZAR MIEJSKI
1,0,1,2016,Dobre warunki atmosferyczne,Zderzenie pojazdów tylne,Dobre warunki atmosferyczne,Światło dzienne,Przejście dla pieszych,EWK-103808609H,15,2016-01-27,Lekko,20*26'572,52*02'591,719,Obszar zabudowany,Odcinek prosty,Droga wojewódzka,Jednojezdniowa dwukierunkowa,N,POWIAT ŻYRARDOWSKI,ŻYRARDÓW - OBSZAR MIEJSKI
1,0,0,2016,Dobre warunki atmosferyczne,Zderzenie pojazdów tylne,Dobre warunki atmosferyczne,Światło dzienne,Przejście dla pieszych,EWK-103808609H,15,2016-01-27,Nieokreślone (puste pole),20*26'572,52*02'591,719,Obszar zabudowany,Odcinek prosty,Droga wojewódzka,Jednojezdniowa dwukierunkowa,N,POWIAT ŻYRARDOWSKI,ŻYRARDÓW - OBSZAR MIEJSKI
1,1,0,2016,Dobre warunki atmosferyczne,Zderzenie pojazdów tylne,Dobre warunki atmosferyczne,Światło dzienne,Przejście dla pieszych,EWK-104487270U,10,2016-06-16,Nieokreślone (puste pole),20*28'219,51*23'539,12,Obszar zabudowany,Odcinek prosty,Droga krajowa,Jednojezdniowa dwukierunkowa,T,POWIAT PRZYSUSKI,GIELNIÓW - OBSZAR WIEJSKI
1,1,0,2016,Dobre warunki atmosferyczne,Zderzenie pojazdów tylne,Dobre warunki atmosferyczne,Światło dzienne,"Roboty drogowe, oznakowanie tymczasowe",EWK-105123474K,9,2016-11-23,Nieokreślone (puste pole),21*18'425,51*25'113,P3527W,Obszar zabudowany,Odcinek prosty,Droga powiatowa,Jednojezdniowa dwukierunkowa,N,POWIAT RADOMSKI,JEDLNIA-LETNISKO - OBSZAR WIEJSKI
1,0,1,2016,Dobre warunki atmosferyczne,Zderzenie pojazdów tylne,Dobre warunki atmosferyczne,Światło dzienne,"Wjazd, wyjazd z posesji, pola",EWK-104229129X,10,2016-04-25,Ciężko,19*57'296,52*28'492,P2941W,Obszar zabudowany,Odcinek prosty,Droga powiatowa,Jednojezdniowa dwukierunkowa,N,POWIAT PŁOCKI,BODZANÓW - OBSZAR WIEJSKI
1,0,0,2016,Dobre warunki atmosferyczne,Zderzenie pojazdów tylne,Dobre warunki atmosferyczne,Światło dzienne,"Wjazd, wyjazd z posesji, pola",EWK-104229129X,10,2016-04-25,Nieokreślone (puste pole),19*57'296,52*28'492,P2941W,Obszar zabudowany,Odcinek prosty,Droga powiatowa,Jednojezdniowa dwukierunkowa,N,POWIAT PŁOCKI,BODZANÓW - OBSZAR WIEJSKI
1,0,1,2016,Dobre warunki atmosferyczne,Zderzenie pojazdów tylne,Dobre warunki atmosferyczne,Światło dzienne,"Wjazd, wyjazd z posesji, pola",EWK-104278854X,13,2016-05-06,Ciężko,19*47'310,52*37'032,60,Obszar niezabudowany,Odcinek prosty,Droga krajowa,Jednojezdniowa dwukierunkowa,N,POWIAT PŁOCKI,BIELSK - OBSZAR WIEJSKI
1,0,0,2016,Dobre warunki atmosferyczne,Zderzenie pojazdów tylne,Dobre warunki atmosferyczne,Światło dzienne,"Wjazd, wyjazd z posesji, pola",EWK-104278854X,13,2016-05-06,Nieokreślone (puste pole),19*47'310,52*37'032,60,Obszar niezabudowany,Odcinek prosty,Droga krajowa,Jednojezdniowa dwukierunkowa,N,POWIAT PŁOCKI,BIELSK - OBSZAR WIEJSKI
1,0,1,2016,Dobre warunki atmosferyczne,Zderzenie pojazdów tylne,Dobre warunki atmosferyczne,Światło dzienne,"Wjazd, wyjazd z posesji, pola",EWK-104400287T,15,2016-05-30,Lekko,19*34'560,52*38'389,GMINNA,Obszar niezabudowany,Odcinek prosty,Droga gminna,Jednojezdniowa dwukierunkowa,N,POWIAT PŁOCKI,BRUDZEŃ DUŻY - OBSZAR WIEJSKI
1,0,0,2016,Dobre warunki atmosferyczne,Zderzenie pojazdów tylne,Dobre warunki atmosferyczne,Światło dzienne,"Wjazd, wyjazd z posesji, pola",EWK-104400287T,15,2016-05-30,Nieokreślone (puste pole),19*34'560,52*38'389,GMINNA,Obszar niezabudowany,Odcinek prosty,Droga gminna,Jednojezdniowa dwukierunkowa,N,POWIAT PŁOCKI,BRUDZEŃ DUŻY - OBSZAR WIEJSKI
1,1,0,2016,Dobre warunki atmosferyczne,Zderzenie pojazdów tylne,Dobre warunki atmosferyczne,Światło dzienne,"Wjazd, wyjazd z posesji, pola",EWK-104829570M,17,2016-09-11,Nieokreślone (puste pole),20*14'029,52*29'152,50,Obszar niezabudowany,Odcinek prosty,Droga krajowa,Jednojezdniowa dwukierunkowa,N,POWIAT PŁOCKI,WYSZOGRÓD - OBSZAR WIEJSKI
1,0,2,2016,Dobre warunki atmosferyczne,Zderzenie pojazdów tylne,Dobre warunki atmosferyczne,Światło dzienne,"Wjazd, wyjazd z posesji, pola",EWK-104849685T,13,2016-09-13,Lekko,21*10'033,51*20'568,P3539W,Obszar niezabudowany,Odcinek prosty,Droga powiatowa,Jednojezdniowa dwukierunkowa,N,POWIAT RADOMSKI,SKARYSZEW - OBSZAR WIEJSKI
1,0,1,2016,Dobre warunki atmosferyczne,Zderzenie pojazdów tylne,Dobre warunki atmosferyczne,Światło dzienne,"Wjazd, wyjazd z posesji, pola",EWK-104852572U,13,2016-09-16,Lekko,19*54'298,52*41'570,60,Obszar niezabudowany,Odcinek prosty,Droga krajowa,Jednojezdniowa dwukierunkowa,N,POWIAT PŁOCKI,DROBIN - OBSZAR WIEJSKI
1,0,0,2016,Dobre warunki atmosferyczne,Zderzenie pojazdów tylne,Dobre warunki atmosferyczne,Światło dzienne,"Wjazd, wyjazd z posesji, pola",EWK-104852572U,13,2016-09-16,Nieokreślone (puste pole),19*54'298,52*41'570,60,Obszar niezabudowany,Odcinek prosty,Droga krajowa,Jednojezdniowa dwukierunkowa,N,POWIAT PŁOCKI,DROBIN - OBSZAR WIEJSKI
1,0,1,2016,Dobre warunki atmosferyczne,Zderzenie pojazdów tylne,Dobre warunki atmosferyczne,"Świt, zmrok",Jezdnia,EWK-104483548P,1,2016-06-05,Lekko,21*03'292,51*09'400,4016W,Obszar zabudowany,Odcinek prosty,Droga powiatowa,Jednojezdniowa dwukierunkowa,N,POWIAT SZYDŁOWIECKI,MIRÓW - OBSZAR WIEJSKI
1,0,0,2016,Dobre warunki atmosferyczne,Zderzenie pojazdów tylne,Dobre warunki atmosferyczne,"Świt, zmrok",Jezdnia,EWK-104483548P,1,2016-06-05,Nieokreślone (puste pole),21*03'292,51*09'400,4016W,Obszar zabudowany,Odcinek prosty,Droga powiatowa,Jednojezdniowa dwukierunkowa,N,POWIAT SZYDŁOWIECKI,MIRÓW - OBSZAR WIEJSKI
1,0,1,2016,Dobre warunki atmosferyczne,Zderzenie pojazdów tylne,Dobre warunki atmosferyczne,"Świt, zmrok",Jezdnia,EWK-104673624A,3,2016-07-27,Lekko,21*04'596,51*31'512,7,Obszar niezabudowany,Odcinek prosty,Droga krajowa,Dwie jezdnie jednokierunkowe,N,POWIAT RADOMSKI,JEDLIŃSK - OBSZAR WIEJSKI
1,0,0,2016,Dobre warunki atmosferyczne,Zderzenie pojazdów tylne,Dobre warunki atmosferyczne,"Świt, zmrok",Jezdnia,EWK-104673624A,3,2016-07-27,Nieokreślone (puste pole),21*04'596,51*31'512,7,Obszar niezabudowany,Odcinek prosty,Droga krajowa,Dwie jezdnie jednokierunkowe,N,POWIAT RADOMSKI,JEDLIŃSK - OBSZAR WIEJSKI
1,0,1,2016,Dobre warunki atmosferyczne,Zderzenie pojazdów tylne,Dobre warunki atmosferyczne,"Świt, zmrok",Jezdnia,EWK-104852600N,19,2016-09-18,Ciężko,19*41'040,52*32'518,62,Obszar zabudowany,,Droga krajowa,Jednokierunkowa,N,POWIAT PŁOCK,PŁOCK - OBSZAR MIEJSKI
1,0,1,2016,Dobre warunki atmosferyczne,Zderzenie pojazdów tylne,Dobre warunki atmosferyczne,"Świt, zmrok",Jezdnia,EWK-104852600N,19,2016-09-18,Lekko,19*41'040,52*32'518,62,Obszar zabudowany,,Droga krajowa,Jednokierunkowa,N,POWIAT PŁOCK,PŁOCK - OBSZAR MIEJSKI
1,0,0,2016,Dobre warunki atmosferyczne,Zderzenie pojazdów tylne,Dobre warunki atmosferyczne,"Świt, zmrok",Jezdnia,EWK-104852600N,19,2016-09-18,Nieokreślone (puste pole),19*41'040,52*32'518,62,Obszar zabudowany,,Droga krajowa,Jednokierunkowa,N,POWIAT PŁOCK,PŁOCK - OBSZAR MIEJSKI
1,0,1,2016,Dobre warunki atmosferyczne,Zderzenie pojazdów tylne,Dobre warunki atmosferyczne,"Świt, zmrok",Jezdnia,EWK-104872656T,19,2016-09-25,Ciężko,19*55'286,52*46'190,10,Obszar niezabudowany,Odcinek prosty,Droga krajowa,Jednojezdniowa dwukierunkowa,N,POWIAT SIERPECKI,ZAWIDZ - OBSZAR WIEJSKI
1,0,1,2016,Dobre warunki atmosferyczne,Zderzenie pojazdów tylne,Dobre warunki atmosferyczne,"Świt, zmrok",Jezdnia,EWK-104872656T,19,2016-09-25,Lekko,19*55'286,52*46'190,10,Obszar niezabudowany,Odcinek prosty,Droga krajowa,Jednojezdniowa dwukierunkowa,N,POWIAT SIERPECKI,ZAWIDZ - OBSZAR WIEJSKI
1,0,0,2016,Dobre warunki atmosferyczne,Zderzenie pojazdów tylne,Dobre warunki atmosferyczne,"Świt, zmrok",Jezdnia,EWK-104872656T,19,2016-09-25,Nieokreślone (puste pole),19*55'286,52*46'190,10,Obszar niezabudowany,Odcinek prosty,Droga krajowa,Jednojezdniowa dwukierunkowa,N,POWIAT SIERPECKI,ZAWIDZ - OBSZAR WIEJSKI
1,0,1,2016,Dobre warunki atmosferyczne,Zderzenie pojazdów tylne,Dobre warunki atmosferyczne,"Świt, zmrok",Jezdnia,EWK-105130107G,16,2016-11-25,Lekko,19*45'499,52*32'028,62,Obszar zabudowany,Odcinek prosty,Droga krajowa,Dwie jezdnie jednokierunkowe,N,POWIAT PŁOCK,PŁOCK - OBSZAR MIEJSKI
1,0,0,2016,Dobre warunki atmosferyczne,Zderzenie pojazdów tylne,Dobre warunki atmosferyczne,"Świt, zmrok",Jezdnia,EWK-105130107G,16,2016-11-25,Nieokreślone (puste pole),19*45'499,52*32'028,62,Obszar zabudowany,Odcinek prosty,Droga krajowa,Dwie jezdnie jednokierunkowe,N,POWIAT PŁOCK,PŁOCK - OBSZAR MIEJSKI
1,0,1,2016,Dobre warunki atmosferyczne,Zderzenie pojazdów tylne,Dobre warunki atmosferyczne,"Świt, zmrok",Jezdnia,EWK-105312716U,6,2016-12-29,Lekko,19*40'568,52*33'022,P0244T,Obszar zabudowany,Odcinek prosty,Droga powiatowa,Jednojezdniowa dwukierunkowa,N,POWIAT PŁOCK,PŁOCK - OBSZAR MIEJSKI
1,0,0,2016,Dobre warunki atmosferyczne,Zderzenie pojazdów tylne,Dobre warunki atmosferyczne,"Świt, zmrok",Jezdnia,EWK-105312716U,6,2016-12-29,Nieokreślone (puste pole),19*40'568,52*33'022,P0244T,Obszar zabudowany,Odcinek prosty,Droga powiatowa,Jednojezdniowa dwukierunkowa,N,POWIAT PŁOCK,PŁOCK - OBSZAR MIEJSKI
1,0,1,2016,"Mgła, dym",Inne,"Mgła, dym",Światło dzienne,Jezdnia,EWK-103800367M,15,2016-01-26,Lekko,19*55'200,52*28'098,62,Obszar niezabudowany,Odcinek prosty,Droga krajowa,Jednojezdniowa dwukierunkowa,N,POWIAT PŁOCKI,BODZANÓW - OBSZAR WIEJSKI
1,0,0,2016,"Mgła, dym",Inne,"Mgła, dym",Światło dzienne,Jezdnia,EWK-103800367M,15,2016-01-26,Nieokreślone (puste pole),19*55'200,52*28'098,62,Obszar niezabudowany,Odcinek prosty,Droga krajowa,Jednojezdniowa dwukierunkowa,N,POWIAT PŁOCKI,BODZANÓW - OBSZAR WIEJSKI
1,0,1,2016,"Mgła, dym",Najechanie na drzewo,"Mgła, dym",Noc - droga nieoświetlona,Jezdnia,EWK-104088993R,21,2016-03-26,Ciężko,21*28'303,53*22'144,645,Obszar niezabudowany,Odcinek prosty,Droga wojewódzka,Jednojezdniowa dwukierunkowa,N,POWIAT OSTROŁĘCKI,ŁYSE - OBSZAR WIEJSKI
1,1,0,2016,"Mgła, dym",Najechanie na drzewo,"Mgła, dym",Noc - droga nieoświetlona,Jezdnia,EWK-104088993R,21,2016-03-26,Nieokreślone (puste pole),21*28'303,53*22'144,645,Obszar niezabudowany,Odcinek prosty,Droga wojewódzka,Jednojezdniowa dwukierunkowa,N,POWIAT OSTROŁĘCKI,ŁYSE - OBSZAR WIEJSKI
1,0,1,2016,"Mgła, dym",Najechanie na pieszego,"Mgła, dym",Noc - droga nieoświetlona,Jezdnia,EWK-104929993K,0,2016-10-23,Lekko,20*14'578,53*00'561,G231031W,Obszar niezabudowany,Odcinek prosty,Droga gminna,Jednojezdniowa dwukierunkowa,N,POWIAT MŁAWSKI,WIŚNIEWO - OBSZAR WIEJSKI
1,0,0,2016,"Mgła, dym",Najechanie na pieszego,"Mgła, dym",Noc - droga nieoświetlona,Jezdnia,EWK-104929993K,0,2016-10-23,Nieokreślone (puste pole),20*14'578,53*00'561,G231031W,Obszar niezabudowany,Odcinek prosty,Droga gminna,Jednojezdniowa dwukierunkowa,N,POWIAT MŁAWSKI,WIŚNIEWO - OBSZAR WIEJSKI
1,0,1,2016,"Mgła, dym",Najechanie na pieszego,"Mgła, dym",Noc - droga oświetlona,Przejście dla pieszych,EWK-105130114U,19,2016-11-25,Lekko,20*26'041,52*03'330,GMINNA,Obszar zabudowany,,Droga gminna,Jednojezdniowa dwukierunkowa,N,POWIAT ŻYRARDOWSKI,ŻYRARDÓW - OBSZAR MIEJSKI