Liczba wypadków,Liczba zabitych,Liczba rannych,Rok,Warunki atmosferyczne,Rodzaj zdarzenia,Warunki atmosferyczne,Oświetlenie,Charakterystyka miejsca zdarzenia,IDKSIP zdarzenia,Godzina,Dzień,Ranny,GPS x,GPS y,Numer drogi,Obszar,Geometria drogi,Kategoria drogi 1,Rodzaj drogi,Czy w zdarzeniu był sprawca nietrzeźwy,Powiat,Gmina
1,0,0,2016,"Mgła, dym",Najechanie na pieszego,"Mgła, dym",Noc - droga oświetlona,Przejście dla pieszych,EWK-105130114U,19,2016-11-25,Nieokreślone (puste pole),20*26'041,52*03'330,GMINNA,Obszar zabudowany,,Droga gminna,Jednojezdniowa dwukierunkowa,N,POWIAT ŻYRARDOWSKI,ŻYRARDÓW - OBSZAR MIEJSKI
1,0,1,2016,"Mgła, dym",Najechanie na pieszego,"Mgła, dym","Świt, zmrok",Jezdnia,EWK-104982966P,6,2016-10-23,Lekko,21*21'155,51*52'162,801,Obszar niezabudowany,Odcinek prosty,Droga wojewódzka,Jednojezdniowa dwukierunkowa,T,POWIAT GARWOLIŃSKI,WILGA - OBSZAR WIEJSKI
1,0,0,2016,"Mgła, dym",Najechanie na pieszego,"Mgła, dym","Świt, zmrok",Jezdnia,EWK-104982966P,6,2016-10-23,Nieokreślone (puste pole),21*21'155,51*52'162,801,Obszar niezabudowany,Odcinek prosty,Droga wojewódzka,Jednojezdniowa dwukierunkowa,T,POWIAT GARWOLIŃSKI,WILGA - OBSZAR WIEJSKI
1,0,1,2016,"Mgła, dym",Wywrócenie się pojazdu,"Mgła, dym",Noc - droga nieoświetlona,Pobocze,EWK-104904815R,3,2016-10-09,Lekko,21*31'309,50*43'333,79,Obszar niezabudowany,"Zakręt, łuk",Droga krajowa,Jednojezdniowa dwukierunkowa,N,POWIAT LIPSKI,LIPSKO - OBSZAR WIEJSKI
1,0,3,2016,"Mgła, dym",Wywrócenie się pojazdu,"Mgła, dym",Noc - droga oświetlona,"Skarpa, rów",EWK-105128784Q,0,2016-11-25,Lekko,19*39'380,52*33'101,564,Obszar zabudowany,,Droga wojewódzka,Jednojezdniowa dwukierunkowa,T,POWIAT PŁOCK,PŁOCK - OBSZAR MIEJSKI
1,0,1,2016,"Mgła, dym",Wywrócenie się pojazdu,"Mgła, dym",Światło dzienne,Jezdnia,EWK-104009446L,8,2016-03-09,Lekko,21*48'185,52*45'408,8,Obszar niezabudowany,Odcinek prosty,Droga krajowa,Jednojezdniowa dwukierunkowa,N,POWIAT OSTROWSKI,OSTRÓW MAZOWIECKA - OBSZAR WIEJSKI
1,0,0,2016,"Mgła, dym",Wywrócenie się pojazdu,"Mgła, dym",Światło dzienne,Jezdnia,EWK-104009446L,8,2016-03-09,Nieokreślone (puste pole),21*48'185,52*45'408,8,Obszar niezabudowany,Odcinek prosty,Droga krajowa,Jednojezdniowa dwukierunkowa,N,POWIAT OSTROWSKI,OSTRÓW MAZOWIECKA - OBSZAR WIEJSKI
1,0,1,2016,"Mgła, dym",Zdarzenie z pasażerem,"Mgła, dym",Noc - droga nieoświetlona,Jezdnia,EWK-105299875X,17,2016-12-18,Lekko,20*25'002,53*05'432,615,Obszar niezabudowany,,Droga wojewódzka,Jednojezdniowa dwukierunkowa,N,POWIAT MŁAWSKI,SZYDŁOWO - OBSZAR WIEJSKI
1,0,0,2016,"Mgła, dym",Zdarzenie z pasażerem,"Mgła, dym",Noc - droga nieoświetlona,Jezdnia,EWK-105299875X,17,2016-12-18,Nieokreślone (puste pole),20*25'002,53*05'432,615,Obszar niezabudowany,,Droga wojewódzka,Jednojezdniowa dwukierunkowa,N,POWIAT MŁAWSKI,SZYDŁOWO - OBSZAR WIEJSKI
1,0,1,2016,"Mgła, dym",Zderzenie pojazdów boczne,"Mgła, dym",Noc - droga nieoświetlona,Jezdnia,EWK-104799197J,0,2016-08-31,Lekko,21*18'111,53*11'049,2578W,Obszar niezabudowany,,Droga powiatowa,Jednojezdniowa dwukierunkowa,N,POWIAT OSTROŁĘCKI,BARANOWO - OBSZAR WIEJSKI
1,0,0,2016,"Mgła, dym",Zderzenie pojazdów boczne,"Mgła, dym",Noc - droga nieoświetlona,Jezdnia,EWK-104799197J,0,2016-08-31,Nieokreślone (puste pole),21*18'111,53*11'049,2578W,Obszar niezabudowany,,Droga powiatowa,Jednojezdniowa dwukierunkowa,N,POWIAT OSTROŁĘCKI,BARANOWO - OBSZAR WIEJSKI
1,0,2,2016,"Mgła, dym",Zderzenie pojazdów boczne,"Mgła, dym",Światło dzienne,Jezdnia,EWK-104089437J,9,2016-03-27,Ciężko,20*51'211,53*04'254,57,Obszar niezabudowany,,Droga krajowa,Jednojezdniowa dwukierunkowa,N,POWIAT PRZASNYSKI,PRZASNYSZ - OBSZAR WIEJSKI
1,0,0,2016,"Mgła, dym",Zderzenie pojazdów boczne,"Mgła, dym",Światło dzienne,Jezdnia,EWK-104089437J,9,2016-03-27,Nieokreślone (puste pole),20*51'211,53*04'254,57,Obszar niezabudowany,,Droga krajowa,Jednojezdniowa dwukierunkowa,N,POWIAT PRZASNYSKI,PRZASNYSZ - OBSZAR WIEJSKI
1,0,1,2016,"Mgła, dym",Zderzenie pojazdów boczne,"Mgła, dym",Światło dzienne,Jezdnia,EWK-104817186R,7,2016-09-06,Lekko,20*25'062,52*59'582,P2349W,Obszar zabudowany,"Zakręt, łuk",Droga powiatowa,Jednojezdniowa dwukierunkowa,N,POWIAT MŁAWSKI,STUPSK - OBSZAR WIEJSKI
1,0,0,2016,"Mgła, dym",Zderzenie pojazdów boczne,"Mgła, dym",Światło dzienne,Jezdnia,EWK-104817186R,7,2016-09-06,Nieokreślone (puste pole),20*25'062,52*59'582,P2349W,Obszar zabudowany,"Zakręt, łuk",Droga powiatowa,Jednojezdniowa dwukierunkowa,N,POWIAT MŁAWSKI,STUPSK - OBSZAR WIEJSKI
1,2,0,2016,"Mgła, dym",Zderzenie pojazdów czołowe,"Mgła, dym",Noc - droga nieoświetlona,Jezdnia,EWK-105128803L,0,2016-11-25,Nieokreślone (puste pole),21*47'436,52*49'220,60,Obszar niezabudowany,"Zakręt, łuk",Droga krajowa,Jednojezdniowa dwukierunkowa,T,POWIAT OSTROWSKI,OSTRÓW MAZOWIECKA - OBSZAR WIEJSKI
1,1,0,2016,"Mgła, dym",Zderzenie pojazdów czołowe,"Mgła, dym",Światło dzienne,Jezdnia,EWK-105147443L,9,2016-12-04,Nieokreślone (puste pole),20*39'320,52*55'090,617,Obszar niezabudowany,"Zakręt, łuk",Droga wojewódzka,Jednojezdniowa dwukierunkowa,N,POWIAT CIECHANOWSKI,OPINOGÓRA GÓRNA - OBSZAR WIEJSKI
1,0,1,2016,"Mgła, dym",Zderzenie pojazdów czołowe,"Mgła, dym","Świt, zmrok",Jezdnia,EWK-105133947Y,6,2016-11-24,Ciężko,22*11'284,52*10'341,2,Obszar zabudowany,Odcinek prosty,Droga krajowa,Jednojezdniowa dwukierunkowa,N,POWIAT SIEDLECKI,SIEDLCE - OBSZAR WIEJSKI
1,0,2,2016,"Mgła, dym",Zderzenie pojazdów czołowe,"Mgła, dym","Świt, zmrok",Jezdnia,EWK-105133947Y,6,2016-11-24,Lekko,22*11'284,52*10'341,2,Obszar zabudowany,Odcinek prosty,Droga krajowa,Jednojezdniowa dwukierunkowa,N,POWIAT SIEDLECKI,SIEDLCE - OBSZAR WIEJSKI
1,0,0,2016,"Mgła, dym",Zderzenie pojazdów czołowe,"Mgła, dym","Świt, zmrok",Jezdnia,EWK-105133947Y,6,2016-11-24,Nieokreślone (puste pole),22*11'284,52*10'341,2,Obszar zabudowany,Odcinek prosty,Droga krajowa,Jednojezdniowa dwukierunkowa,N,POWIAT SIEDLECKI,SIEDLCE - OBSZAR WIEJSKI
1,0,1,2016,"Mgła, dym",Zderzenie pojazdów tylne,"Mgła, dym",Światło dzienne,Jezdnia,EWK-103948225M,10,2016-02-27,Lekko,19*44'353,52*32'197,60,Obszar zabudowany,,Droga krajowa,Jednokierunkowa,N,POWIAT PŁOCK,PŁOCK - OBSZAR MIEJSKI
1,0,0,2016,"Mgła, dym",Zderzenie pojazdów tylne,"Mgła, dym",Światło dzienne,Jezdnia,EWK-103948225M,10,2016-02-27,Nieokreślone (puste pole),19*44'353,52*32'197,60,Obszar zabudowany,,Droga krajowa,Jednokierunkowa,N,POWIAT PŁOCK,PŁOCK - OBSZAR MIEJSKI
1,0,1,2016,Opady deszczu,Inne,Opady deszczu,Noc - droga nieoświetlona,Jezdnia,EWK-104024558T,21,2016-03-11,Lekko,21*26'233,51*17'032,P4502W,Obszar zabudowany,"Zakręt, łuk",Droga powiatowa,Jednojezdniowa dwukierunkowa,N,POWIAT ZWOLEŃSKI,KAZANÓW - OBSZAR WIEJSKI
1,0,0,2016,Opady deszczu,Inne,Opady deszczu,Noc - droga nieoświetlona,Jezdnia,EWK-104024558T,21,2016-03-11,Nieokreślone (puste pole),21*26'233,51*17'032,P4502W,Obszar zabudowany,"Zakręt, łuk",Droga powiatowa,Jednojezdniowa dwukierunkowa,N,POWIAT ZWOLEŃSKI,KAZANÓW - OBSZAR WIEJSKI
1,0,5,2016,Opady deszczu,Inne,Opady deszczu,Noc - droga nieoświetlona,Jezdnia,EWK-105056998T,4,2016-11-13,Lekko,22*16'181,52*28'015,63,Obszar niezabudowany,Odcinek prosty,Droga krajowa,Jednojezdniowa dwukierunkowa,N,POWIAT SOKOŁOWSKI,SABNIE - OBSZAR WIEJSKI
1,0,3,2016,Opady deszczu,Inne,Opady deszczu,Noc - droga nieoświetlona,Jezdnia,EWK-105135569A,18,2016-11-27,Lekko,21*13'179,51*51'110,731,Obszar niezabudowany,Odcinek prosty,Droga wojewódzka,Jednojezdniowa dwukierunkowa,N,POWIAT GRÓJECKI,WARKA - OBSZAR WIEJSKI
1,0,0,2016,Opady deszczu,Inne,Opady deszczu,Noc - droga nieoświetlona,Jezdnia,EWK-105135569A,18,2016-11-27,Nieokreślone (puste pole),21*13'179,51*51'110,731,Obszar niezabudowany,Odcinek prosty,Droga wojewódzka,Jednojezdniowa dwukierunkowa,N,POWIAT GRÓJECKI,WARKA - OBSZAR WIEJSKI
1,0,2,2016,Opady deszczu,Inne,Opady deszczu,Noc - droga nieoświetlona,Pobocze,EWK-104887181U,23,2016-10-02,Ciężko,19*25'307,52*20'493,60,Obszar zabudowany,"Zakręt, łuk",Droga krajowa,Jednojezdniowa dwukierunkowa,N,POWIAT GOSTYNIŃSKI,GOSTYNIN - OBSZAR WIEJSKI
1,0,1,2016,Opady deszczu,Inne,Opady deszczu,Noc - droga nieoświetlona,"Skarpa, rów",EWK-103806967L,22,2016-01-25,Lekko,21*15'560,53*04'549,544,Obszar niezabudowany,"Zakręt, łuk",Droga wojewódzka,Jednojezdniowa dwukierunkowa,T,POWIAT MAKOWSKI,KRASNOSIELC - OBSZAR WIEJSKI
1,0,1,2016,Opady deszczu,Inne,Opady deszczu,Noc - droga oświetlona,Pobocze,EWK-104591096P,22,2016-07-06,Lekko,21*20'548,51*35'469,P1716W,Obszar zabudowany,Odcinek prosty,Droga powiatowa,Jednojezdniowa dwukierunkowa,N,POWIAT KOZIENICKI,GŁOWACZÓW - OBSZAR WIEJSKI
1,0,1,2016,Opady deszczu,Inne,Opady deszczu,Światło dzienne,Jezdnia,EWK-104915927E,12,2016-10-18,Ciężko,19*35'129,52*41'281,G370228W,Obszar niezabudowany,"Zakręt, łuk",Droga gminna,Jednojezdniowa dwukierunkowa,T,POWIAT SIERPECKI,MOCHOWO - OBSZAR WIEJSKI
1,0,1,2016,Opady deszczu,Inne,Opady deszczu,Światło dzienne,"Skarpa, rów",EWK-104924485M,16,2016-10-15,Ciężko,19*42'150,52*37'248,P2918W,Obszar niezabudowany,Odcinek prosty,Droga powiatowa,Jednojezdniowa dwukierunkowa,T,POWIAT PŁOCKI,STARA BIAŁA - OBSZAR WIEJSKI
1,0,1,2016,Opady deszczu,Inne,Opady deszczu,Światło dzienne,"Skarpa, rów",EWK-104924485M,16,2016-10-15,Lekko,19*42'150,52*37'248,P2918W,Obszar niezabudowany,Odcinek prosty,Droga powiatowa,Jednojezdniowa dwukierunkowa,T,POWIAT PŁOCKI,STARA BIAŁA - OBSZAR WIEJSKI
1,0,2,2016,Opady deszczu,Inne,Opady deszczu,"Świt, zmrok",Jezdnia,EWK-104897772N,4,2016-10-06,Lekko,20*20'369,53*03'017,7,Obszar niezabudowany,Odcinek prosty,Droga krajowa,Jednojezdniowa dwukierunkowa,N,POWIAT MŁAWSKI,WIŚNIEWO - OBSZAR WIEJSKI
1,0,0,2016,Opady deszczu,Inne,Opady deszczu,"Świt, zmrok",Jezdnia,EWK-104897772N,4,2016-10-06,Nieokreślone (puste pole),20*20'369,53*03'017,7,Obszar niezabudowany,Odcinek prosty,Droga krajowa,Jednojezdniowa dwukierunkowa,N,POWIAT MŁAWSKI,WIŚNIEWO - OBSZAR WIEJSKI
1,0,1,2016,Opady deszczu,Inne,Opady deszczu,"Świt, zmrok",Przejście dla pieszych,EWK-105163494D,16,2016-12-10,Ciężko,20*22'023,52*37'488,P3075W,Obszar zabudowany,Odcinek prosty,Droga powiatowa,Jednojezdniowa dwukierunkowa,N,POWIAT PŁOŃSKI,PŁOŃSK - OBSZAR MIEJSKI
1,0,0,2016,Opady deszczu,Inne,Opady deszczu,"Świt, zmrok",Przejście dla pieszych,EWK-105163494D,16,2016-12-10,Nieokreślone (puste pole),20*22'023,52*37'488,P3075W,Obszar zabudowany,Odcinek prosty,Droga powiatowa,Jednojezdniowa dwukierunkowa,N,POWIAT PŁOŃSKI,PŁOŃSK - OBSZAR MIEJSKI
1,1,0,2016,Opady deszczu,Najechanie na barierę ochronną,Opady deszczu,Światło dzienne,Jezdnia,EWK-104607221X,11,2016-07-14,Nieokreślone (puste pole),20*18'352,52*09'184,50,Obszar niezabudowany,"Zakręt, łuk",Droga krajowa,Jednojezdniowa dwukierunkowa,N,POWIAT SOCHACZEWSKI,SOCHACZEW - OBSZAR WIEJSKI
1,0,1,2016,Opady deszczu,Najechanie na barierę ochronną,Opady deszczu,Światło dzienne,Jezdnia,EWK-104669466N,14,2016-07-25,Ciężko,19*18'306,52*22'397,A1,Obszar niezabudowany,"Zakręt, łuk",Autostrada,Autostrada,N,POWIAT GOSTYNIŃSKI,GOSTYNIN - OBSZAR WIEJSKI
1,0,0,2016,Opady deszczu,Najechanie na barierę ochronną,Opady deszczu,Światło dzienne,Jezdnia,EWK-104669466N,14,2016-07-25,Nieokreślone (puste pole),19*18'306,52*22'397,A1,Obszar niezabudowany,"Zakręt, łuk",Autostrada,Autostrada,N,POWIAT GOSTYNIŃSKI,GOSTYNIN - OBSZAR WIEJSKI
1,0,1,2016,Opady deszczu,Najechanie na barierę ochronną,Opady deszczu,Światło dzienne,Jezdnia,EWK-104904503F,10,2016-10-08,Ciężko,21*14'426,51*14'266,9,Obszar niezabudowany,Odcinek prosty,Droga krajowa,Jednojezdniowa dwukierunkowa,N,POWIAT RADOMSKI,SKARYSZEW - OBSZAR WIEJSKI
1,0,0,2016,Opady deszczu,Najechanie na barierę ochronną,Opady deszczu,Światło dzienne,Jezdnia,EWK-104904503F,10,2016-10-08,Nieokreślone (puste pole),21*14'426,51*14'266,9,Obszar niezabudowany,Odcinek prosty,Droga krajowa,Jednojezdniowa dwukierunkowa,N,POWIAT RADOMSKI,SKARYSZEW - OBSZAR WIEJSKI
1,0,1,2016,Opady deszczu,Najechanie na drzewo,Opady deszczu,Noc - droga nieoświetlona,Jezdnia,EWK-103798173N,5,2016-01-26,Lekko,21*43'297,51*30'316,738,Obszar niezabudowany,,Droga wojewódzka,Jednojezdniowa dwukierunkowa,N,POWIAT KOZIENICKI,GARBATKA-LETNISKO - OBSZAR WIEJSKI
1,1,0,2016,Opady deszczu,Najechanie na drzewo,Opady deszczu,Noc - droga nieoświetlona,Jezdnia,EWK-103798173N,5,2016-01-26,Nieokreślone (puste pole),21*43'297,51*30'316,738,Obszar niezabudowany,,Droga wojewódzka,Jednojezdniowa dwukierunkowa,N,POWIAT KOZIENICKI,GARBATKA-LETNISKO - OBSZAR WIEJSKI
1,1,0,2016,Opady deszczu,Najechanie na drzewo,Opady deszczu,Noc - droga nieoświetlona,Jezdnia,EWK-105019829X,17,2016-11-07,Nieokreślone (puste pole),20*04'100,52*18'315,3806W,Obszar zabudowany,Odcinek prosty,Droga powiatowa,Jednojezdniowa dwukierunkowa,N,POWIAT SOCHACZEWSKI,IŁÓW - OBSZAR WIEJSKI
1,0,2,2016,Opady deszczu,Najechanie na drzewo,Opady deszczu,Noc - droga nieoświetlona,Jezdnia,EWK-105183753D,23,2016-12-14,Lekko,21*13'168,51*53'050,731,Obszar niezabudowany,Odcinek prosty,Droga wojewódzka,Jednojezdniowa dwukierunkowa,N,POWIAT GRÓJECKI,WARKA - OBSZAR WIEJSKI
1,0,0,2016,Opady deszczu,Najechanie na drzewo,Opady deszczu,Noc - droga nieoświetlona,Jezdnia,EWK-105183753D,23,2016-12-14,Nieokreślone (puste pole),21*13'168,51*53'050,731,Obszar niezabudowany,Odcinek prosty,Droga wojewódzka,Jednojezdniowa dwukierunkowa,N,POWIAT GRÓJECKI,WARKA - OBSZAR WIEJSKI
1,0,1,2016,Opady deszczu,Najechanie na drzewo,Opady deszczu,Noc - droga nieoświetlona,Jezdnia,EWK-105298743F,21,2016-12-21,Ciężko,19*59'310,53*06'044,P4606W,Obszar niezabudowany,Odcinek prosty,Droga powiatowa,Jednojezdniowa dwukierunkowa,N,POWIAT ŻUROMIŃSKI,KUCZBORK-OSADA - OBSZAR WIEJSKI
1,2,0,2016,Opady deszczu,Najechanie na drzewo,Opady deszczu,Noc - droga nieoświetlona,Pobocze,EWK-104599860Q,2,2016-07-12,Nieokreślone (puste pole),22*11'044,52*02'383,3750E,Obszar zabudowany,Odcinek prosty,Droga powiatowa,Jednojezdniowa dwukierunkowa,N,POWIAT SIEDLECKI,DOMANICE - OBSZAR WIEJSKI
1,0,1,2016,Opady deszczu,Najechanie na drzewo,Opady deszczu,Noc - droga nieoświetlona,Pobocze,EWK-105172842A,23,2016-12-13,Ciężko,20*00'044,52*45'031,GMINNA,Obszar niezabudowany,Odcinek prosty,Droga gminna,Jednojezdniowa dwukierunkowa,N,POWIAT PŁOCKI,DROBIN - OBSZAR MIEJSKI
1,0,2,2016,Opady deszczu,Najechanie na drzewo,Opady deszczu,Światło dzienne,Jezdnia,EWK-104011334G,10,2016-03-10,Lekko,21*26'234,51*25'505,P3522W,Obszar zabudowany,"Zakręt, łuk",Droga powiatowa,Jednojezdniowa dwukierunkowa,N,POWIAT RADOMSKI,PIONKI - OBSZAR WIEJSKI
1,0,0,2016,Opady deszczu,Najechanie na drzewo,Opady deszczu,Światło dzienne,Jezdnia,EWK-104011334G,10,2016-03-10,Nieokreślone (puste pole),21*26'234,51*25'505,P3522W,Obszar zabudowany,"Zakręt, łuk",Droga powiatowa,Jednojezdniowa dwukierunkowa,N,POWIAT RADOMSKI,PIONKI - OBSZAR WIEJSKI
1,0,1,2016,Opady deszczu,Najechanie na drzewo,Opady deszczu,Światło dzienne,Jezdnia,EWK-104189334X,16,2016-04-16,Ciężko,20*43'514,51*33'107,G110602W,Obszar zabudowany,Odcinek prosty,Droga gminna,Jednojezdniowa dwukierunkowa,N,POWIAT BIAŁOBRZESKI,WYŚMIERZYCE - OBSZAR WIEJSKI
1,1,0,2016,Opady deszczu,Najechanie na drzewo,Opady deszczu,Światło dzienne,Jezdnia,EWK-104483334H,8,2016-06-15,Nieokreślone (puste pole),21*32'027,52*34'474,62,Obszar niezabudowany,"Zakręt, łuk",Droga krajowa,Jednojezdniowa dwukierunkowa,N,POWIAT WYSZKOWSKI,WYSZKÓW - OBSZAR WIEJSKI
1,0,1,2016,Opady deszczu,Najechanie na drzewo,Opady deszczu,Światło dzienne,Jezdnia,EWK-104813805E,7,2016-09-05,Lekko,21*35'256,51*20'174,79,Obszar niezabudowany,Odcinek prosty,Droga krajowa,Jednojezdniowa dwukierunkowa,N,POWIAT ZWOLEŃSKI,ZWOLEŃ - OBSZAR MIEJSKI
1,0,1,2016,Opady deszczu,Najechanie na drzewo,Opady deszczu,Światło dzienne,Pobocze,EWK-103910347C,11,2016-02-21,Lekko,22*38'548,52*06'482,02308W,Obszar zabudowany,,Droga powiatowa,Jednojezdniowa dwukierunkowa,N,POWIAT ŁOSICKI,OLSZANKA - OBSZAR WIEJSKI
1,0,1,2016,Opady deszczu,Najechanie na drzewo,Opady deszczu,Światło dzienne,Pobocze,EWK-104512068P,19,2016-06-20,Ciężko,19*38'036,52*28'518,60,Obszar niezabudowany,Odcinek prosty,Droga krajowa,Jednojezdniowa dwukierunkowa,N,POWIAT PŁOCKI,ŁĄCK - OBSZAR WIEJSKI
1,0,3,2016,Opady deszczu,Najechanie na drzewo,Opady deszczu,Światło dzienne,"Skarpa, rów",EWK-104809357Q,6,2016-08-01,Lekko,21*45'162,51*57'003,76,Obszar niezabudowany,"Zakręt, łuk",Droga krajowa,Jednojezdniowa dwukierunkowa,N,POWIAT GARWOLIŃSKI,BOROWIE - OBSZAR WIEJSKI
1,1,0,2016,Opady deszczu,Najechanie na pieszego,Opady deszczu,Noc - droga nieoświetlona,Jezdnia,EWK-103879300K,17,2016-02-13,Nieokreślone (puste pole),20*45'217,52*50'540,60,Obszar niezabudowany,Odcinek prosty,Droga krajowa,Jednojezdniowa dwukierunkowa,T,POWIAT CIECHANOWSKI,GOŁYMIN-OŚRODEK - OBSZAR WIEJSKI
1,1,0,2016,Opady deszczu,Najechanie na pieszego,Opady deszczu,Noc - droga nieoświetlona,Jezdnia,EWK-103911110W,23,2016-02-20,Nieokreślone (puste pole),21*28'444,51*37'277,79,Obszar niezabudowany,Odcinek prosty,Droga krajowa,Jednojezdniowa dwukierunkowa,T,POWIAT KOZIENICKI,KOZIENICE - OBSZAR WIEJSKI
1,0,1,2016,Opady deszczu,Najechanie na pieszego,Opady deszczu,Noc - droga nieoświetlona,Jezdnia,EWK-104025673P,18,2016-03-11,Ciężko,20*04'100,52*25'387,62,Obszar niezabudowany,,Droga krajowa,Jednojezdniowa dwukierunkowa,N,POWIAT PŁOCKI,MAŁA WIEŚ - OBSZAR WIEJSKI
1,0,0,2016,Opady deszczu,Najechanie na pieszego,Opady deszczu,Noc - droga nieoświetlona,Jezdnia,EWK-104025673P,18,2016-03-11,Nieokreślone (puste pole),20*04'100,52*25'387,62,Obszar niezabudowany,,Droga krajowa,Jednojezdniowa dwukierunkowa,N,POWIAT PŁOCKI,MAŁA WIEŚ - OBSZAR WIEJSKI
1,0,1,2016,Opady deszczu,Najechanie na pieszego,Opady deszczu,Noc - droga nieoświetlona,Jezdnia,EWK-104122259Y,20,2016-03-31,Ciężko,21*44'571,51*44'099,31346W,Obszar zabudowany,Odcinek prosty,Droga powiatowa,Jednojezdniowa dwukierunkowa,N,POWIAT GARWOLIŃSKI,TROJANÓW - OBSZAR WIEJSKI
1,0,0,2016,Opady deszczu,Najechanie na pieszego,Opady deszczu,Noc - droga nieoświetlona,Jezdnia,EWK-104122259Y,20,2016-03-31,Nieokreślone (puste pole),21*44'571,51*44'099,31346W,Obszar zabudowany,Odcinek prosty,Droga powiatowa,Jednojezdniowa dwukierunkowa,N,POWIAT GARWOLIŃSKI,TROJANÓW - OBSZAR WIEJSKI
1,1,0,2016,Opady deszczu,Najechanie na pieszego,Opady deszczu,Noc - droga nieoświetlona,Jezdnia,EWK-104725593C,20,2016-08-09,Nieokreślone (puste pole),20*51'334,51*10'291,7,Obszar niezabudowany,Wzniesienie,Droga krajowa,Jednojezdniowa dwukierunkowa,N,POWIAT SZYDŁOWIECKI,SZYDŁOWIEC - OBSZAR WIEJSKI
1,1,0,2016,Opady deszczu,Najechanie na pieszego,Opady deszczu,Noc - droga nieoświetlona,Jezdnia,EWK-104808553Y,21,2016-09-04,Nieokreślone (puste pole),20*46'282,51*46'530,728,Obszar niezabudowany,Odcinek prosty,Droga wojewódzka,Jednojezdniowa dwukierunkowa,T,POWIAT GRÓJECKI,BELSK DUŻY - OBSZAR WIEJSKI
1,0,1,2016,Opady deszczu,Najechanie na pieszego,Opady deszczu,Noc - droga nieoświetlona,Jezdnia,EWK-104886056D,22,2016-09-04,Lekko,21*20'192,51*51'150,31304W,Obszar niezabudowany,Odcinek prosty,Droga powiatowa,Jednojezdniowa dwukierunkowa,N,POWIAT GARWOLIŃSKI,WILGA - OBSZAR WIEJSKI
1,1,0,2016,Opady deszczu,Najechanie na pieszego,Opady deszczu,Noc - droga nieoświetlona,Jezdnia,EWK-104886056D,22,2016-09-04,Nieokreślone (puste pole),21*20'192,51*51'150,31304W,Obszar niezabudowany,Odcinek prosty,Droga powiatowa,Jednojezdniowa dwukierunkowa,N,POWIAT GARWOLIŃSKI,WILGA - OBSZAR WIEJSKI
1,0,1,2016,Opady deszczu,Najechanie na pieszego,Opady deszczu,Noc - droga nieoświetlona,Jezdnia,EWK-104895667F,20,2016-10-05,Lekko,21*55'182,52*47'164,627,Obszar zabudowany,Odcinek prosty,Droga wojewódzka,Jednojezdniowa dwukierunkowa,T,POWIAT OSTROWSKI,OSTRÓW MAZOWIECKA - OBSZAR MIEJSKI
1,0,0,2016,Opady deszczu,Najechanie na pieszego,Opady deszczu,Noc - droga nieoświetlona,Jezdnia,EWK-104895667F,20,2016-10-05,Nieokreślone (puste pole),21*55'182,52*47'164,627,Obszar zabudowany,Odcinek prosty,Droga wojewódzka,Jednojezdniowa dwukierunkowa,T,POWIAT OSTROWSKI,OSTRÓW MAZOWIECKA - OBSZAR MIEJSKI
1,1,0,2016,Opady deszczu,Najechanie na pieszego,Opady deszczu,Noc - droga nieoświetlona,Jezdnia,EWK-104905806F,22,2016-10-10,Nieokreślone (puste pole),21*23'452,51*39'042,GMINNA,Obszar niezabudowany,Odcinek prosty,Droga gminna,Jednojezdniowa dwukierunkowa,N,POWIAT KOZIENICKI,KOZIENICE - OBSZAR WIEJSKI
1,1,0,2016,Opady deszczu,Najechanie na pieszego,Opady deszczu,Noc - droga nieoświetlona,Jezdnia,EWK-104907755C,22,2016-10-08,Nieokreślone (puste pole),21*44'314,51*57'021,76,Obszar niezabudowany,Odcinek prosty,Droga krajowa,Jednojezdniowa dwukierunkowa,N,POWIAT GARWOLIŃSKI,BOROWIE - OBSZAR WIEJSKI
1,0,1,2016,Opady deszczu,Najechanie na pieszego,Opady deszczu,Noc - droga nieoświetlona,Jezdnia,EWK-105143081H,20,2016-12-01,Ciężko,19*54'287,52*36'252,567,Obszar niezabudowany,Odcinek prosty,Droga wojewódzka,Jednojezdniowa dwukierunkowa,T,POWIAT PŁOCKI,RADZANOWO - OBSZAR WIEJSKI
1,0,0,2016,Opady deszczu,Najechanie na pieszego,Opady deszczu,Noc - droga nieoświetlona,Jezdnia,EWK-105143081H,20,2016-12-01,Nieokreślone (puste pole),19*54'287,52*36'252,567,Obszar niezabudowany,Odcinek prosty,Droga wojewódzka,Jednojezdniowa dwukierunkowa,T,POWIAT PŁOCKI,RADZANOWO - OBSZAR WIEJSKI
1,1,0,2016,Opady deszczu,Najechanie na pieszego,Opady deszczu,Noc - droga nieoświetlona,Jezdnia,EWK-105305212D,21,2016-12-25,Nieokreślone (puste pole),21*18'015,53*00'030,626,Obszar zabudowany,Odcinek prosty,Droga wojewódzka,Jednojezdniowa dwukierunkowa,N,POWIAT MAKOWSKI,SYPNIEWO - OBSZAR WIEJSKI
1,1,0,2016,Opady deszczu,Najechanie na pieszego,Opady deszczu,Noc - droga nieoświetlona,Jezdnia,EWK-105308839L,17,2016-12-23,Nieokreślone (puste pole),21*38'096,51*52'281,,Obszar zabudowany,,Nieokreślone (puste pole),Jednojezdniowa dwukierunkowa,N,POWIAT GARWOLIŃSKI,GARWOLIN - OBSZAR MIEJSKI
1,0,1,2016,Opady deszczu,Najechanie na pieszego,Opady deszczu,Noc - droga nieoświetlona,Przejście dla pieszych,EWK-103821023C,6,2016-01-31,Lekko,21*26'549,51*28'298,P3523W,Obszar zabudowany,Odcinek prosty,Droga powiatowa,Jednojezdniowa dwukierunkowa,N,POWIAT RADOMSKI,PIONKI - OBSZAR MIEJSKI
1,0,0,2016,Opady deszczu,Najechanie na pieszego,Opady deszczu,Noc - droga nieoświetlona,Przejście dla pieszych,EWK-103821023C,6,2016-01-31,Nieokreślone (puste pole),21*26'549,51*28'298,P3523W,Obszar zabudowany,Odcinek prosty,Droga powiatowa,Jednojezdniowa dwukierunkowa,N,POWIAT RADOMSKI,PIONKI - OBSZAR MIEJSKI