Liczba wypadków,Liczba zabitych,Liczba rannych,Rok,Warunki atmosferyczne,Rodzaj zdarzenia,Warunki atmosferyczne,Oświetlenie,Charakterystyka miejsca zdarzenia,IDKSIP zdarzenia,Godzina,Dzień,Ranny,GPS x,GPS y,Numer drogi,Obszar,Geometria drogi,Kategoria drogi 1,Rodzaj drogi,Czy w zdarzeniu był sprawca nietrzeźwy,Powiat,Gmina
1,0,0,2016,Opady deszczu,Najechanie na pieszego,Opady deszczu,Światło dzienne,"Chodnik, droga dla pieszych",EWK-103806438C,13,2016-01-27,Nieokreślone (puste pole),22*15'201,52*09'288,W628,Obszar zabudowany,,Droga wojewódzka,Jednojezdniowa dwukierunkowa,N,POWIAT SIEDLCE,SIEDLCE - OBSZAR MIEJSKI
1,0,1,2016,Opady deszczu,Najechanie na pieszego,Opady deszczu,Światło dzienne,Jezdnia,EWK-104725711J,9,2016-08-10,Lekko,20*35'476,52*52'555,G121181W,Obszar zabudowany,Odcinek prosty,Droga gminna,Jednojezdniowa dwukierunkowa,N,POWIAT CIECHANOWSKI,CIECHANÓW - OBSZAR MIEJSKI
1,0,0,2016,Opady deszczu,Najechanie na pieszego,Opady deszczu,Światło dzienne,Jezdnia,EWK-104725711J,9,2016-08-10,Nieokreślone (puste pole),20*35'476,52*52'555,G121181W,Obszar zabudowany,Odcinek prosty,Droga gminna,Jednojezdniowa dwukierunkowa,N,POWIAT CIECHANOWSKI,CIECHANÓW - OBSZAR MIEJSKI
1,0,1,2016,Opady deszczu,Najechanie na pieszego,Opady deszczu,Światło dzienne,Jezdnia,EWK-105160710M,10,2016-12-10,Ciężko,21*26'509,52*35'151,G440565W,Obszar zabudowany,Odcinek prosty,Droga gminna,Jednojezdniowa dwukierunkowa,N,POWIAT WYSZKOWSKI,WYSZKÓW - OBSZAR MIEJSKI
1,0,0,2016,Opady deszczu,Najechanie na pieszego,Opady deszczu,Światło dzienne,Jezdnia,EWK-105160710M,10,2016-12-10,Nieokreślone (puste pole),21*26'509,52*35'151,G440565W,Obszar zabudowany,Odcinek prosty,Droga gminna,Jednojezdniowa dwukierunkowa,N,POWIAT WYSZKOWSKI,WYSZKÓW - OBSZAR MIEJSKI
1,0,2,2016,Opady deszczu,Najechanie na pieszego,Opady deszczu,Światło dzienne,Przejście dla pieszych,EWK-103828683X,13,2016-02-02,Lekko,20*37'050,52*52'530,60,Obszar zabudowany,,Droga krajowa,Jednojezdniowa dwukierunkowa,N,POWIAT CIECHANOWSKI,CIECHANÓW - OBSZAR MIEJSKI
1,0,0,2016,Opady deszczu,Najechanie na pieszego,Opady deszczu,Światło dzienne,Przejście dla pieszych,EWK-103828683X,13,2016-02-02,Nieokreślone (puste pole),20*37'050,52*52'530,60,Obszar zabudowany,,Droga krajowa,Jednojezdniowa dwukierunkowa,N,POWIAT CIECHANOWSKI,CIECHANÓW - OBSZAR MIEJSKI
1,0,2,2016,Opady deszczu,Najechanie na pieszego,Opady deszczu,Światło dzienne,Przejście dla pieszych,EWK-104433781P,12,2016-06-04,Lekko,19*39'480,52*51'002,541,Obszar zabudowany,,Droga wojewódzka,Jednojezdniowa dwukierunkowa,N,POWIAT SIERPECKI,SIERPC - OBSZAR MIEJSKI
1,0,1,2016,Opady deszczu,Najechanie na pieszego,Opady deszczu,Światło dzienne,Przejście dla pieszych,EWK-104590578M,11,2016-07-09,Lekko,19*51'174,52*20'100,577,Obszar zabudowany,Odcinek prosty,Droga wojewódzka,Jednojezdniowa dwukierunkowa,N,POWIAT GOSTYNIŃSKI,SANNIKI - OBSZAR WIEJSKI
1,0,0,2016,Opady deszczu,Najechanie na pieszego,Opady deszczu,Światło dzienne,Przejście dla pieszych,EWK-104590578M,11,2016-07-09,Nieokreślone (puste pole),19*51'174,52*20'100,577,Obszar zabudowany,Odcinek prosty,Droga wojewódzka,Jednojezdniowa dwukierunkowa,N,POWIAT GOSTYNIŃSKI,SANNIKI - OBSZAR WIEJSKI
1,0,1,2016,Opady deszczu,Najechanie na pieszego,Opady deszczu,Światło dzienne,Przejście dla pieszych,EWK-104673409F,14,2016-07-27,Lekko,21*09'242,51*24'228,P5301W,Obszar zabudowany,,Droga powiatowa,Jednojezdniowa dwukierunkowa,N,POWIAT RADOM,RADOM - OBSZAR MIEJSKI
1,0,0,2016,Opady deszczu,Najechanie na pieszego,Opady deszczu,Światło dzienne,Przejście dla pieszych,EWK-104673409F,14,2016-07-27,Nieokreślone (puste pole),21*09'242,51*24'228,P5301W,Obszar zabudowany,,Droga powiatowa,Jednojezdniowa dwukierunkowa,N,POWIAT RADOM,RADOM - OBSZAR MIEJSKI
1,0,1,2016,Opady deszczu,Najechanie na pieszego,Opady deszczu,Światło dzienne,Przejście dla pieszych,EWK-104680749Y,17,2016-07-29,Ciężko,20*53'495,53*15'257,57,Obszar zabudowany,Odcinek prosty,Droga krajowa,Jednojezdniowa dwukierunkowa,N,POWIAT PRZASNYSKI,CHORZELE - OBSZAR MIEJSKI
1,0,0,2016,Opady deszczu,Najechanie na pieszego,Opady deszczu,Światło dzienne,Przejście dla pieszych,EWK-104680749Y,17,2016-07-29,Nieokreślone (puste pole),20*53'495,53*15'257,57,Obszar zabudowany,Odcinek prosty,Droga krajowa,Jednojezdniowa dwukierunkowa,N,POWIAT PRZASNYSKI,CHORZELE - OBSZAR MIEJSKI
1,0,1,2016,Opady deszczu,Najechanie na pieszego,Opady deszczu,Światło dzienne,Przejście dla pieszych,EWK-104692546P,17,2016-07-31,Lekko,21*32'505,51*34'527,79,Obszar zabudowany,,Droga krajowa,Jednojezdniowa dwukierunkowa,N,POWIAT KOZIENICKI,KOZIENICE - OBSZAR MIEJSKI
1,0,0,2016,Opady deszczu,Najechanie na pieszego,Opady deszczu,Światło dzienne,Przejście dla pieszych,EWK-104692546P,17,2016-07-31,Nieokreślone (puste pole),21*32'505,51*34'527,79,Obszar zabudowany,,Droga krajowa,Jednojezdniowa dwukierunkowa,N,POWIAT KOZIENICKI,KOZIENICE - OBSZAR MIEJSKI
1,0,1,2016,Opady deszczu,Najechanie na pieszego,Opady deszczu,Światło dzienne,Przejście dla pieszych,EWK-104890284P,15,2016-10-03,Ciężko,20*22'047,52*37'134,P3077W,Obszar zabudowany,Odcinek prosty,Droga powiatowa,Jednojezdniowa dwukierunkowa,N,POWIAT PŁOŃSKI,PŁOŃSK - OBSZAR MIEJSKI
1,0,0,2016,Opady deszczu,Najechanie na pieszego,Opady deszczu,Światło dzienne,Przejście dla pieszych,EWK-104890284P,15,2016-10-03,Nieokreślone (puste pole),20*22'047,52*37'134,P3077W,Obszar zabudowany,Odcinek prosty,Droga powiatowa,Jednojezdniowa dwukierunkowa,N,POWIAT PŁOŃSKI,PŁOŃSK - OBSZAR MIEJSKI
1,0,1,2016,Opady deszczu,Najechanie na pieszego,Opady deszczu,Światło dzienne,Przejście dla pieszych,EWK-104911493X,14,2016-10-12,Lekko,21*08'492,51*24'272,P5302W,Obszar zabudowany,,Droga powiatowa,Jednojezdniowa dwukierunkowa,N,POWIAT RADOM,RADOM - OBSZAR MIEJSKI
1,0,0,2016,Opady deszczu,Najechanie na pieszego,Opady deszczu,Światło dzienne,Przejście dla pieszych,EWK-104911493X,14,2016-10-12,Nieokreślone (puste pole),21*08'492,51*24'272,P5302W,Obszar zabudowany,,Droga powiatowa,Jednojezdniowa dwukierunkowa,N,POWIAT RADOM,RADOM - OBSZAR MIEJSKI
1,0,1,2016,Opady deszczu,Najechanie na pieszego,Opady deszczu,Światło dzienne,Przejście dla pieszych,EWK-105120051J,8,2016-11-17,Lekko,22*16'590,52*10'104,GMINNA,Obszar zabudowany,"Zakręt, łuk",Droga gminna,Jednojezdniowa dwukierunkowa,N,POWIAT SIEDLCE,SIEDLCE - OBSZAR MIEJSKI
1,0,0,2016,Opady deszczu,Najechanie na pieszego,Opady deszczu,Światło dzienne,Przejście dla pieszych,EWK-105120051J,8,2016-11-17,Nieokreślone (puste pole),22*16'590,52*10'104,GMINNA,Obszar zabudowany,"Zakręt, łuk",Droga gminna,Jednojezdniowa dwukierunkowa,N,POWIAT SIEDLCE,SIEDLCE - OBSZAR MIEJSKI
1,0,1,2016,Opady deszczu,Najechanie na pieszego,Opady deszczu,Światło dzienne,Przejście dla pieszych,EWK-105142375J,14,2016-12-01,Lekko,21*32'479,51*35'080,G170829W,Obszar zabudowany,,Droga gminna,Jednojezdniowa dwukierunkowa,N,POWIAT KOZIENICKI,KOZIENICE - OBSZAR MIEJSKI
1,0,0,2016,Opady deszczu,Najechanie na pieszego,Opady deszczu,Światło dzienne,Przejście dla pieszych,EWK-105142375J,14,2016-12-01,Nieokreślone (puste pole),21*32'479,51*35'080,G170829W,Obszar zabudowany,,Droga gminna,Jednojezdniowa dwukierunkowa,N,POWIAT KOZIENICKI,KOZIENICE - OBSZAR MIEJSKI
1,0,1,2016,Opady deszczu,Najechanie na pieszego,Opady deszczu,"Świt, zmrok",Jezdnia,EWK-104990900N,19,2016-11-02,Lekko,21*13'240,51*37'205,48,Obszar niezabudowany,Odcinek prosty,Droga krajowa,Jednojezdniowa dwukierunkowa,N,POWIAT BIAŁOBRZESKI,STROMIEC - OBSZAR WIEJSKI
1,0,0,2016,Opady deszczu,Najechanie na pieszego,Opady deszczu,"Świt, zmrok",Jezdnia,EWK-104990900N,19,2016-11-02,Nieokreślone (puste pole),21*13'240,51*37'205,48,Obszar niezabudowany,Odcinek prosty,Droga krajowa,Jednojezdniowa dwukierunkowa,N,POWIAT BIAŁOBRZESKI,STROMIEC - OBSZAR WIEJSKI
1,0,1,2016,Opady deszczu,Najechanie na pieszego,Opady deszczu,"Świt, zmrok",Jezdnia,EWK-105302078N,4,2016-12-14,Lekko,21*36'156,52*41'326,G440126W,Obszar zabudowany,"Zakręt, łuk",Droga gminna,Jednojezdniowa dwukierunkowa,N,POWIAT WYSZKOWSKI,BRAŃSZCZYK - OBSZAR WIEJSKI
1,0,0,2016,Opady deszczu,Najechanie na pieszego,Opady deszczu,"Świt, zmrok",Jezdnia,EWK-105302078N,4,2016-12-14,Nieokreślone (puste pole),21*36'156,52*41'326,G440126W,Obszar zabudowany,"Zakręt, łuk",Droga gminna,Jednojezdniowa dwukierunkowa,N,POWIAT WYSZKOWSKI,BRAŃSZCZYK - OBSZAR WIEJSKI
1,0,1,2016,Opady deszczu,Najechanie na pieszego,Opady deszczu,"Świt, zmrok",Przejście dla pieszych,EWK-104907741L,16,2016-10-11,Ciężko,20*43'280,51*54'457,50,Obszar niezabudowany,Odcinek prosty,Droga krajowa,Jednojezdniowa dwukierunkowa,N,POWIAT GRÓJECKI,PNIEWY - OBSZAR WIEJSKI
1,0,0,2016,Opady deszczu,Najechanie na pieszego,Opady deszczu,"Świt, zmrok",Przejście dla pieszych,EWK-104907741L,16,2016-10-11,Nieokreślone (puste pole),20*43'280,51*54'457,50,Obszar niezabudowany,Odcinek prosty,Droga krajowa,Jednojezdniowa dwukierunkowa,N,POWIAT GRÓJECKI,PNIEWY - OBSZAR WIEJSKI
1,0,1,2016,Opady deszczu,Najechanie na pieszego,Opady deszczu,"Świt, zmrok",Przejście dla pieszych,EWK-104908198H,18,2016-10-05,Lekko,22*16'247,52*10'114,,Obszar zabudowany,Odcinek prosty,Nieokreślone (puste pole),Jednojezdniowa dwukierunkowa,N,POWIAT SIEDLCE,SIEDLCE - OBSZAR MIEJSKI
1,0,0,2016,Opady deszczu,Najechanie na pieszego,Opady deszczu,"Świt, zmrok",Przejście dla pieszych,EWK-104908198H,18,2016-10-05,Nieokreślone (puste pole),22*16'247,52*10'114,,Obszar zabudowany,Odcinek prosty,Nieokreślone (puste pole),Jednojezdniowa dwukierunkowa,N,POWIAT SIEDLCE,SIEDLCE - OBSZAR MIEJSKI
1,0,1,2016,Opady deszczu,Najechanie na pieszego,Opady deszczu,"Świt, zmrok",Przejście dla pieszych,EWK-104925195C,17,2016-10-20,Ciężko,19*40'015,52*51'114,541,Obszar zabudowany,Odcinek prosty,Droga wojewódzka,Jednojezdniowa dwukierunkowa,N,POWIAT SIERPECKI,SIERPC - OBSZAR MIEJSKI
1,0,0,2016,Opady deszczu,Najechanie na pieszego,Opady deszczu,"Świt, zmrok",Przejście dla pieszych,EWK-104925195C,17,2016-10-20,Nieokreślone (puste pole),19*40'015,52*51'114,541,Obszar zabudowany,Odcinek prosty,Droga wojewódzka,Jednojezdniowa dwukierunkowa,N,POWIAT SIERPECKI,SIERPC - OBSZAR MIEJSKI
1,1,0,2016,Opady deszczu,Najechanie na pojazd unieruchomiony,Opady deszczu,Światło dzienne,Jezdnia,EWK-104897495T,11,2016-10-06,Nieokreślone (puste pole),20*16'138,52*04'257,A2,Obszar niezabudowany,Odcinek prosty,Autostrada,Autostrada,N,POWIAT ŻYRARDOWSKI,WISKITKI - OBSZAR WIEJSKI
1,0,1,2016,Opady deszczu,"Najechanie na słup, znak",Opady deszczu,Noc - droga oświetlona,Jezdnia,EWK-104603587H,23,2016-07-11,Lekko,20*54'017,51*13'570,727,Obszar niezabudowany,Odcinek prosty,Droga wojewódzka,Jednojezdniowa dwukierunkowa,N,POWIAT SZYDŁOWIECKI,JASTRZĄB - OBSZAR WIEJSKI
1,0,1,2016,Opady deszczu,"Najechanie na słup, znak",Opady deszczu,Światło dzienne,Jezdnia,EWK-104015897F,13,2016-03-11,Lekko,21*37'027,53*05'470,P5119W,Obszar zabudowany,"Zakręt, łuk",Droga powiatowa,Dwie jezdnie jednokierunkowe,N,POWIAT OSTROŁĘKA,OSTROŁĘKA - OBSZAR MIEJSKI
1,0,0,2016,Opady deszczu,"Najechanie na słup, znak",Opady deszczu,Światło dzienne,Jezdnia,EWK-104015897F,13,2016-03-11,Nieokreślone (puste pole),21*37'027,53*05'470,P5119W,Obszar zabudowany,"Zakręt, łuk",Droga powiatowa,Dwie jezdnie jednokierunkowe,N,POWIAT OSTROŁĘKA,OSTROŁĘKA - OBSZAR MIEJSKI
1,0,1,2016,Opady deszczu,"Najechanie na słup, znak",Opady deszczu,Światło dzienne,Jezdnia,EWK-104515825E,17,2016-06-20,Ciężko,20*33'472,52*28'402,7,Obszar niezabudowany,"Zakręt, łuk",Droga krajowa,Dwie jezdnie jednokierunkowe,N,POWIAT PŁOŃSKI,ZAŁUSKI - OBSZAR WIEJSKI
1,0,0,2016,Opady deszczu,"Najechanie na słup, znak",Opady deszczu,Światło dzienne,Jezdnia,EWK-104515825E,17,2016-06-20,Nieokreślone (puste pole),20*33'472,52*28'402,7,Obszar niezabudowany,"Zakręt, łuk",Droga krajowa,Dwie jezdnie jednokierunkowe,N,POWIAT PŁOŃSKI,ZAŁUSKI - OBSZAR WIEJSKI
1,0,1,2016,Opady deszczu,"Najechanie na słup, znak",Opady deszczu,Światło dzienne,Jezdnia,EWK-104812173Q,18,2016-09-04,Lekko,21*33'031,53*05'345,53,Obszar zabudowany,,Droga krajowa,Jednojezdniowa dwukierunkowa,N,POWIAT OSTROŁĘKA,OSTROŁĘKA - OBSZAR MIEJSKI
1,0,0,2016,Opady deszczu,"Najechanie na słup, znak",Opady deszczu,Światło dzienne,Jezdnia,EWK-104812173Q,18,2016-09-04,Nieokreślone (puste pole),21*33'031,53*05'345,53,Obszar zabudowany,,Droga krajowa,Jednojezdniowa dwukierunkowa,N,POWIAT OSTROŁĘKA,OSTROŁĘKA - OBSZAR MIEJSKI
1,0,1,2016,Opady deszczu,Najechanie na zwierzę,Opady deszczu,Noc - droga nieoświetlona,Jezdnia,EWK-104989814J,22,2016-10-28,Ciężko,22*10'459,52*07'456,803,Obszar niezabudowany,Odcinek prosty,Droga wojewódzka,Jednojezdniowa dwukierunkowa,N,POWIAT SIEDLECKI,SIEDLCE - OBSZAR WIEJSKI
1,0,0,2016,Opady deszczu,Najechanie na zwierzę,Opady deszczu,Noc - droga nieoświetlona,Jezdnia,EWK-104989814J,22,2016-10-28,Nieokreślone (puste pole),22*10'459,52*07'456,803,Obszar niezabudowany,Odcinek prosty,Droga wojewódzka,Jednojezdniowa dwukierunkowa,N,POWIAT SIEDLECKI,SIEDLCE - OBSZAR WIEJSKI
1,0,1,2016,Opady deszczu,Najechanie na zwierzę,Opady deszczu,Światło dzienne,Jezdnia,EWK-104204864P,15,2016-04-20,Lekko,20*17'108,52*55'040,7,Obszar niezabudowany,Odcinek prosty,Droga krajowa,Jednojezdniowa dwukierunkowa,N,POWIAT MŁAWSKI,STRZEGOWO - OBSZAR WIEJSKI
1,0,1,2016,Opady deszczu,Wywrócenie się pojazdu,Opady deszczu,Noc - droga nieoświetlona,Jezdnia,EWK-104577058A,1,2016-07-06,Lekko,21*32'465,52*44'312,P4408W,Obszar zabudowany,"Zakręt, łuk",Droga powiatowa,Jednojezdniowa dwukierunkowa,N,POWIAT WYSZKOWSKI,DŁUGOSIODŁO - OBSZAR WIEJSKI
1,0,0,2016,Opady deszczu,Wywrócenie się pojazdu,Opady deszczu,Noc - droga nieoświetlona,Jezdnia,EWK-104577058A,1,2016-07-06,Nieokreślone (puste pole),21*32'465,52*44'312,P4408W,Obszar zabudowany,"Zakręt, łuk",Droga powiatowa,Jednojezdniowa dwukierunkowa,N,POWIAT WYSZKOWSKI,DŁUGOSIODŁO - OBSZAR WIEJSKI
1,0,1,2016,Opady deszczu,Wywrócenie się pojazdu,Opady deszczu,Noc - droga nieoświetlona,Jezdnia,EWK-105163697Q,20,2016-12-10,Lekko,21*22'398,53*18'074,53,Obszar niezabudowany,"Zakręt, łuk",Droga krajowa,Jednojezdniowa dwukierunkowa,T,POWIAT OSTROŁĘCKI,KADZIDŁO - OBSZAR WIEJSKI
1,0,1,2016,Opady deszczu,Wywrócenie się pojazdu,Opady deszczu,Noc - droga nieoświetlona,Jezdnia,EWK-105166349R,0,2016-12-12,Lekko,19*43'054,52*47'018,560,Obszar niezabudowany,"Zakręt, łuk",Droga wojewódzka,Jednojezdniowa dwukierunkowa,N,POWIAT SIERPECKI,SIERPC - OBSZAR WIEJSKI
1,0,2,2016,Opady deszczu,Wywrócenie się pojazdu,Opady deszczu,Noc - droga nieoświetlona,"Skarpa, rów",EWK-104896112X,5,2016-10-06,Lekko,19*48'583,52*25'258,575,Obszar niezabudowany,Odcinek prosty,Droga wojewódzka,Jednojezdniowa dwukierunkowa,N,POWIAT PŁOCKI,GĄBIN - OBSZAR WIEJSKI
1,0,0,2016,Opady deszczu,Wywrócenie się pojazdu,Opady deszczu,Noc - droga nieoświetlona,"Skarpa, rów",EWK-104896112X,5,2016-10-06,Nieokreślone (puste pole),19*48'583,52*25'258,575,Obszar niezabudowany,Odcinek prosty,Droga wojewódzka,Jednojezdniowa dwukierunkowa,N,POWIAT PŁOCKI,GĄBIN - OBSZAR WIEJSKI
1,0,3,2016,Opady deszczu,Wywrócenie się pojazdu,Opady deszczu,Noc - droga oświetlona,"Chodnik, droga dla pieszych",EWK-103884310P,2,2016-02-13,Lekko,21*05'070,52*43'094,61,Obszar zabudowany,Wzniesienie,Droga krajowa,Jednojezdniowa dwukierunkowa,T,POWIAT PUŁTUSKI,PUŁTUSK - OBSZAR MIEJSKI
1,1,0,2016,Opady deszczu,Wywrócenie się pojazdu,Opady deszczu,Noc - droga oświetlona,"Chodnik, droga dla pieszych",EWK-103884310P,2,2016-02-13,Nieokreślone (puste pole),21*05'070,52*43'094,61,Obszar zabudowany,Wzniesienie,Droga krajowa,Jednojezdniowa dwukierunkowa,T,POWIAT PUŁTUSKI,PUŁTUSK - OBSZAR MIEJSKI
1,0,1,2016,Opady deszczu,Wywrócenie się pojazdu,Opady deszczu,"Zmrok, świt",Jezdnia,EWK-104272319H,19,2016-05-07,Lekko,20*30'509,51*26'256,34329W,Obszar niezabudowany,Odcinek prosty,Droga powiatowa,Jednojezdniowa dwukierunkowa,N,POWIAT PRZYSUSKI,RUSINÓW - OBSZAR WIEJSKI
1,0,1,2016,Opady deszczu,Wywrócenie się pojazdu,Opady deszczu,Światło dzienne,Jezdnia,EWK-103805091G,7,2016-01-26,Lekko,21*10'291,51*29'212,P3509W,Obszar zabudowany,,Droga powiatowa,Jednojezdniowa dwukierunkowa,N,POWIAT RADOMSKI,JASTRZĘBIA - OBSZAR WIEJSKI
1,0,1,2016,Opady deszczu,Wywrócenie się pojazdu,Opady deszczu,Światło dzienne,Jezdnia,EWK-103914340U,8,2016-02-22,Ciężko,19*52'355,52*47'305,10,Obszar niezabudowany,Odcinek prosty,Droga krajowa,Jednojezdniowa dwukierunkowa,N,POWIAT SIERPECKI,ZAWIDZ - OBSZAR WIEJSKI
1,0,2,2016,Opady deszczu,Wywrócenie się pojazdu,Opady deszczu,Światło dzienne,Jezdnia,EWK-103914340U,8,2016-02-22,Lekko,19*52'355,52*47'305,10,Obszar niezabudowany,Odcinek prosty,Droga krajowa,Jednojezdniowa dwukierunkowa,N,POWIAT SIERPECKI,ZAWIDZ - OBSZAR WIEJSKI
1,0,1,2016,Opady deszczu,Wywrócenie się pojazdu,Opady deszczu,Światło dzienne,Jezdnia,EWK-104188451Y,16,2016-04-16,Lekko,21*06'389,51*53'129,GMINNA,Obszar niezabudowany,Odcinek prosty,Droga gminna,Jednojezdniowa dwukierunkowa,T,POWIAT GRÓJECKI,CHYNÓW - OBSZAR WIEJSKI
1,0,0,2016,Opady deszczu,Wywrócenie się pojazdu,Opady deszczu,Światło dzienne,Jezdnia,EWK-104188451Y,16,2016-04-16,Nieokreślone (puste pole),21*06'389,51*53'129,GMINNA,Obszar niezabudowany,Odcinek prosty,Droga gminna,Jednojezdniowa dwukierunkowa,T,POWIAT GRÓJECKI,CHYNÓW - OBSZAR WIEJSKI
1,0,1,2016,Opady deszczu,Wywrócenie się pojazdu,Opady deszczu,Światło dzienne,Jezdnia,EWK-104229889J,16,2016-04-27,Lekko,20*57'445,51*36'534,P1122W,Obszar niezabudowany,Odcinek prosty,Droga powiatowa,Jednojezdniowa dwukierunkowa,N,POWIAT BIAŁOBRZESKI,BIAŁOBRZEGI - OBSZAR WIEJSKI
1,0,1,2016,Opady deszczu,Wywrócenie się pojazdu,Opady deszczu,Światło dzienne,Jezdnia,EWK-104605907Y,16,2016-07-14,Lekko,19*45'423,52*49'363,10,Obszar niezabudowany,Odcinek prosty,Droga krajowa,Jednojezdniowa dwukierunkowa,N,POWIAT SIERPECKI,SIERPC - OBSZAR WIEJSKI
1,0,1,2016,Opady deszczu,Wywrócenie się pojazdu,Opady deszczu,Światło dzienne,Jezdnia,EWK-104724230L,12,2016-08-10,Lekko,21*04'483,52*44'060,57,Obszar niezabudowany,"Zakręt, łuk",Droga krajowa,Jednojezdniowa dwukierunkowa,N,POWIAT PUŁTUSKI,PUŁTUSK - OBSZAR WIEJSKI
1,0,1,2016,Opady deszczu,Wywrócenie się pojazdu,Opady deszczu,Światło dzienne,Jezdnia,EWK-104896547N,10,2016-10-05,Lekko,19*25'311,52*20'478,60,Obszar zabudowany,"Zakręt, łuk",Droga krajowa,Jednojezdniowa dwukierunkowa,N,POWIAT GOSTYNIŃSKI,GOSTYNIN - OBSZAR WIEJSKI
1,0,0,2016,Opady deszczu,Wywrócenie się pojazdu,Opady deszczu,Światło dzienne,Jezdnia,EWK-104896547N,10,2016-10-05,Nieokreślone (puste pole),19*25'311,52*20'478,60,Obszar zabudowany,"Zakręt, łuk",Droga krajowa,Jednojezdniowa dwukierunkowa,N,POWIAT GOSTYNIŃSKI,GOSTYNIN - OBSZAR WIEJSKI
1,0,1,2016,Opady deszczu,Wywrócenie się pojazdu,Opady deszczu,Światło dzienne,Pobocze,EWK-104154227L,17,2016-04-10,Lekko,19*50'550,52*29'561,P2952W,Obszar zabudowany,"Zakręt, łuk",Droga powiatowa,Jednojezdniowa dwukierunkowa,N,POWIAT PŁOCKI,SŁUPNO - OBSZAR WIEJSKI
1,0,0,2016,Opady deszczu,Wywrócenie się pojazdu,Opady deszczu,Światło dzienne,Pobocze,EWK-104154227L,17,2016-04-10,Nieokreślone (puste pole),19*50'550,52*29'561,P2952W,Obszar zabudowany,"Zakręt, łuk",Droga powiatowa,Jednojezdniowa dwukierunkowa,N,POWIAT PŁOCKI,SŁUPNO - OBSZAR WIEJSKI
1,0,1,2016,Opady deszczu,Wywrócenie się pojazdu,Opady deszczu,Światło dzienne,"Skarpa, rów",EWK-104607339F,7,2016-07-14,Lekko,21*26'333,51*24'277,P3522W,Obszar zabudowany,"Zakręt, łuk",Droga powiatowa,Jednojezdniowa dwukierunkowa,N,POWIAT RADOMSKI,PIONKI - OBSZAR WIEJSKI
1,0,1,2016,Opady deszczu,Wywrócenie się pojazdu,Opady deszczu,Światło dzienne,"Skarpa, rów",EWK-105162956T,14,2016-12-10,Lekko,20*30'271,51*59'313,K50B,Obszar niezabudowany,"Zakręt, łuk",Droga krajowa,Jednojezdniowa dwukierunkowa,N,POWIAT ŻYRARDOWSKI,MSZCZONÓW - OBSZAR WIEJSKI
1,0,1,2016,Opady deszczu,Wywrócenie się pojazdu,Opady deszczu,"Świt, zmrok",Jezdnia,EWK-105304362Y,3,2016-12-26,Lekko,19*51'353,53*00'240,P4625W,Obszar niezabudowany,"Zakręt, łuk",Droga powiatowa,Jednojezdniowa dwukierunkowa,N,POWIAT ŻUROMIŃSKI,LUTOCIN - OBSZAR WIEJSKI
1,0,0,2016,Opady deszczu,Wywrócenie się pojazdu,Opady deszczu,"Świt, zmrok",Jezdnia,EWK-105304362Y,3,2016-12-26,Nieokreślone (puste pole),19*51'353,53*00'240,P4625W,Obszar niezabudowany,"Zakręt, łuk",Droga powiatowa,Jednojezdniowa dwukierunkowa,N,POWIAT ŻUROMIŃSKI,LUTOCIN - OBSZAR WIEJSKI
1,0,1,2016,Opady deszczu,Wywrócenie się pojazdu,Opady deszczu,"Świt, zmrok","Skarpa, rów",EWK-105300942H,6,2016-12-23,Lekko,19*28'174,52*33'313,573,Obszar niezabudowany,Odcinek prosty,Droga wojewódzka,Jednojezdniowa dwukierunkowa,N,POWIAT PŁOCKI,NOWY DUNINÓW - OBSZAR WIEJSKI
1,0,1,2016,Opady deszczu,Zderzenie pojazdów boczne,Opady deszczu,Noc - droga nieoświetlona,Jezdnia,EWK-103923286A,3,2016-02-19,Ciężko,20*35'157,52*02'194,W579,Obszar niezabudowany,Odcinek prosty,Droga wojewódzka,Jednojezdniowa dwukierunkowa,N,POWIAT ŻYRARDOWSKI,RADZIEJOWICE - OBSZAR WIEJSKI
1,0,0,2016,Opady deszczu,Zderzenie pojazdów boczne,Opady deszczu,Noc - droga nieoświetlona,Jezdnia,EWK-103923286A,3,2016-02-19,Nieokreślone (puste pole),20*35'157,52*02'194,W579,Obszar niezabudowany,Odcinek prosty,Droga wojewódzka,Jednojezdniowa dwukierunkowa,N,POWIAT ŻYRARDOWSKI,RADZIEJOWICE - OBSZAR WIEJSKI
1,0,1,2016,Opady deszczu,Zderzenie pojazdów boczne,Opady deszczu,Noc - droga nieoświetlona,Jezdnia,EWK-104935200T,18,2016-10-24,Lekko,21*53'017,52*49'019,S8O,Obszar niezabudowany,Odcinek prosty,Droga krajowa,Ekspresowa,N,POWIAT OSTROWSKI,OSTRÓW MAZOWIECKA - OBSZAR MIEJSKI
1,0,0,2016,Opady deszczu,Zderzenie pojazdów boczne,Opady deszczu,Noc - droga nieoświetlona,Jezdnia,EWK-104935200T,18,2016-10-24,Nieokreślone (puste pole),21*53'017,52*49'019,S8O,Obszar niezabudowany,Odcinek prosty,Droga krajowa,Ekspresowa,N,POWIAT OSTROWSKI,OSTRÓW MAZOWIECKA - OBSZAR MIEJSKI
1,0,1,2016,Opady deszczu,Zderzenie pojazdów boczne,Opady deszczu,Noc - droga nieoświetlona,Jezdnia,EWK-104983875H,18,2016-10-20,Lekko,21*22'094,52*34'435,62,Obszar niezabudowany,,Droga krajowa,Jednojezdniowa dwukierunkowa,N,POWIAT WYSZKOWSKI,SOMIANKA - OBSZAR WIEJSKI