Liczba wypadków,Liczba zabitych,Liczba rannych,Rok,Warunki atmosferyczne,Rodzaj zdarzenia,Warunki atmosferyczne,Oświetlenie,Charakterystyka miejsca zdarzenia,IDKSIP zdarzenia,Godzina,Dzień,Ranny,GPS x,GPS y,Numer drogi,Obszar,Geometria drogi,Kategoria drogi 1,Rodzaj drogi,Czy w zdarzeniu był sprawca nietrzeźwy,Powiat,Gmina
1,0,1,2016,Opady deszczu,Zderzenie pojazdów boczne,Opady deszczu,Światło dzienne,"Parking, plac, MOP",EWK-104896095T,12,2016-10-05,Lekko,19*45'026,52*32'102,I2,Obszar zabudowany,Odcinek prosty,Inna,Jednojezdniowa dwukierunkowa,N,POWIAT PŁOCK,PŁOCK - OBSZAR MIEJSKI
1,0,0,2016,Opady deszczu,Zderzenie pojazdów boczne,Opady deszczu,Światło dzienne,"Parking, plac, MOP",EWK-104896095T,12,2016-10-05,Nieokreślone (puste pole),19*45'026,52*32'102,I2,Obszar zabudowany,Odcinek prosty,Inna,Jednojezdniowa dwukierunkowa,N,POWIAT PŁOCK,PŁOCK - OBSZAR MIEJSKI
1,0,1,2016,Opady deszczu,Zderzenie pojazdów boczne,Opady deszczu,Światło dzienne,Przejazd dla rowerzystów (od 11.2015),EWK-104231119Q,10,2016-04-27,Lekko,21*11'072,51*47'052,731,Obszar zabudowany,Odcinek prosty,Droga wojewódzka,Jednojezdniowa dwukierunkowa,N,POWIAT GRÓJECKI,WARKA - OBSZAR MIEJSKI
1,0,0,2016,Opady deszczu,Zderzenie pojazdów boczne,Opady deszczu,Światło dzienne,Przejazd dla rowerzystów (od 11.2015),EWK-104231119Q,10,2016-04-27,Nieokreślone (puste pole),21*11'072,51*47'052,731,Obszar zabudowany,Odcinek prosty,Droga wojewódzka,Jednojezdniowa dwukierunkowa,N,POWIAT GRÓJECKI,WARKA - OBSZAR MIEJSKI
1,0,1,2016,Opady deszczu,Zderzenie pojazdów boczne,Opady deszczu,Światło dzienne,Przejazd kolejowy niestrzeżony,EWK-104600472D,14,2016-07-12,Ciężko,22*02'494,52*42'226,P2635W,Obszar niezabudowany,Odcinek prosty,Droga powiatowa,Jednojezdniowa dwukierunkowa,N,POWIAT OSTROWSKI,MAŁKINIA GÓRNA - OBSZAR WIEJSKI
1,0,0,2016,Opady deszczu,Zderzenie pojazdów boczne,Opady deszczu,Światło dzienne,Przejazd kolejowy niestrzeżony,EWK-104600472D,14,2016-07-12,Nieokreślone (puste pole),22*02'494,52*42'226,P2635W,Obszar niezabudowany,Odcinek prosty,Droga powiatowa,Jednojezdniowa dwukierunkowa,N,POWIAT OSTROWSKI,MAŁKINIA GÓRNA - OBSZAR WIEJSKI
1,0,2,2016,Opady deszczu,Zderzenie pojazdów boczne,Opady deszczu,Światło dzienne,Przejazd kolejowy niestrzeżony,EWK-104925869Y,13,2016-10-20,Lekko,20*46'501,51*21'495,34364W,Obszar zabudowany,Wzniesienie,Droga powiatowa,Jednojezdniowa dwukierunkowa,N,POWIAT PRZYSUSKI,WIENIAWA - OBSZAR WIEJSKI
1,0,0,2016,Opady deszczu,Zderzenie pojazdów boczne,Opady deszczu,Światło dzienne,Przejazd kolejowy niestrzeżony,EWK-104925869Y,13,2016-10-20,Nieokreślone (puste pole),20*46'501,51*21'495,34364W,Obszar zabudowany,Wzniesienie,Droga powiatowa,Jednojezdniowa dwukierunkowa,N,POWIAT PRZYSUSKI,WIENIAWA - OBSZAR WIEJSKI
1,0,1,2016,Opady deszczu,Zderzenie pojazdów boczne,Opady deszczu,Światło dzienne,Przejazd kolejowy niestrzeżony,EWK-104986454M,11,2016-11-01,Ciężko,21*35'469,53*02'306,GMINNA,Obszar niezabudowany,,Droga gminna,Jednojezdniowa dwukierunkowa,N,POWIAT OSTROŁĘCKI,RZEKUŃ - OBSZAR WIEJSKI
1,1,0,2016,Opady deszczu,Zderzenie pojazdów boczne,Opady deszczu,Światło dzienne,Przejazd kolejowy niestrzeżony,EWK-104986454M,11,2016-11-01,Nieokreślone (puste pole),21*35'469,53*02'306,GMINNA,Obszar niezabudowany,,Droga gminna,Jednojezdniowa dwukierunkowa,N,POWIAT OSTROŁĘCKI,RZEKUŃ - OBSZAR WIEJSKI
1,0,1,2016,Opady deszczu,Zderzenie pojazdów boczne,Opady deszczu,Światło dzienne,Przejście dla pieszych,EWK-105311250F,11,2016-12-27,Lekko,21*32'164,51*35'218,G170836W,Obszar niezabudowany,Odcinek prosty,Droga gminna,Jednojezdniowa dwukierunkowa,N,POWIAT KOZIENICKI,KOZIENICE - OBSZAR MIEJSKI
1,0,0,2016,Opady deszczu,Zderzenie pojazdów boczne,Opady deszczu,Światło dzienne,Przejście dla pieszych,EWK-105311250F,11,2016-12-27,Nieokreślone (puste pole),21*32'164,51*35'218,G170836W,Obszar niezabudowany,Odcinek prosty,Droga gminna,Jednojezdniowa dwukierunkowa,N,POWIAT KOZIENICKI,KOZIENICE - OBSZAR MIEJSKI
1,0,2,2016,Opady deszczu,Zderzenie pojazdów boczne,Opady deszczu,"Świt, zmrok",Jezdnia,EWK-104604869J,4,2016-07-13,Ciężko,19*46'122,52*49'286,10,Obszar niezabudowany,"Zakręt, łuk",Droga krajowa,Jednojezdniowa dwukierunkowa,N,POWIAT SIERPECKI,ZAWIDZ - OBSZAR WIEJSKI
1,0,1,2016,Opady deszczu,Zderzenie pojazdów boczne,Opady deszczu,"Świt, zmrok",Jezdnia,EWK-104604869J,4,2016-07-13,Lekko,19*46'122,52*49'286,10,Obszar niezabudowany,"Zakręt, łuk",Droga krajowa,Jednojezdniowa dwukierunkowa,N,POWIAT SIERPECKI,ZAWIDZ - OBSZAR WIEJSKI
1,0,0,2016,Opady deszczu,Zderzenie pojazdów boczne,Opady deszczu,"Świt, zmrok",Jezdnia,EWK-104604869J,4,2016-07-13,Nieokreślone (puste pole),19*46'122,52*49'286,10,Obszar niezabudowany,"Zakręt, łuk",Droga krajowa,Jednojezdniowa dwukierunkowa,N,POWIAT SIERPECKI,ZAWIDZ - OBSZAR WIEJSKI
1,0,1,2016,Opady deszczu,Zderzenie pojazdów boczne,Opady deszczu,"Świt, zmrok",Jezdnia,EWK-104684394R,5,2016-07-14,Lekko,21*46'575,51*57'242,76,Obszar niezabudowany,"Zakręt, łuk",Droga krajowa,Jednojezdniowa dwukierunkowa,N,POWIAT GARWOLIŃSKI,BOROWIE - OBSZAR WIEJSKI
1,0,0,2016,Opady deszczu,Zderzenie pojazdów boczne,Opady deszczu,"Świt, zmrok",Jezdnia,EWK-104684394R,5,2016-07-14,Nieokreślone (puste pole),21*46'575,51*57'242,76,Obszar niezabudowany,"Zakręt, łuk",Droga krajowa,Jednojezdniowa dwukierunkowa,N,POWIAT GARWOLIŃSKI,BOROWIE - OBSZAR WIEJSKI
1,0,1,2016,Opady deszczu,Zderzenie pojazdów boczne,Opady deszczu,"Świt, zmrok",Jezdnia,EWK-104764572U,16,2016-08-21,Lekko,21*13'596,51*09'256,GMINNA,Obszar zabudowany,,Droga gminna,Jednojezdniowa dwukierunkowa,N,POWIAT RADOMSKI,IŁŻA - OBSZAR MIEJSKI
1,0,0,2016,Opady deszczu,Zderzenie pojazdów boczne,Opady deszczu,"Świt, zmrok",Jezdnia,EWK-104764572U,16,2016-08-21,Nieokreślone (puste pole),21*13'596,51*09'256,GMINNA,Obszar zabudowany,,Droga gminna,Jednojezdniowa dwukierunkowa,N,POWIAT RADOMSKI,IŁŻA - OBSZAR MIEJSKI
1,0,1,2016,Opady deszczu,Zderzenie pojazdów boczne,Opady deszczu,"Świt, zmrok",Jezdnia,EWK-104983652J,17,2016-10-31,Lekko,21*17'510,52*34'020,62,Obszar zabudowany,Odcinek prosty,Droga krajowa,Jednojezdniowa dwukierunkowa,N,POWIAT WYSZKOWSKI,SOMIANKA - OBSZAR WIEJSKI
1,0,0,2016,Opady deszczu,Zderzenie pojazdów boczne,Opady deszczu,"Świt, zmrok",Jezdnia,EWK-104983652J,17,2016-10-31,Nieokreślone (puste pole),21*17'510,52*34'020,62,Obszar zabudowany,Odcinek prosty,Droga krajowa,Jednojezdniowa dwukierunkowa,N,POWIAT WYSZKOWSKI,SOMIANKA - OBSZAR WIEJSKI
1,0,1,2016,Opady deszczu,Zderzenie pojazdów boczne,Opady deszczu,"Świt, zmrok",Jezdnia,EWK-105301187Y,5,2016-12-23,Ciężko,21*52'094,52*53'481,677,Obszar niezabudowany,"Zakręt, łuk",Droga wojewódzka,Jednojezdniowa dwukierunkowa,N,POWIAT OSTROWSKI,STARY LUBOTYŃ - OBSZAR WIEJSKI
1,0,0,2016,Opady deszczu,Zderzenie pojazdów boczne,Opady deszczu,"Świt, zmrok",Jezdnia,EWK-105301187Y,5,2016-12-23,Nieokreślone (puste pole),21*52'094,52*53'481,677,Obszar niezabudowany,"Zakręt, łuk",Droga wojewódzka,Jednojezdniowa dwukierunkowa,N,POWIAT OSTROWSKI,STARY LUBOTYŃ - OBSZAR WIEJSKI
1,0,3,2016,Opady deszczu,Zderzenie pojazdów czołowe,Opady deszczu,Noc - droga nieoświetlona,Jezdnia,EWK-104107844Y,3,2016-03-26,Lekko,21*37'297,52*40'527,8,Obszar niezabudowany,Odcinek prosty,Droga krajowa,Jednojezdniowa dwukierunkowa,N,POWIAT WYSZKOWSKI,BRAŃSZCZYK - OBSZAR WIEJSKI
1,0,0,2016,Opady deszczu,Zderzenie pojazdów czołowe,Opady deszczu,Noc - droga nieoświetlona,Jezdnia,EWK-104107844Y,3,2016-03-26,Nieokreślone (puste pole),21*37'297,52*40'527,8,Obszar niezabudowany,Odcinek prosty,Droga krajowa,Jednojezdniowa dwukierunkowa,N,POWIAT WYSZKOWSKI,BRAŃSZCZYK - OBSZAR WIEJSKI
1,1,0,2016,Opady deszczu,Zderzenie pojazdów czołowe,Opady deszczu,Noc - droga nieoświetlona,Jezdnia,EWK-104885386H,23,2016-09-30,Nieokreślone (puste pole),21*02'228,52*50'418,60,Obszar niezabudowany,Odcinek prosty,Droga krajowa,Jednojezdniowa dwukierunkowa,T,POWIAT MAKOWSKI,KARNIEWO - OBSZAR WIEJSKI
1,0,1,2016,Opady deszczu,Zderzenie pojazdów czołowe,Opady deszczu,Noc - droga nieoświetlona,Jezdnia,EWK-104926490L,21,2016-10-15,Ciężko,21*48'167,51*29'178,P1731W,Obszar zabudowany,,Droga powiatowa,Jednojezdniowa dwukierunkowa,N,POWIAT KOZIENICKI,GNIEWOSZÓW - OBSZAR WIEJSKI
1,0,0,2016,Opady deszczu,Zderzenie pojazdów czołowe,Opady deszczu,Noc - droga nieoświetlona,Jezdnia,EWK-104926490L,21,2016-10-15,Nieokreślone (puste pole),21*48'167,51*29'178,P1731W,Obszar zabudowany,,Droga powiatowa,Jednojezdniowa dwukierunkowa,N,POWIAT KOZIENICKI,GNIEWOSZÓW - OBSZAR WIEJSKI
1,0,4,2016,Opady deszczu,Zderzenie pojazdów czołowe,Opady deszczu,Noc - droga nieoświetlona,Jezdnia,EWK-104929634P,5,2016-10-22,Lekko,21*39'287,52*41'472,8,Obszar niezabudowany,Odcinek prosty,Droga krajowa,Jednojezdniowa dwukierunkowa,N,POWIAT WYSZKOWSKI,BRAŃSZCZYK - OBSZAR WIEJSKI
1,0,0,2016,Opady deszczu,Zderzenie pojazdów czołowe,Opady deszczu,Noc - droga nieoświetlona,Jezdnia,EWK-104929634P,5,2016-10-22,Nieokreślone (puste pole),21*39'287,52*41'472,8,Obszar niezabudowany,Odcinek prosty,Droga krajowa,Jednojezdniowa dwukierunkowa,N,POWIAT WYSZKOWSKI,BRAŃSZCZYK - OBSZAR WIEJSKI
1,0,2,2016,Opady deszczu,Zderzenie pojazdów czołowe,Opady deszczu,Noc - droga nieoświetlona,Jezdnia,EWK-105295955E,16,2016-12-20,Lekko,21*35'481,51*16'424,79,Obszar niezabudowany,Odcinek prosty,Droga krajowa,Jednojezdniowa dwukierunkowa,N,POWIAT LIPSKI,CIEPIELÓW - OBSZAR WIEJSKI
1,1,0,2016,Opady deszczu,Zderzenie pojazdów czołowe,Opady deszczu,Noc - droga nieoświetlona,Jezdnia,EWK-105295955E,16,2016-12-20,Nieokreślone (puste pole),21*35'481,51*16'424,79,Obszar niezabudowany,Odcinek prosty,Droga krajowa,Jednojezdniowa dwukierunkowa,N,POWIAT LIPSKI,CIEPIELÓW - OBSZAR WIEJSKI
1,0,1,2016,Opady deszczu,Zderzenie pojazdów czołowe,Opady deszczu,Noc - droga oświetlona,Jezdnia,EWK-104024117A,19,2016-03-11,Lekko,19*40'264,52*29'407,60,Obszar niezabudowany,,Droga krajowa,Jednojezdniowa dwukierunkowa,N,POWIAT PŁOCK,PŁOCK - OBSZAR MIEJSKI
1,0,0,2016,Opady deszczu,Zderzenie pojazdów czołowe,Opady deszczu,Noc - droga oświetlona,Jezdnia,EWK-104024117A,19,2016-03-11,Nieokreślone (puste pole),19*40'264,52*29'407,60,Obszar niezabudowany,,Droga krajowa,Jednojezdniowa dwukierunkowa,N,POWIAT PŁOCK,PŁOCK - OBSZAR MIEJSKI
1,0,4,2016,Opady deszczu,Zderzenie pojazdów czołowe,Opady deszczu,"Zmrok, świt",Jezdnia,EWK-103866040L,16,2016-02-10,Ciężko,20*40'435,51*48'362,725,Obszar niezabudowany,"Zakręt, łuk",Droga wojewódzka,Jednojezdniowa dwukierunkowa,N,POWIAT GRÓJECKI,BŁĘDÓW - OBSZAR WIEJSKI
1,0,2,2016,Opady deszczu,Zderzenie pojazdów czołowe,Opady deszczu,"Zmrok, świt",Jezdnia,EWK-103919727M,5,2016-02-22,Lekko,21*36'192,51*55'390,31319W,Obszar zabudowany,Odcinek prosty,Droga powiatowa,Jednojezdniowa dwukierunkowa,N,POWIAT GARWOLIŃSKI,GARWOLIN - OBSZAR WIEJSKI
1,1,0,2016,Opady deszczu,Zderzenie pojazdów czołowe,Opady deszczu,"Zmrok, świt",Jezdnia,EWK-104015183J,5,2016-03-11,Nieokreślone (puste pole),20*18'537,52*13'204,92,Obszar niezabudowany,Odcinek prosty,Droga krajowa,Jednojezdniowa dwukierunkowa,N,POWIAT SOCHACZEWSKI,SOCHACZEW - OBSZAR WIEJSKI
1,0,1,2016,Opady deszczu,Zderzenie pojazdów czołowe,Opady deszczu,Światło dzienne,Jezdnia,EWK-103769636U,14,2016-01-13,Ciężko,22*09'214,52*11'519,2,Obszar niezabudowany,"Zakręt, łuk",Droga krajowa,Jednojezdniowa dwukierunkowa,N,POWIAT SIEDLECKI,KOTUŃ - OBSZAR WIEJSKI
1,0,1,2016,Opady deszczu,Zderzenie pojazdów czołowe,Opady deszczu,Światło dzienne,Jezdnia,EWK-103769636U,14,2016-01-13,Lekko,22*09'214,52*11'519,2,Obszar niezabudowany,"Zakręt, łuk",Droga krajowa,Jednojezdniowa dwukierunkowa,N,POWIAT SIEDLECKI,KOTUŃ - OBSZAR WIEJSKI
1,0,0,2016,Opady deszczu,Zderzenie pojazdów czołowe,Opady deszczu,Światło dzienne,Jezdnia,EWK-103769636U,14,2016-01-13,Nieokreślone (puste pole),22*09'214,52*11'519,2,Obszar niezabudowany,"Zakręt, łuk",Droga krajowa,Jednojezdniowa dwukierunkowa,N,POWIAT SIEDLECKI,KOTUŃ - OBSZAR WIEJSKI
1,0,1,2016,Opady deszczu,Zderzenie pojazdów czołowe,Opady deszczu,Światło dzienne,Jezdnia,EWK-103806694F,8,2016-01-26,Ciężko,22*25'223,52*08'188,GMINNA,Obszar zabudowany,"Zakręt, łuk",Droga gminna,Jednojezdniowa dwukierunkowa,N,POWIAT SIEDLECKI,ZBUCZYN - OBSZAR WIEJSKI
1,0,0,2016,Opady deszczu,Zderzenie pojazdów czołowe,Opady deszczu,Światło dzienne,Jezdnia,EWK-103806694F,8,2016-01-26,Nieokreślone (puste pole),22*25'223,52*08'188,GMINNA,Obszar zabudowany,"Zakręt, łuk",Droga gminna,Jednojezdniowa dwukierunkowa,N,POWIAT SIEDLECKI,ZBUCZYN - OBSZAR WIEJSKI
1,0,1,2016,Opady deszczu,Zderzenie pojazdów czołowe,Opady deszczu,Światło dzienne,Jezdnia,EWK-103861985H,13,2016-02-10,Lekko,20*20'241,53*08'236,544,Obszar niezabudowany,,Droga wojewódzka,Jednojezdniowa dwukierunkowa,N,POWIAT MŁAWSKI,MŁAWA - OBSZAR MIEJSKI
1,0,0,2016,Opady deszczu,Zderzenie pojazdów czołowe,Opady deszczu,Światło dzienne,Jezdnia,EWK-103861985H,13,2016-02-10,Nieokreślone (puste pole),20*20'241,53*08'236,544,Obszar niezabudowany,,Droga wojewódzka,Jednojezdniowa dwukierunkowa,N,POWIAT MŁAWSKI,MŁAWA - OBSZAR MIEJSKI
1,0,2,2016,Opady deszczu,Zderzenie pojazdów czołowe,Opady deszczu,Światło dzienne,Jezdnia,EWK-103889166G,9,2016-02-11,Lekko,22*21'151,52*12'562,3750E,Obszar niezabudowany,Odcinek prosty,Droga powiatowa,Jednojezdniowa dwukierunkowa,N,POWIAT SIEDLECKI,DOMANICE - OBSZAR WIEJSKI
1,0,1,2016,Opady deszczu,Zderzenie pojazdów czołowe,Opady deszczu,Światło dzienne,Jezdnia,EWK-104024078H,6,2016-03-08,Lekko,21*13'532,51*25'407,737,Obszar zabudowany,Odcinek prosty,Droga wojewódzka,Jednojezdniowa dwukierunkowa,N,POWIAT RADOM,RADOM - OBSZAR MIEJSKI
1,0,0,2016,Opady deszczu,Zderzenie pojazdów czołowe,Opady deszczu,Światło dzienne,Jezdnia,EWK-104024078H,6,2016-03-08,Nieokreślone (puste pole),21*13'532,51*25'407,737,Obszar zabudowany,Odcinek prosty,Droga wojewódzka,Jednojezdniowa dwukierunkowa,N,POWIAT RADOM,RADOM - OBSZAR MIEJSKI
1,0,1,2016,Opady deszczu,Zderzenie pojazdów czołowe,Opady deszczu,Światło dzienne,Jezdnia,EWK-104160787F,14,2016-04-08,Lekko,21*09'581,51*24'261,P5312W,Obszar zabudowany,,Droga powiatowa,Jednojezdniowa dwukierunkowa,N,POWIAT RADOM,RADOM - OBSZAR MIEJSKI
1,0,0,2016,Opady deszczu,Zderzenie pojazdów czołowe,Opady deszczu,Światło dzienne,Jezdnia,EWK-104160787F,14,2016-04-08,Nieokreślone (puste pole),21*09'581,51*24'261,P5312W,Obszar zabudowany,,Droga powiatowa,Jednojezdniowa dwukierunkowa,N,POWIAT RADOM,RADOM - OBSZAR MIEJSKI
1,0,1,2016,Opady deszczu,Zderzenie pojazdów czołowe,Opady deszczu,Światło dzienne,Jezdnia,EWK-104472830N,14,2016-06-10,Lekko,21*09'096,51*23'545,P5318W,Obszar zabudowany,Odcinek prosty,Droga powiatowa,Jednojezdniowa dwukierunkowa,N,POWIAT RADOM,RADOM - OBSZAR MIEJSKI
1,0,0,2016,Opady deszczu,Zderzenie pojazdów czołowe,Opady deszczu,Światło dzienne,Jezdnia,EWK-104472830N,14,2016-06-10,Nieokreślone (puste pole),21*09'096,51*23'545,P5318W,Obszar zabudowany,Odcinek prosty,Droga powiatowa,Jednojezdniowa dwukierunkowa,N,POWIAT RADOM,RADOM - OBSZAR MIEJSKI
1,0,1,2016,Opady deszczu,Zderzenie pojazdów czołowe,Opady deszczu,Światło dzienne,Jezdnia,EWK-104562481W,10,2016-07-03,Ciężko,20*52'047,51*13'046,7,Obszar niezabudowany,"Zakręt, łuk",Droga krajowa,Jednojezdniowa dwukierunkowa,N,POWIAT SZYDŁOWIECKI,SZYDŁOWIEC - OBSZAR MIEJSKI
1,1,0,2016,Opady deszczu,Zderzenie pojazdów czołowe,Opady deszczu,Światło dzienne,Jezdnia,EWK-104562481W,10,2016-07-03,Nieokreślone (puste pole),20*52'047,51*13'046,7,Obszar niezabudowany,"Zakręt, łuk",Droga krajowa,Jednojezdniowa dwukierunkowa,N,POWIAT SZYDŁOWIECKI,SZYDŁOWIEC - OBSZAR MIEJSKI
1,0,1,2016,Opady deszczu,Zderzenie pojazdów czołowe,Opady deszczu,Światło dzienne,Jezdnia,EWK-104623830W,14,2016-07-07,Ciężko,22*14'151,52*12'326,63,Obszar niezabudowany,Odcinek prosty,Droga krajowa,Jednojezdniowa dwukierunkowa,N,POWIAT SIEDLECKI,SIEDLCE - OBSZAR WIEJSKI
1,0,1,2016,Opady deszczu,Zderzenie pojazdów czołowe,Opady deszczu,Światło dzienne,Jezdnia,EWK-104623830W,14,2016-07-07,Lekko,22*14'151,52*12'326,63,Obszar niezabudowany,Odcinek prosty,Droga krajowa,Jednojezdniowa dwukierunkowa,N,POWIAT SIEDLECKI,SIEDLCE - OBSZAR WIEJSKI
1,0,0,2016,Opady deszczu,Zderzenie pojazdów czołowe,Opady deszczu,Światło dzienne,Jezdnia,EWK-104623830W,14,2016-07-07,Nieokreślone (puste pole),22*14'151,52*12'326,63,Obszar niezabudowany,Odcinek prosty,Droga krajowa,Jednojezdniowa dwukierunkowa,N,POWIAT SIEDLECKI,SIEDLCE - OBSZAR WIEJSKI
1,0,1,2016,Opady deszczu,Zderzenie pojazdów czołowe,Opady deszczu,Światło dzienne,Jezdnia,EWK-104680596M,9,2016-07-28,Lekko,21*34'485,53*04'539,P5102W,Obszar zabudowany,,Droga powiatowa,Jednojezdniowa dwukierunkowa,N,POWIAT OSTROŁĘKA,OSTROŁĘKA - OBSZAR MIEJSKI
1,0,0,2016,Opady deszczu,Zderzenie pojazdów czołowe,Opady deszczu,Światło dzienne,Jezdnia,EWK-104680596M,9,2016-07-28,Nieokreślone (puste pole),21*34'485,53*04'539,P5102W,Obszar zabudowany,,Droga powiatowa,Jednojezdniowa dwukierunkowa,N,POWIAT OSTROŁĘKA,OSTROŁĘKA - OBSZAR MIEJSKI
1,0,2,2016,Opady deszczu,Zderzenie pojazdów czołowe,Opady deszczu,Światło dzienne,Jezdnia,EWK-104681064C,18,2016-07-31,Lekko,19*31'407,52*27'016,G140209W,Obszar niezabudowany,"Zakręt, łuk",Droga gminna,Jednojezdniowa dwukierunkowa,N,POWIAT GOSTYNIŃSKI,GOSTYNIN - OBSZAR WIEJSKI
1,0,0,2016,Opady deszczu,Zderzenie pojazdów czołowe,Opady deszczu,Światło dzienne,Jezdnia,EWK-104681064C,18,2016-07-31,Nieokreślone (puste pole),19*31'407,52*27'016,G140209W,Obszar niezabudowany,"Zakręt, łuk",Droga gminna,Jednojezdniowa dwukierunkowa,N,POWIAT GOSTYNIŃSKI,GOSTYNIN - OBSZAR WIEJSKI
1,1,0,2016,Opady deszczu,Zderzenie pojazdów czołowe,Opady deszczu,Światło dzienne,Jezdnia,EWK-104925082F,12,2016-10-20,Nieokreślone (puste pole),19*35'588,52*55'565,560,Obszar niezabudowany,Odcinek prosty,Droga wojewódzka,Jednojezdniowa dwukierunkowa,N,POWIAT SIERPECKI,SZCZUTOWO - OBSZAR WIEJSKI
1,0,2,2016,Opady deszczu,Zderzenie pojazdów czołowe,Opady deszczu,Światło dzienne,Jezdnia,EWK-105117042G,12,2016-11-19,Lekko,21*47'357,52*45'222,8,Obszar niezabudowany,Odcinek prosty,Droga krajowa,Jednojezdniowa dwukierunkowa,N,POWIAT OSTROWSKI,OSTRÓW MAZOWIECKA - OBSZAR WIEJSKI
1,0,0,2016,Opady deszczu,Zderzenie pojazdów czołowe,Opady deszczu,Światło dzienne,Jezdnia,EWK-105117042G,12,2016-11-19,Nieokreślone (puste pole),21*47'357,52*45'222,8,Obszar niezabudowany,Odcinek prosty,Droga krajowa,Jednojezdniowa dwukierunkowa,N,POWIAT OSTROWSKI,OSTRÓW MAZOWIECKA - OBSZAR WIEJSKI
1,1,0,2016,Opady deszczu,Zderzenie pojazdów czołowe,Opady deszczu,"Świt, zmrok",Jezdnia,EWK-104517781P,20,2016-06-20,Nieokreślone (puste pole),21*14'417,51*14'298,9,Obszar zabudowany,"Zakręt, łuk",Droga krajowa,Jednojezdniowa dwukierunkowa,N,POWIAT RADOMSKI,SKARYSZEW - OBSZAR WIEJSKI
1,0,2,2016,Opady deszczu,Zderzenie pojazdów czołowe,Opady deszczu,"Świt, zmrok",Jezdnia,EWK-104895047D,6,2016-10-05,Lekko,21*08'334,51*24'324,P5302W,Obszar zabudowany,,Droga powiatowa,Dwie jezdnie jednokierunkowe,N,POWIAT RADOM,RADOM - OBSZAR MIEJSKI
1,0,0,2016,Opady deszczu,Zderzenie pojazdów czołowe,Opady deszczu,"Świt, zmrok",Jezdnia,EWK-104895047D,6,2016-10-05,Nieokreślone (puste pole),21*08'334,51*24'324,P5302W,Obszar zabudowany,,Droga powiatowa,Dwie jezdnie jednokierunkowe,N,POWIAT RADOM,RADOM - OBSZAR MIEJSKI
1,0,3,2016,Opady deszczu,Zderzenie pojazdów czołowe,Opady deszczu,"Świt, zmrok",Jezdnia,EWK-105167587E,7,2016-12-12,Lekko,21*23'200,51*29'061,737,Obszar niezabudowany,Odcinek prosty,Droga wojewódzka,Jednojezdniowa dwukierunkowa,N,POWIAT RADOMSKI,PIONKI - OBSZAR WIEJSKI
1,0,0,2016,Opady deszczu,Zderzenie pojazdów czołowe,Opady deszczu,"Świt, zmrok",Jezdnia,EWK-105167587E,7,2016-12-12,Nieokreślone (puste pole),21*23'200,51*29'061,737,Obszar niezabudowany,Odcinek prosty,Droga wojewódzka,Jednojezdniowa dwukierunkowa,N,POWIAT RADOMSKI,PIONKI - OBSZAR WIEJSKI
1,1,0,2016,Opady deszczu,Zderzenie pojazdów czołowe,Opady deszczu,"Świt, zmrok",Jezdnia,EWK-105214735Y,16,2016-12-14,Nieokreślone (puste pole),21*24'262,51*31'460,P1716W,Obszar niezabudowany,Odcinek prosty,Droga powiatowa,Jednojezdniowa dwukierunkowa,N,POWIAT RADOMSKI,PIONKI - OBSZAR WIEJSKI
1,0,1,2016,Opady deszczu,Zderzenie pojazdów czołowe,Opady deszczu,"Świt, zmrok",Przystanek komunikacji publicznej,EWK-104892150P,17,2016-10-03,Lekko,19*43'166,52*31'401,P,Obszar zabudowany,Odcinek prosty,Droga powiatowa,Jednojezdniowa dwukierunkowa,N,POWIAT PŁOCK,PŁOCK - OBSZAR MIEJSKI
1,0,0,2016,Opady deszczu,Zderzenie pojazdów czołowe,Opady deszczu,"Świt, zmrok",Przystanek komunikacji publicznej,EWK-104892150P,17,2016-10-03,Nieokreślone (puste pole),19*43'166,52*31'401,P,Obszar zabudowany,Odcinek prosty,Droga powiatowa,Jednojezdniowa dwukierunkowa,N,POWIAT PŁOCK,PŁOCK - OBSZAR MIEJSKI
1,1,0,2016,Opady deszczu,Zderzenie pojazdów tylne,Opady deszczu,Noc - droga nieoświetlona,Jezdnia,EWK-104891366W,2,2016-10-04,Nieokreślone (puste pole),20*54'037,51*46'032,S7,Obszar niezabudowany,Odcinek prosty,Droga krajowa,Ekspresowa,N,POWIAT GRÓJECKI,GOSZCZYN - OBSZAR WIEJSKI
1,0,1,2016,Opady deszczu,Zderzenie pojazdów tylne,Opady deszczu,Noc - droga nieoświetlona,Jezdnia,EWK-104893260M,18,2016-10-04,Lekko,19*58'255,52*44'551,10,Obszar niezabudowany,Odcinek prosty,Droga krajowa,Jednojezdniowa dwukierunkowa,N,POWIAT PŁOCKI,DROBIN - OBSZAR MIEJSKI
1,0,0,2016,Opady deszczu,Zderzenie pojazdów tylne,Opady deszczu,Noc - droga nieoświetlona,Jezdnia,EWK-104893260M,18,2016-10-04,Nieokreślone (puste pole),19*58'255,52*44'551,10,Obszar niezabudowany,Odcinek prosty,Droga krajowa,Jednojezdniowa dwukierunkowa,N,POWIAT PŁOCKI,DROBIN - OBSZAR MIEJSKI
1,0,1,2016,Opady deszczu,Zderzenie pojazdów tylne,Opady deszczu,Noc - droga nieoświetlona,Jezdnia,EWK-104901349A,17,2016-10-08,Lekko,20*25'064,52*23'535,K92S,Obszar niezabudowany,Odcinek prosty,Droga krajowa,Jednojezdniowa dwukierunkowa,N,POWIAT SOCHACZEWSKI,SOCHACZEW - OBSZAR WIEJSKI
1,0,0,2016,Opady deszczu,Zderzenie pojazdów tylne,Opady deszczu,Noc - droga nieoświetlona,Jezdnia,EWK-104901349A,17,2016-10-08,Nieokreślone (puste pole),20*25'064,52*23'535,K92S,Obszar niezabudowany,Odcinek prosty,Droga krajowa,Jednojezdniowa dwukierunkowa,N,POWIAT SOCHACZEWSKI,SOCHACZEW - OBSZAR WIEJSKI