Liczba wypadków,Liczba zabitych,Liczba rannych,Rok,Warunki atmosferyczne,Rodzaj zdarzenia,Warunki atmosferyczne,Oświetlenie,Charakterystyka miejsca zdarzenia,IDKSIP zdarzenia,Godzina,Dzień,Ranny,GPS x,GPS y,Numer drogi,Obszar,Geometria drogi,Kategoria drogi 1,Rodzaj drogi,Czy w zdarzeniu był sprawca nietrzeźwy,Powiat,Gmina
1,0,1,2016,Opady deszczu,Zderzenie pojazdów tylne,Opady deszczu,Noc - droga nieoświetlona,Jezdnia,EWK-105170460Y,15,2016-12-11,Ciężko,22*27'402,52*21'276,P3490D,Obszar niezabudowany,Odcinek prosty,Droga powiatowa,Jednojezdniowa dwukierunkowa,N,POWIAT SIEDLECKI,SIEDLCE - OBSZAR WIEJSKI
1,0,0,2016,Opady deszczu,Zderzenie pojazdów tylne,Opady deszczu,Noc - droga nieoświetlona,Jezdnia,EWK-105170460Y,15,2016-12-11,Nieokreślone (puste pole),22*27'402,52*21'276,P3490D,Obszar niezabudowany,Odcinek prosty,Droga powiatowa,Jednojezdniowa dwukierunkowa,N,POWIAT SIEDLECKI,SIEDLCE - OBSZAR WIEJSKI
1,0,1,2016,Opady deszczu,Zderzenie pojazdów tylne,Opady deszczu,Noc - droga nieoświetlona,Jezdnia,EWK-105306222P,19,2016-12-25,Ciężko,20*51'160,51*51'383,S7,Obszar niezabudowany,Odcinek prosty,Droga krajowa,Ekspresowa,N,POWIAT GRÓJECKI,GRÓJEC - OBSZAR MIEJSKI
1,0,0,2016,Opady deszczu,Zderzenie pojazdów tylne,Opady deszczu,Noc - droga nieoświetlona,Jezdnia,EWK-105306222P,19,2016-12-25,Nieokreślone (puste pole),20*51'160,51*51'383,S7,Obszar niezabudowany,Odcinek prosty,Droga krajowa,Ekspresowa,N,POWIAT GRÓJECKI,GRÓJEC - OBSZAR MIEJSKI
1,0,1,2016,Opady deszczu,Zderzenie pojazdów tylne,Opady deszczu,Noc - droga oświetlona,Jezdnia,EWK-103744072M,4,2016-01-12,Lekko,21*06'021,51*31'209,7,Obszar niezabudowany,Odcinek prosty,Droga krajowa,Dwie jezdnie jednokierunkowe,N,POWIAT RADOMSKI,JEDLIŃSK - OBSZAR WIEJSKI
1,0,0,2016,Opady deszczu,Zderzenie pojazdów tylne,Opady deszczu,Noc - droga oświetlona,Jezdnia,EWK-103744072M,4,2016-01-12,Nieokreślone (puste pole),21*06'021,51*31'209,7,Obszar niezabudowany,Odcinek prosty,Droga krajowa,Dwie jezdnie jednokierunkowe,N,POWIAT RADOMSKI,JEDLIŃSK - OBSZAR WIEJSKI
1,0,1,2016,Opady deszczu,Zderzenie pojazdów tylne,Opady deszczu,Noc - droga oświetlona,Jezdnia,EWK-103892189Q,21,2016-02-17,Lekko,21*09'462,51*25'296,9,Obszar zabudowany,,Droga krajowa,Dwie jezdnie jednokierunkowe,N,POWIAT RADOM,RADOM - OBSZAR MIEJSKI
1,0,0,2016,Opady deszczu,Zderzenie pojazdów tylne,Opady deszczu,Noc - droga oświetlona,Jezdnia,EWK-103892189Q,21,2016-02-17,Nieokreślone (puste pole),21*09'462,51*25'296,9,Obszar zabudowany,,Droga krajowa,Dwie jezdnie jednokierunkowe,N,POWIAT RADOM,RADOM - OBSZAR MIEJSKI
1,0,1,2016,Opady deszczu,Zderzenie pojazdów tylne,Opady deszczu,Noc - droga oświetlona,Jezdnia,EWK-103913947Q,17,2016-02-22,Lekko,20*12'535,52*12'483,K92S,Obszar niezabudowany,,Droga krajowa,Jednojezdniowa dwukierunkowa,N,POWIAT SOCHACZEWSKI,SOCHACZEW - OBSZAR WIEJSKI
1,0,0,2016,Opady deszczu,Zderzenie pojazdów tylne,Opady deszczu,Noc - droga oświetlona,Jezdnia,EWK-103913947Q,17,2016-02-22,Nieokreślone (puste pole),20*12'535,52*12'483,K92S,Obszar niezabudowany,,Droga krajowa,Jednojezdniowa dwukierunkowa,N,POWIAT SOCHACZEWSKI,SOCHACZEW - OBSZAR WIEJSKI
1,0,1,2016,Opady deszczu,Zderzenie pojazdów tylne,Opady deszczu,Noc - droga oświetlona,Jezdnia,EWK-104903393R,19,2016-10-09,Lekko,21*34'388,53*04'564,P5102W,Obszar zabudowany,,Droga powiatowa,Jednojezdniowa dwukierunkowa,T,POWIAT OSTROŁĘKA,OSTROŁĘKA - OBSZAR MIEJSKI
1,0,0,2016,Opady deszczu,Zderzenie pojazdów tylne,Opady deszczu,Noc - droga oświetlona,Jezdnia,EWK-104903393R,19,2016-10-09,Nieokreślone (puste pole),21*34'388,53*04'564,P5102W,Obszar zabudowany,,Droga powiatowa,Jednojezdniowa dwukierunkowa,T,POWIAT OSTROŁĘKA,OSTROŁĘKA - OBSZAR MIEJSKI
1,0,1,2016,Opady deszczu,Zderzenie pojazdów tylne,Opady deszczu,Noc - droga oświetlona,Jezdnia,EWK-104984034A,16,2016-10-30,Lekko,21*09'532,51*24'164,P5304W  ,Obszar zabudowany,Odcinek prosty,Droga powiatowa,Dwie jezdnie jednokierunkowe,N,POWIAT RADOM,RADOM - OBSZAR MIEJSKI
1,0,0,2016,Opady deszczu,Zderzenie pojazdów tylne,Opady deszczu,Noc - droga oświetlona,Jezdnia,EWK-104984034A,16,2016-10-30,Nieokreślone (puste pole),21*09'532,51*24'164,P5304W  ,Obszar zabudowany,Odcinek prosty,Droga powiatowa,Dwie jezdnie jednokierunkowe,N,POWIAT RADOM,RADOM - OBSZAR MIEJSKI
1,0,1,2016,Opady deszczu,Zderzenie pojazdów tylne,Opady deszczu,Noc - droga oświetlona,Jezdnia,EWK-104991633T,17,2016-11-01,Lekko,21*12'576,51*24'519,12,Obszar zabudowany,Odcinek prosty,Droga krajowa,Jednojezdniowa dwukierunkowa,N,POWIAT RADOMSKI,JEDLNIA-LETNISKO - OBSZAR WIEJSKI
1,0,0,2016,Opady deszczu,Zderzenie pojazdów tylne,Opady deszczu,Noc - droga oświetlona,Jezdnia,EWK-104991633T,17,2016-11-01,Nieokreślone (puste pole),21*12'576,51*24'519,12,Obszar zabudowany,Odcinek prosty,Droga krajowa,Jednojezdniowa dwukierunkowa,N,POWIAT RADOMSKI,JEDLNIA-LETNISKO - OBSZAR WIEJSKI
1,0,2,2016,Opady deszczu,Zderzenie pojazdów tylne,Opady deszczu,Noc - droga oświetlona,Jezdnia,EWK-105305537E,19,2016-12-26,Ciężko,20*40'569,51*55'030,50,Obszar zabudowany,Odcinek prosty,Droga krajowa,Jednojezdniowa dwukierunkowa,N,POWIAT GRÓJECKI,PNIEWY - OBSZAR WIEJSKI
1,0,0,2016,Opady deszczu,Zderzenie pojazdów tylne,Opady deszczu,Noc - droga oświetlona,Jezdnia,EWK-105305537E,19,2016-12-26,Nieokreślone (puste pole),20*40'569,51*55'030,50,Obszar zabudowany,Odcinek prosty,Droga krajowa,Jednojezdniowa dwukierunkowa,N,POWIAT GRÓJECKI,PNIEWY - OBSZAR WIEJSKI
1,0,1,2016,Opady deszczu,Zderzenie pojazdów tylne,Opady deszczu,Światło dzienne,Jezdnia,EWK-103884244H,9,2016-02-15,Ciężko,21*41'439,52*42'483,8,Obszar niezabudowany,,Droga krajowa,Jednojezdniowa dwukierunkowa,N,POWIAT OSTROWSKI,OSTRÓW MAZOWIECKA - OBSZAR WIEJSKI
1,0,1,2016,Opady deszczu,Zderzenie pojazdów tylne,Opady deszczu,Światło dzienne,Jezdnia,EWK-103884244H,9,2016-02-15,Lekko,21*41'439,52*42'483,8,Obszar niezabudowany,,Droga krajowa,Jednojezdniowa dwukierunkowa,N,POWIAT OSTROWSKI,OSTRÓW MAZOWIECKA - OBSZAR WIEJSKI
1,0,0,2016,Opady deszczu,Zderzenie pojazdów tylne,Opady deszczu,Światło dzienne,Jezdnia,EWK-103884244H,9,2016-02-15,Nieokreślone (puste pole),21*41'439,52*42'483,8,Obszar niezabudowany,,Droga krajowa,Jednojezdniowa dwukierunkowa,N,POWIAT OSTROWSKI,OSTRÓW MAZOWIECKA - OBSZAR WIEJSKI
1,0,1,2016,Opady deszczu,Zderzenie pojazdów tylne,Opady deszczu,Światło dzienne,Jezdnia,EWK-103895532H,13,2016-02-18,Lekko,20*53'080,53*14'158,57,Obszar niezabudowany,,Droga krajowa,Jednojezdniowa dwukierunkowa,N,POWIAT PRZASNYSKI,CHORZELE - OBSZAR WIEJSKI
1,0,0,2016,Opady deszczu,Zderzenie pojazdów tylne,Opady deszczu,Światło dzienne,Jezdnia,EWK-103895532H,13,2016-02-18,Nieokreślone (puste pole),20*53'080,53*14'158,57,Obszar niezabudowany,,Droga krajowa,Jednojezdniowa dwukierunkowa,N,POWIAT PRZASNYSKI,CHORZELE - OBSZAR WIEJSKI
1,0,1,2016,Opady deszczu,Zderzenie pojazdów tylne,Opady deszczu,Światło dzienne,Jezdnia,EWK-104015497A,11,2016-03-11,Lekko,20*53'031,53*14'087,57,Obszar niezabudowany,,Droga krajowa,Jednojezdniowa dwukierunkowa,N,POWIAT PRZASNYSKI,CHORZELE - OBSZAR WIEJSKI
1,0,0,2016,Opady deszczu,Zderzenie pojazdów tylne,Opady deszczu,Światło dzienne,Jezdnia,EWK-104015497A,11,2016-03-11,Nieokreślone (puste pole),20*53'031,53*14'087,57,Obszar niezabudowany,,Droga krajowa,Jednojezdniowa dwukierunkowa,N,POWIAT PRZASNYSKI,CHORZELE - OBSZAR WIEJSKI
1,0,2,2016,Opady deszczu,Zderzenie pojazdów tylne,Opady deszczu,Światło dzienne,Jezdnia,EWK-104098853F,12,2016-03-26,Lekko,21*09'113,51*23'467,P5320W,Obszar zabudowany,Odcinek prosty,Droga powiatowa,Dwie jezdnie jednokierunkowe,N,POWIAT RADOM,RADOM - OBSZAR MIEJSKI
1,0,0,2016,Opady deszczu,Zderzenie pojazdów tylne,Opady deszczu,Światło dzienne,Jezdnia,EWK-104098853F,12,2016-03-26,Nieokreślone (puste pole),21*09'113,51*23'467,P5320W,Obszar zabudowany,Odcinek prosty,Droga powiatowa,Dwie jezdnie jednokierunkowe,N,POWIAT RADOM,RADOM - OBSZAR MIEJSKI
1,0,1,2016,Opady deszczu,Zderzenie pojazdów tylne,Opady deszczu,Światło dzienne,Jezdnia,EWK-104245487P,18,2016-04-16,Lekko,21*35'594,51*46'261,31325W,Obszar niezabudowany,Odcinek prosty,Droga powiatowa,Jednojezdniowa dwukierunkowa,N,POWIAT GARWOLIŃSKI,ŁASKARZEW - OBSZAR WIEJSKI
1,0,0,2016,Opady deszczu,Zderzenie pojazdów tylne,Opady deszczu,Światło dzienne,Jezdnia,EWK-104245487P,18,2016-04-16,Nieokreślone (puste pole),21*35'594,51*46'261,31325W,Obszar niezabudowany,Odcinek prosty,Droga powiatowa,Jednojezdniowa dwukierunkowa,N,POWIAT GARWOLIŃSKI,ŁASKARZEW - OBSZAR WIEJSKI
1,0,1,2016,Opady deszczu,Zderzenie pojazdów tylne,Opady deszczu,Światło dzienne,Jezdnia,EWK-104285227T,13,2016-05-11,Ciężko,19*41'038,52*50'468,G370525W,Obszar zabudowany,Odcinek prosty,Droga gminna,Jednojezdniowa dwukierunkowa,N,POWIAT SIERPECKI,SIERPC - OBSZAR MIEJSKI
1,0,0,2016,Opady deszczu,Zderzenie pojazdów tylne,Opady deszczu,Światło dzienne,Jezdnia,EWK-104285227T,13,2016-05-11,Nieokreślone (puste pole),19*41'038,52*50'468,G370525W,Obszar zabudowany,Odcinek prosty,Droga gminna,Jednojezdniowa dwukierunkowa,N,POWIAT SIERPECKI,SIERPC - OBSZAR MIEJSKI
1,0,1,2016,Opady deszczu,Zderzenie pojazdów tylne,Opady deszczu,Światło dzienne,Jezdnia,EWK-104302784R,8,2016-05-14,Ciężko,21*11'026,51*25'132,9,Obszar zabudowany,Odcinek prosty,Droga krajowa,Dwie jezdnie jednokierunkowe,N,POWIAT RADOM,RADOM - OBSZAR MIEJSKI
1,0,1,2016,Opady deszczu,Zderzenie pojazdów tylne,Opady deszczu,Światło dzienne,Jezdnia,EWK-104302784R,8,2016-05-14,Lekko,21*11'026,51*25'132,9,Obszar zabudowany,Odcinek prosty,Droga krajowa,Dwie jezdnie jednokierunkowe,N,POWIAT RADOM,RADOM - OBSZAR MIEJSKI
1,0,0,2016,Opady deszczu,Zderzenie pojazdów tylne,Opady deszczu,Światło dzienne,Jezdnia,EWK-104302784R,8,2016-05-14,Nieokreślone (puste pole),21*11'026,51*25'132,9,Obszar zabudowany,Odcinek prosty,Droga krajowa,Dwie jezdnie jednokierunkowe,N,POWIAT RADOM,RADOM - OBSZAR MIEJSKI
1,0,1,2016,Opady deszczu,Zderzenie pojazdów tylne,Opady deszczu,Światło dzienne,Jezdnia,EWK-104412379Y,11,2016-05-16,Lekko,21*39'292,52*41'474,8,Obszar niezabudowany,Odcinek prosty,Droga krajowa,Jednojezdniowa dwukierunkowa,N,POWIAT WYSZKOWSKI,BRAŃSZCZYK - OBSZAR WIEJSKI
1,0,0,2016,Opady deszczu,Zderzenie pojazdów tylne,Opady deszczu,Światło dzienne,Jezdnia,EWK-104412379Y,11,2016-05-16,Nieokreślone (puste pole),21*39'292,52*41'474,8,Obszar niezabudowany,Odcinek prosty,Droga krajowa,Jednojezdniowa dwukierunkowa,N,POWIAT WYSZKOWSKI,BRAŃSZCZYK - OBSZAR WIEJSKI
1,0,1,2016,Opady deszczu,Zderzenie pojazdów tylne,Opady deszczu,Światło dzienne,Jezdnia,EWK-104427253F,15,2016-06-04,Lekko,19*25'199,52*21'194,60,Obszar zabudowany,Odcinek prosty,Droga krajowa,Jednojezdniowa dwukierunkowa,N,POWIAT GOSTYNIŃSKI,GOSTYNIN - OBSZAR WIEJSKI
1,0,0,2016,Opady deszczu,Zderzenie pojazdów tylne,Opady deszczu,Światło dzienne,Jezdnia,EWK-104427253F,15,2016-06-04,Nieokreślone (puste pole),19*25'199,52*21'194,60,Obszar zabudowany,Odcinek prosty,Droga krajowa,Jednojezdniowa dwukierunkowa,N,POWIAT GOSTYNIŃSKI,GOSTYNIN - OBSZAR WIEJSKI
1,0,1,2016,Opady deszczu,Zderzenie pojazdów tylne,Opady deszczu,Światło dzienne,Jezdnia,EWK-104522461D,7,2016-06-20,Lekko,19*44'379,52*32'192,62,Obszar zabudowany,Odcinek prosty,Droga krajowa,Dwie jezdnie jednokierunkowe,N,POWIAT PŁOCK,PŁOCK - OBSZAR MIEJSKI
1,0,0,2016,Opady deszczu,Zderzenie pojazdów tylne,Opady deszczu,Światło dzienne,Jezdnia,EWK-104522461D,7,2016-06-20,Nieokreślone (puste pole),19*44'379,52*32'192,62,Obszar zabudowany,Odcinek prosty,Droga krajowa,Dwie jezdnie jednokierunkowe,N,POWIAT PŁOCK,PŁOCK - OBSZAR MIEJSKI
1,0,2,2016,Opady deszczu,Zderzenie pojazdów tylne,Opady deszczu,Światło dzienne,Jezdnia,EWK-104624874T,16,2016-07-15,Lekko,21*05'350,51*31'345,7,Obszar niezabudowany,Odcinek prosty,Droga krajowa,Dwie jezdnie jednokierunkowe,N,POWIAT RADOMSKI,JEDLIŃSK - OBSZAR WIEJSKI
1,0,3,2016,Opady deszczu,Zderzenie pojazdów tylne,Opady deszczu,Światło dzienne,Jezdnia,EWK-104681163R,15,2016-07-29,Lekko,20*46'261,51*46'503,728,Obszar niezabudowany,Odcinek prosty,Droga wojewódzka,Jednojezdniowa dwukierunkowa,N,POWIAT GRÓJECKI,BELSK DUŻY - OBSZAR WIEJSKI
1,0,0,2016,Opady deszczu,Zderzenie pojazdów tylne,Opady deszczu,Światło dzienne,Jezdnia,EWK-104681163R,15,2016-07-29,Nieokreślone (puste pole),20*46'261,51*46'503,728,Obszar niezabudowany,Odcinek prosty,Droga wojewódzka,Jednojezdniowa dwukierunkowa,N,POWIAT GRÓJECKI,BELSK DUŻY - OBSZAR WIEJSKI
1,0,2,2016,Opady deszczu,Zderzenie pojazdów tylne,Opady deszczu,Światło dzienne,Jezdnia,EWK-104684591F,12,2016-07-17,Lekko,21*44'231,51*46'411,17,Obszar niezabudowany,Odcinek prosty,Droga krajowa,Jednojezdniowa dwukierunkowa,N,POWIAT GARWOLIŃSKI,SOBOLEW - OBSZAR WIEJSKI
1,0,0,2016,Opady deszczu,Zderzenie pojazdów tylne,Opady deszczu,Światło dzienne,Jezdnia,EWK-104684591F,12,2016-07-17,Nieokreślone (puste pole),21*44'231,51*46'411,17,Obszar niezabudowany,Odcinek prosty,Droga krajowa,Jednojezdniowa dwukierunkowa,N,POWIAT GARWOLIŃSKI,SOBOLEW - OBSZAR WIEJSKI
1,0,1,2016,Opady deszczu,Zderzenie pojazdów tylne,Opady deszczu,Światło dzienne,Jezdnia,EWK-104895068A,15,2016-10-05,Lekko,21*09'422,51*24'578,P5301W,Obszar zabudowany,Odcinek prosty,Droga powiatowa,Dwie jezdnie jednokierunkowe,N,POWIAT RADOM,RADOM - OBSZAR MIEJSKI
1,0,0,2016,Opady deszczu,Zderzenie pojazdów tylne,Opady deszczu,Światło dzienne,Jezdnia,EWK-104895068A,15,2016-10-05,Nieokreślone (puste pole),21*09'422,51*24'578,P5301W,Obszar zabudowany,Odcinek prosty,Droga powiatowa,Dwie jezdnie jednokierunkowe,N,POWIAT RADOM,RADOM - OBSZAR MIEJSKI
1,0,1,2016,Opady deszczu,Zderzenie pojazdów tylne,Opady deszczu,Światło dzienne,Jezdnia,EWK-104901509L,12,2016-10-07,Lekko,19*44'304,52*50'066,10,Obszar niezabudowany,Wierzchołek wzn.,Droga krajowa,Jednojezdniowa dwukierunkowa,N,POWIAT SIERPECKI,SIERPC - OBSZAR WIEJSKI
1,0,0,2016,Opady deszczu,Zderzenie pojazdów tylne,Opady deszczu,Światło dzienne,Jezdnia,EWK-104901509L,12,2016-10-07,Nieokreślone (puste pole),19*44'304,52*50'066,10,Obszar niezabudowany,Wierzchołek wzn.,Droga krajowa,Jednojezdniowa dwukierunkowa,N,POWIAT SIERPECKI,SIERPC - OBSZAR WIEJSKI
1,0,1,2016,Opady deszczu,Zderzenie pojazdów tylne,Opady deszczu,Światło dzienne,Jezdnia,EWK-104902163Y,11,2016-10-03,Lekko,21*27'162,52*36'259,P4408W,Obszar zabudowany,Odcinek prosty,Droga powiatowa,Jednojezdniowa dwukierunkowa,N,POWIAT WYSZKOWSKI,WYSZKÓW - OBSZAR MIEJSKI
1,0,0,2016,Opady deszczu,Zderzenie pojazdów tylne,Opady deszczu,Światło dzienne,Jezdnia,EWK-104902163Y,11,2016-10-03,Nieokreślone (puste pole),21*27'162,52*36'259,P4408W,Obszar zabudowany,Odcinek prosty,Droga powiatowa,Jednojezdniowa dwukierunkowa,N,POWIAT WYSZKOWSKI,WYSZKÓW - OBSZAR MIEJSKI
1,0,1,2016,Opady deszczu,Zderzenie pojazdów tylne,Opady deszczu,Światło dzienne,Jezdnia,EWK-104909205Q,7,2016-10-11,Lekko,20*16'239,52*07'258,P4706W,Obszar zabudowany,Odcinek prosty,Droga powiatowa,Jednojezdniowa dwukierunkowa,N,POWIAT ŻYRARDOWSKI,WISKITKI - OBSZAR WIEJSKI
1,0,0,2016,Opady deszczu,Zderzenie pojazdów tylne,Opady deszczu,Światło dzienne,Jezdnia,EWK-104909205Q,7,2016-10-11,Nieokreślone (puste pole),20*16'239,52*07'258,P4706W,Obszar zabudowany,Odcinek prosty,Droga powiatowa,Jednojezdniowa dwukierunkowa,N,POWIAT ŻYRARDOWSKI,WISKITKI - OBSZAR WIEJSKI
1,0,1,2016,Opady deszczu,Zderzenie pojazdów tylne,Opady deszczu,Światło dzienne,Jezdnia,EWK-104988305E,12,2016-11-02,Lekko,19*37'246,52*52'147,10,Obszar niezabudowany,Odcinek prosty,Droga krajowa,Jednojezdniowa dwukierunkowa,N,POWIAT SIERPECKI,SIERPC - OBSZAR WIEJSKI
1,0,0,2016,Opady deszczu,Zderzenie pojazdów tylne,Opady deszczu,Światło dzienne,Jezdnia,EWK-104988305E,12,2016-11-02,Nieokreślone (puste pole),19*37'246,52*52'147,10,Obszar niezabudowany,Odcinek prosty,Droga krajowa,Jednojezdniowa dwukierunkowa,N,POWIAT SIERPECKI,SIERPC - OBSZAR WIEJSKI
1,0,1,2016,Opady deszczu,Zderzenie pojazdów tylne,Opady deszczu,Światło dzienne,Jezdnia,EWK-104991577N,12,2016-10-31,Lekko,21*11'516,53*15'346,G250103W,Obszar niezabudowany,Odcinek prosty,Droga gminna,Jednojezdniowa dwukierunkowa,N,POWIAT OSTROŁĘCKI,BARANOWO - OBSZAR WIEJSKI
1,0,0,2016,Opady deszczu,Zderzenie pojazdów tylne,Opady deszczu,Światło dzienne,Jezdnia,EWK-104991577N,12,2016-10-31,Nieokreślone (puste pole),21*11'516,53*15'346,G250103W,Obszar niezabudowany,Odcinek prosty,Droga gminna,Jednojezdniowa dwukierunkowa,N,POWIAT OSTROŁĘCKI,BARANOWO - OBSZAR WIEJSKI
1,0,1,2016,Opady deszczu,Zderzenie pojazdów tylne,Opady deszczu,"Świt, zmrok",Jezdnia,EWK-104926174Q,6,2016-10-21,Ciężko,21*23'415,51*27'317,P3523W,Obszar niezabudowany,Odcinek prosty,Droga powiatowa,Jednojezdniowa dwukierunkowa,N,POWIAT RADOMSKI,PIONKI - OBSZAR WIEJSKI
1,0,0,2016,Opady deszczu,Zderzenie pojazdów tylne,Opady deszczu,"Świt, zmrok",Jezdnia,EWK-104926174Q,6,2016-10-21,Nieokreślone (puste pole),21*23'415,51*27'317,P3523W,Obszar niezabudowany,Odcinek prosty,Droga powiatowa,Jednojezdniowa dwukierunkowa,N,POWIAT RADOMSKI,PIONKI - OBSZAR WIEJSKI
1,0,1,2016,"Opady deszczu; Opady śniegu, gradu",Najechanie na drzewo,"Opady deszczu; Opady śniegu, gradu",Noc - droga nieoświetlona,Jezdnia,EWK-103951752G,17,2016-03-01,Ciężko,22*03'106,52*22'394,P4229W,Obszar niezabudowany,Odcinek prosty,Droga powiatowa,Jednojezdniowa dwukierunkowa,N,POWIAT WĘGROWSKI,LIW - OBSZAR WIEJSKI
1,0,1,2016,"Opady deszczu; Opady śniegu, gradu",Najechanie na drzewo,"Opady deszczu; Opady śniegu, gradu",Noc - droga nieoświetlona,Pobocze,EWK-105065027F,20,2016-11-15,Lekko,21*34'314,53*25'377,G250713W,Obszar niezabudowany,"Zakręt, łuk",Droga gminna,Jednojezdniowa dwukierunkowa,N,POWIAT OSTROŁĘCKI,ŁYSE - OBSZAR WIEJSKI
1,0,1,2016,"Opady deszczu; Opady śniegu, gradu",Najechanie na pieszego,"Opady deszczu; Opady śniegu, gradu",Noc - droga oświetlona,Jezdnia,EWK-105065047G,19,2016-11-15,Lekko,21*34'452,53*04'338,P5101W,Obszar zabudowany,Odcinek prosty,Droga powiatowa,Dwie jezdnie jednokierunkowe,N,POWIAT OSTROŁĘKA,OSTROŁĘKA - OBSZAR MIEJSKI
1,0,0,2016,"Opady deszczu; Opady śniegu, gradu",Najechanie na pieszego,"Opady deszczu; Opady śniegu, gradu",Noc - droga oświetlona,Jezdnia,EWK-105065047G,19,2016-11-15,Nieokreślone (puste pole),21*34'452,53*04'338,P5101W,Obszar zabudowany,Odcinek prosty,Droga powiatowa,Dwie jezdnie jednokierunkowe,N,POWIAT OSTROŁĘKA,OSTROŁĘKA - OBSZAR MIEJSKI
1,0,1,2016,"Opady deszczu; Opady śniegu, gradu",Najechanie na pieszego,"Opady deszczu; Opady śniegu, gradu",Noc - droga oświetlona,Przejście dla pieszych,EWK-103923188U,18,2016-02-24,Lekko,20*52'032,51*51'591,P,Obszar zabudowany,Odcinek prosty,Droga powiatowa,Jednojezdniowa dwukierunkowa,N,POWIAT GRÓJECKI,GRÓJEC - OBSZAR MIEJSKI
1,0,0,2016,"Opady deszczu; Opady śniegu, gradu",Najechanie na pieszego,"Opady deszczu; Opady śniegu, gradu",Noc - droga oświetlona,Przejście dla pieszych,EWK-103923188U,18,2016-02-24,Nieokreślone (puste pole),20*52'032,51*51'591,P,Obszar zabudowany,Odcinek prosty,Droga powiatowa,Jednojezdniowa dwukierunkowa,N,POWIAT GRÓJECKI,GRÓJEC - OBSZAR MIEJSKI
1,0,1,2016,"Opady deszczu; Opady śniegu, gradu",Najechanie na pieszego,"Opady deszczu; Opady śniegu, gradu",Noc - droga oświetlona,Przejście dla pieszych,EWK-105142436C,16,2016-12-01,Lekko,21*32'564,51*35'030,48,Obszar zabudowany,,Droga krajowa,Jednojezdniowa dwukierunkowa,N,POWIAT KOZIENICKI,KOZIENICE - OBSZAR MIEJSKI
1,0,0,2016,"Opady deszczu; Opady śniegu, gradu",Najechanie na pieszego,"Opady deszczu; Opady śniegu, gradu",Noc - droga oświetlona,Przejście dla pieszych,EWK-105142436C,16,2016-12-01,Nieokreślone (puste pole),21*32'564,51*35'030,48,Obszar zabudowany,,Droga krajowa,Jednojezdniowa dwukierunkowa,N,POWIAT KOZIENICKI,KOZIENICE - OBSZAR MIEJSKI
1,0,1,2016,"Opady deszczu; Opady śniegu, gradu",Najechanie na pieszego,"Opady deszczu; Opady śniegu, gradu",Noc - droga oświetlona,Przejście dla pieszych,EWK-105142856A,15,2016-12-01,Lekko,21*08'336,51*24'329,P5302W,Obszar zabudowany,,Droga powiatowa,Dwie jezdnie jednokierunkowe,N,POWIAT RADOM,RADOM - OBSZAR MIEJSKI
1,0,0,2016,"Opady deszczu; Opady śniegu, gradu",Najechanie na pieszego,"Opady deszczu; Opady śniegu, gradu",Noc - droga oświetlona,Przejście dla pieszych,EWK-105142856A,15,2016-12-01,Nieokreślone (puste pole),21*08'336,51*24'329,P5302W,Obszar zabudowany,,Droga powiatowa,Dwie jezdnie jednokierunkowe,N,POWIAT RADOM,RADOM - OBSZAR MIEJSKI
1,0,1,2016,"Opady deszczu; Opady śniegu, gradu",Zderzenie pojazdów boczne,"Opady deszczu; Opady śniegu, gradu",Światło dzienne,Pobocze,EWK-103864222G,13,2016-02-11,Lekko,21*00'027,51*10'185,4016W,Obszar zabudowany,,Droga powiatowa,Jednojezdniowa dwukierunkowa,N,POWIAT SZYDŁOWIECKI,MIRÓW - OBSZAR WIEJSKI
1,0,0,2016,"Opady deszczu; Opady śniegu, gradu",Zderzenie pojazdów boczne,"Opady deszczu; Opady śniegu, gradu",Światło dzienne,Pobocze,EWK-103864222G,13,2016-02-11,Nieokreślone (puste pole),21*00'027,51*10'185,4016W,Obszar zabudowany,,Droga powiatowa,Jednojezdniowa dwukierunkowa,N,POWIAT SZYDŁOWIECKI,MIRÓW - OBSZAR WIEJSKI
1,0,3,2016,"Opady deszczu; Opady śniegu, gradu",Zderzenie pojazdów czołowe,"Opady deszczu; Opady śniegu, gradu","Zmrok, świt",Jezdnia,EWK-103748690P,15,2016-01-12,Lekko,21*32'380,51*33'296,79,Obszar niezabudowany,"Zakręt, łuk",Droga krajowa,Jednojezdniowa dwukierunkowa,N,POWIAT KOZIENICKI,KOZIENICE - OBSZAR WIEJSKI
1,0,0,2016,"Opady deszczu; Opady śniegu, gradu",Zderzenie pojazdów czołowe,"Opady deszczu; Opady śniegu, gradu","Zmrok, świt",Jezdnia,EWK-103748690P,15,2016-01-12,Nieokreślone (puste pole),21*32'380,51*33'296,79,Obszar niezabudowany,"Zakręt, łuk",Droga krajowa,Jednojezdniowa dwukierunkowa,N,POWIAT KOZIENICKI,KOZIENICE - OBSZAR WIEJSKI
1,0,1,2016,"Opady śniegu, gradu",Najechanie na drzewo,"Opady śniegu, gradu",Noc - droga nieoświetlona,Jezdnia,EWK-104027973G,19,2016-03-14,Ciężko,21*37'277,53*11'514,2537W,Obszar niezabudowany,"Zakręt, łuk",Droga powiatowa,Jednojezdniowa dwukierunkowa,N,POWIAT OSTROŁĘCKI,LELIS - OBSZAR WIEJSKI