Liczba wypadków,Liczba zabitych,Liczba rannych,Rok,Warunki atmosferyczne,Rodzaj zdarzenia,Warunki atmosferyczne,Oświetlenie,Charakterystyka miejsca zdarzenia,IDKSIP zdarzenia,Godzina,Dzień,Ranny,GPS x,GPS y,Numer drogi,Obszar,Geometria drogi,Kategoria drogi 1,Rodzaj drogi,Czy w zdarzeniu był sprawca nietrzeźwy,Powiat,Gmina
1,0,2,2016,"Opady śniegu, gradu",Najechanie na drzewo,"Opady śniegu, gradu",Noc - droga nieoświetlona,Jezdnia,EWK-104027973G,19,2016-03-14,Lekko,21*37'277,53*11'514,2537W,Obszar niezabudowany,"Zakręt, łuk",Droga powiatowa,Jednojezdniowa dwukierunkowa,N,POWIAT OSTROŁĘCKI,LELIS - OBSZAR WIEJSKI
1,0,1,2016,"Opady śniegu, gradu",Najechanie na drzewo,"Opady śniegu, gradu",Światło dzienne,Jezdnia,EWK-103785666K,9,2016-01-20,Lekko,19*44'514,53*00'553,P4618W,Obszar niezabudowany,Odcinek prosty,Droga powiatowa,Jednojezdniowa dwukierunkowa,N,POWIAT ŻUROMIŃSKI,LUTOCIN - OBSZAR WIEJSKI
1,0,0,2016,"Opady śniegu, gradu",Najechanie na drzewo,"Opady śniegu, gradu",Światło dzienne,Jezdnia,EWK-103785666K,9,2016-01-20,Nieokreślone (puste pole),19*44'514,53*00'553,P4618W,Obszar niezabudowany,Odcinek prosty,Droga powiatowa,Jednojezdniowa dwukierunkowa,N,POWIAT ŻUROMIŃSKI,LUTOCIN - OBSZAR WIEJSKI
1,0,1,2016,"Opady śniegu, gradu",Najechanie na drzewo,"Opady śniegu, gradu",Światło dzienne,Jezdnia,EWK-103789105E,14,2016-01-15,Lekko,20*53'171,51*27'482,P3334W,Obszar niezabudowany,Odcinek prosty,Droga powiatowa,Jednojezdniowa dwukierunkowa,N,POWIAT RADOMSKI,PRZYTYK - OBSZAR WIEJSKI
1,0,2,2016,"Opady śniegu, gradu",Najechanie na drzewo,"Opady śniegu, gradu",Światło dzienne,Jezdnia,EWK-103847140F,15,2016-02-04,Lekko,21*19'354,51*25'481,GMINNA,Obszar zabudowany,,Droga gminna,Jednokierunkowa,N,POWIAT RADOMSKI,JEDLNIA-LETNISKO - OBSZAR WIEJSKI
1,0,1,2016,"Opady śniegu, gradu",Najechanie na drzewo,"Opady śniegu, gradu",Światło dzienne,Pobocze,EWK-103721458X,8,2016-01-07,Lekko,19*47'350,52*20'092,583,Obszar zabudowany,"Zakręt, łuk",Droga wojewódzka,Jednojezdniowa dwukierunkowa,N,POWIAT GOSTYNIŃSKI,SANNIKI - OBSZAR WIEJSKI
1,0,0,2016,"Opady śniegu, gradu",Najechanie na drzewo,"Opady śniegu, gradu",Światło dzienne,Pobocze,EWK-103721458X,8,2016-01-07,Nieokreślone (puste pole),19*47'350,52*20'092,583,Obszar zabudowany,"Zakręt, łuk",Droga wojewódzka,Jednojezdniowa dwukierunkowa,N,POWIAT GOSTYNIŃSKI,SANNIKI - OBSZAR WIEJSKI
1,0,1,2016,"Opady śniegu, gradu",Najechanie na drzewo,"Opady śniegu, gradu",Światło dzienne,Pobocze,EWK-103878201F,12,2016-02-11,Lekko,22*13'032,52*24'185,P4228W,Obszar zabudowany,"Zakręt, łuk",Droga powiatowa,Jednojezdniowa dwukierunkowa,N,POWIAT SOKOŁOWSKI,SOKOŁÓW PODLASKI - OBSZAR MIEJSKI
1,1,0,2016,"Opady śniegu, gradu",Najechanie na pieszego,"Opady śniegu, gradu",Noc - droga oświetlona,Jezdnia,EWK-103779255U,17,2016-01-21,Nieokreślone (puste pole),21*48'500,51*32'310,48,Obszar zabudowany,Odcinek prosty,Droga krajowa,Jednojezdniowa dwukierunkowa,T,POWIAT KOZIENICKI,SIECIECHÓW - OBSZAR WIEJSKI
1,0,1,2016,"Opady śniegu, gradu",Najechanie na pieszego,"Opady śniegu, gradu",Światło dzienne,Jezdnia,EWK-105140341K,8,2016-12-01,Lekko,21*06'223,51*24'329,740,Obszar zabudowany,,Droga wojewódzka,Jednojezdniowa dwukierunkowa,N,POWIAT RADOM,RADOM - OBSZAR MIEJSKI
1,0,0,2016,"Opady śniegu, gradu",Najechanie na pieszego,"Opady śniegu, gradu",Światło dzienne,Jezdnia,EWK-105140341K,8,2016-12-01,Nieokreślone (puste pole),21*06'223,51*24'329,740,Obszar zabudowany,,Droga wojewódzka,Jednojezdniowa dwukierunkowa,N,POWIAT RADOM,RADOM - OBSZAR MIEJSKI
1,1,0,2016,"Opady śniegu, gradu",Najechanie na pieszego,"Opady śniegu, gradu",Światło dzienne,Jezdnia,EWK-105152891D,9,2016-12-06,Nieokreślone (puste pole),21*41'463,51*54'286,31330W,Obszar zabudowany,Odcinek prosty,Droga powiatowa,Jednojezdniowa dwukierunkowa,N,POWIAT GARWOLIŃSKI,GÓRZNO - OBSZAR WIEJSKI
1,0,1,2016,"Opady śniegu, gradu",Najechanie na pieszego,"Opady śniegu, gradu",Światło dzienne,Przejście dla pieszych,EWK-103959252G,11,2016-03-01,Lekko,19*40'588,52*32'535,GMINNA,Obszar zabudowany,"Zakręt, łuk",Droga gminna,Jednojezdniowa dwukierunkowa,N,POWIAT PŁOCK,PŁOCK - OBSZAR MIEJSKI
1,0,0,2016,"Opady śniegu, gradu",Najechanie na pieszego,"Opady śniegu, gradu",Światło dzienne,Przejście dla pieszych,EWK-103959252G,11,2016-03-01,Nieokreślone (puste pole),19*40'588,52*32'535,GMINNA,Obszar zabudowany,"Zakręt, łuk",Droga gminna,Jednojezdniowa dwukierunkowa,N,POWIAT PŁOCK,PŁOCK - OBSZAR MIEJSKI
1,0,1,2016,"Opady śniegu, gradu",Najechanie na pieszego,"Opady śniegu, gradu",Światło dzienne,Przejście dla pieszych,EWK-105174809H,9,2016-12-14,Ciężko,22*42'152,52*12'415,698,Obszar zabudowany,Odcinek prosty,Droga wojewódzka,Jednojezdniowa dwukierunkowa,N,POWIAT ŁOSICKI,ŁOSICE - OBSZAR MIEJSKI
1,0,0,2016,"Opady śniegu, gradu",Najechanie na pieszego,"Opady śniegu, gradu",Światło dzienne,Przejście dla pieszych,EWK-105174809H,9,2016-12-14,Nieokreślone (puste pole),22*42'152,52*12'415,698,Obszar zabudowany,Odcinek prosty,Droga wojewódzka,Jednojezdniowa dwukierunkowa,N,POWIAT ŁOSICKI,ŁOSICE - OBSZAR MIEJSKI
1,0,1,2016,"Opady śniegu, gradu",Najechanie na pieszego,"Opady śniegu, gradu","Świt, zmrok","Chodnik, droga dla pieszych",EWK-105065788R,17,2016-11-15,Ciężko,19*40'328,52*51'306,541,Obszar zabudowany,Odcinek prosty,Droga wojewódzka,Jednojezdniowa dwukierunkowa,N,POWIAT SIERPECKI,SIERPC - OBSZAR MIEJSKI
1,0,0,2016,"Opady śniegu, gradu",Najechanie na pieszego,"Opady śniegu, gradu","Świt, zmrok","Chodnik, droga dla pieszych",EWK-105065788R,17,2016-11-15,Nieokreślone (puste pole),19*40'328,52*51'306,541,Obszar zabudowany,Odcinek prosty,Droga wojewódzka,Jednojezdniowa dwukierunkowa,N,POWIAT SIERPECKI,SIERPC - OBSZAR MIEJSKI
1,0,1,2016,"Opady śniegu, gradu",Najechanie na pieszego,"Opady śniegu, gradu","Świt, zmrok",Przejście dla pieszych,EWK-105150875Y,7,2016-12-02,Ciężko,21*09'061,51*23'507,P5320W,Obszar zabudowany,Odcinek prosty,Droga powiatowa,Jednojezdniowa dwukierunkowa,N,POWIAT RADOM,RADOM - OBSZAR MIEJSKI
1,0,0,2016,"Opady śniegu, gradu",Najechanie na pieszego,"Opady śniegu, gradu","Świt, zmrok",Przejście dla pieszych,EWK-105150875Y,7,2016-12-02,Nieokreślone (puste pole),21*09'061,51*23'507,P5320W,Obszar zabudowany,Odcinek prosty,Droga powiatowa,Jednojezdniowa dwukierunkowa,N,POWIAT RADOM,RADOM - OBSZAR MIEJSKI
1,0,1,2016,"Opady śniegu, gradu",Najechanie na pojazd unieruchomiony,"Opady śniegu, gradu","Zmrok, świt",Jezdnia,EWK-103817025Y,6,2016-01-19,Lekko,21*38'471,51*55'369,31319W,Obszar zabudowany,Odcinek prosty,Droga powiatowa,Jednojezdniowa dwukierunkowa,N,POWIAT GARWOLIŃSKI,GARWOLIN - OBSZAR WIEJSKI
1,0,0,2016,"Opady śniegu, gradu",Najechanie na pojazd unieruchomiony,"Opady śniegu, gradu","Zmrok, świt",Jezdnia,EWK-103817025Y,6,2016-01-19,Nieokreślone (puste pole),21*38'471,51*55'369,31319W,Obszar zabudowany,Odcinek prosty,Droga powiatowa,Jednojezdniowa dwukierunkowa,N,POWIAT GARWOLIŃSKI,GARWOLIN - OBSZAR WIEJSKI
1,0,1,2016,"Opady śniegu, gradu","Najechanie na słup, znak","Opady śniegu, gradu",Noc - droga oświetlona,Jezdnia,EWK-104038265Y,23,2016-03-14,Lekko,21*21'575,52*42'517,P4407W,Obszar zabudowany,Odcinek prosty,Droga powiatowa,Jednokierunkowa,N,POWIAT WYSZKOWSKI,RZĄŚNIK - OBSZAR WIEJSKI
1,0,1,2016,"Opady śniegu, gradu","Najechanie na słup, znak","Opady śniegu, gradu",Noc - droga oświetlona,Jezdnia,EWK-105150926W,6,2016-12-03,Lekko,21*04'130,51*23'522,12,Obszar zabudowany,Odcinek prosty,Droga krajowa,Jednojezdniowa dwukierunkowa,N,POWIAT RADOM,RADOM - OBSZAR MIEJSKI
1,0,0,2016,"Opady śniegu, gradu","Najechanie na słup, znak","Opady śniegu, gradu",Noc - droga oświetlona,Jezdnia,EWK-105150926W,6,2016-12-03,Nieokreślone (puste pole),21*04'130,51*23'522,12,Obszar zabudowany,Odcinek prosty,Droga krajowa,Jednojezdniowa dwukierunkowa,N,POWIAT RADOM,RADOM - OBSZAR MIEJSKI
1,0,1,2016,"Opady śniegu, gradu",Wywrócenie się pojazdu,"Opady śniegu, gradu",Noc - droga nieoświetlona,Pobocze,EWK-105147206L,0,2016-12-04,Ciężko,21*14'171,51*36'561,48,Obszar niezabudowany,"Zakręt, łuk",Droga krajowa,Jednojezdniowa dwukierunkowa,T,POWIAT KOZIENICKI,GŁOWACZÓW - OBSZAR WIEJSKI
1,0,1,2016,"Opady śniegu, gradu",Wywrócenie się pojazdu,"Opady śniegu, gradu",Noc - droga nieoświetlona,"Skarpa, rów",EWK-103768064T,22,2016-01-13,Ciężko,21*26'354,51*01'429,P3536W,Obszar niezabudowany,Spadek,Droga powiatowa,Jednojezdniowa dwukierunkowa,N,POWIAT LIPSKI,SIENNO - OBSZAR WIEJSKI
1,0,0,2016,"Opady śniegu, gradu",Wywrócenie się pojazdu,"Opady śniegu, gradu",Noc - droga nieoświetlona,"Skarpa, rów",EWK-103768064T,22,2016-01-13,Nieokreślone (puste pole),21*26'354,51*01'429,P3536W,Obszar niezabudowany,Spadek,Droga powiatowa,Jednojezdniowa dwukierunkowa,N,POWIAT LIPSKI,SIENNO - OBSZAR WIEJSKI
1,0,1,2016,"Opady śniegu, gradu",Wywrócenie się pojazdu,"Opady śniegu, gradu",Noc - droga oświetlona,Jezdnia,EWK-103764248W,19,2016-01-13,Lekko,20*37'410,52*52'280,G120101W,Obszar zabudowany,"Zakręt, łuk",Droga gminna,Dwie jezdnie jednokierunkowe,N,POWIAT CIECHANOWSKI,CIECHANÓW - OBSZAR MIEJSKI
1,0,3,2016,"Opady śniegu, gradu",Wywrócenie się pojazdu,"Opady śniegu, gradu",Noc - droga oświetlona,"Skarpa, rów",EWK-103765528T,17,2016-01-15,Ciężko,20*55'498,51*53'082,P,Obszar niezabudowany,"Zakręt, łuk",Droga powiatowa,Jednojezdniowa dwukierunkowa,N,POWIAT GRÓJECKI,GRÓJEC - OBSZAR WIEJSKI
1,0,1,2016,"Opady śniegu, gradu",Wywrócenie się pojazdu,"Opady śniegu, gradu",Światło dzienne,"Skarpa, rów",EWK-103721255A,9,2016-01-06,Lekko,21*12'019,51*46'138,730,Obszar niezabudowany,Odcinek prosty,Droga wojewódzka,Jednojezdniowa dwukierunkowa,N,POWIAT KOZIENICKI,GRABÓW NAD PILICĄ - OBSZAR WIEJSKI
1,0,0,2016,"Opady śniegu, gradu",Wywrócenie się pojazdu,"Opady śniegu, gradu",Światło dzienne,"Skarpa, rów",EWK-103721255A,9,2016-01-06,Nieokreślone (puste pole),21*12'019,51*46'138,730,Obszar niezabudowany,Odcinek prosty,Droga wojewódzka,Jednojezdniowa dwukierunkowa,N,POWIAT KOZIENICKI,GRABÓW NAD PILICĄ - OBSZAR WIEJSKI
1,0,2,2016,"Opady śniegu, gradu",Wywrócenie się pojazdu,"Opady śniegu, gradu","Świt, zmrok",Jezdnia,EWK-105291250F,7,2016-12-15,Lekko,21*56'050,52*25'485,P4224W,Obszar niezabudowany,Odcinek prosty,Droga powiatowa,Jednojezdniowa dwukierunkowa,N,POWIAT WĘGROWSKI,KORYTNICA - OBSZAR WIEJSKI
1,0,0,2016,"Opady śniegu, gradu",Wywrócenie się pojazdu,"Opady śniegu, gradu","Świt, zmrok",Jezdnia,EWK-105291250F,7,2016-12-15,Nieokreślone (puste pole),21*56'050,52*25'485,P4224W,Obszar niezabudowany,Odcinek prosty,Droga powiatowa,Jednojezdniowa dwukierunkowa,N,POWIAT WĘGROWSKI,KORYTNICA - OBSZAR WIEJSKI
1,0,2,2016,"Opady śniegu, gradu",Zderzenie pojazdów boczne,"Opady śniegu, gradu",Noc - droga oświetlona,Jezdnia,EWK-103744102T,17,2016-01-12,Lekko,21*11'365,51*26'581,P1715W,Obszar zabudowany,,Droga powiatowa,Jednojezdniowa dwukierunkowa,N,POWIAT RADOM,RADOM - OBSZAR MIEJSKI
1,0,1,2016,"Opady śniegu, gradu",Zderzenie pojazdów boczne,"Opady śniegu, gradu",Noc - droga oświetlona,Jezdnia,EWK-103764958T,23,2016-01-13,Lekko,20*25'296,52*04'040,GMINNA,Obszar zabudowany,,Droga gminna,Jednojezdniowa dwukierunkowa,N,POWIAT ŻYRARDOWSKI,ŻYRARDÓW - OBSZAR MIEJSKI
1,0,0,2016,"Opady śniegu, gradu",Zderzenie pojazdów boczne,"Opady śniegu, gradu",Noc - droga oświetlona,Jezdnia,EWK-103764958T,23,2016-01-13,Nieokreślone (puste pole),20*25'296,52*04'040,GMINNA,Obszar zabudowany,,Droga gminna,Jednojezdniowa dwukierunkowa,N,POWIAT ŻYRARDOWSKI,ŻYRARDÓW - OBSZAR MIEJSKI
1,0,1,2016,"Opady śniegu, gradu",Zderzenie pojazdów boczne,"Opady śniegu, gradu",Noc - droga oświetlona,Jezdnia,EWK-105135580M,6,2016-11-29,Ciężko,20*53'042,53*00'574,P3238W  ,Obszar zabudowany,,Droga powiatowa,Jednojezdniowa dwukierunkowa,N,POWIAT PRZASNYSKI,PRZASNYSZ - OBSZAR MIEJSKI
1,0,0,2016,"Opady śniegu, gradu",Zderzenie pojazdów boczne,"Opady śniegu, gradu",Noc - droga oświetlona,Jezdnia,EWK-105135580M,6,2016-11-29,Nieokreślone (puste pole),20*53'042,53*00'574,P3238W  ,Obszar zabudowany,,Droga powiatowa,Jednojezdniowa dwukierunkowa,N,POWIAT PRZASNYSKI,PRZASNYSZ - OBSZAR MIEJSKI
1,0,1,2016,"Opady śniegu, gradu",Zderzenie pojazdów boczne,"Opady śniegu, gradu",Światło dzienne,Jezdnia,EWK-103717792K,15,2016-01-06,Ciężko,20*20'486,52*32'084,W570,Obszar niezabudowany,"Zakręt, łuk",Droga wojewódzka,Jednojezdniowa dwukierunkowa,N,POWIAT PŁOŃSKI,NARUSZEWO - OBSZAR WIEJSKI
1,2,0,2016,"Opady śniegu, gradu",Zderzenie pojazdów boczne,"Opady śniegu, gradu",Światło dzienne,Jezdnia,EWK-103717792K,15,2016-01-06,Nieokreślone (puste pole),20*20'486,52*32'084,W570,Obszar niezabudowany,"Zakręt, łuk",Droga wojewódzka,Jednojezdniowa dwukierunkowa,N,POWIAT PŁOŃSKI,NARUSZEWO - OBSZAR WIEJSKI
1,0,1,2016,"Opady śniegu, gradu",Zderzenie pojazdów boczne,"Opady śniegu, gradu","Świt, zmrok",Jezdnia,EWK-105152893G,7,2016-12-06,Lekko,21*45'082,51*49'259,31328W,Obszar niezabudowany,"Zakręt, łuk",Droga powiatowa,Jednojezdniowa dwukierunkowa,N,POWIAT GARWOLIŃSKI,GÓRZNO - OBSZAR WIEJSKI
1,0,0,2016,"Opady śniegu, gradu",Zderzenie pojazdów boczne,"Opady śniegu, gradu","Świt, zmrok",Jezdnia,EWK-105152893G,7,2016-12-06,Nieokreślone (puste pole),21*45'082,51*49'259,31328W,Obszar niezabudowany,"Zakręt, łuk",Droga powiatowa,Jednojezdniowa dwukierunkowa,N,POWIAT GARWOLIŃSKI,GÓRZNO - OBSZAR WIEJSKI
1,2,0,2016,"Opady śniegu, gradu",Zderzenie pojazdów czołowe,"Opady śniegu, gradu",Noc - droga nieoświetlona,Jezdnia,EWK-103733722P,21,2016-01-08,Nieokreślone (puste pole),19*37'258,52*55'015,560,Obszar niezabudowany,Odcinek prosty,Droga wojewódzka,Jednojezdniowa dwukierunkowa,N,POWIAT SIERPECKI,SZCZUTOWO - OBSZAR WIEJSKI
1,2,0,2016,"Opady śniegu, gradu",Zderzenie pojazdów czołowe,"Opady śniegu, gradu",Noc - droga nieoświetlona,Jezdnia,EWK-103947323J,20,2016-02-29,Nieokreślone (puste pole),19*41'463,52*29'556,60,Obszar niezabudowany,Odcinek prosty,Droga krajowa,Jednojezdniowa dwukierunkowa,N,POWIAT PŁOCK,PŁOCK - OBSZAR MIEJSKI
1,1,0,2016,"Opady śniegu, gradu",Zderzenie pojazdów czołowe,"Opady śniegu, gradu",Noc - droga nieoświetlona,Jezdnia,EWK-103950206R,23,2016-03-01,Nieokreślone (puste pole),21*03'331,51*20'547,GMINNA,Obszar niezabudowany,Odcinek prosty,Droga gminna,Jednojezdniowa dwukierunkowa,N,POWIAT RADOMSKI,KOWALA - OBSZAR WIEJSKI
1,1,0,2016,"Opady śniegu, gradu",Zderzenie pojazdów czołowe,"Opady śniegu, gradu",Noc - droga nieoświetlona,Jezdnia,EWK-105152194M,22,2016-12-06,Nieokreślone (puste pole),19*52'449,53*04'210,541,Obszar zabudowany,Odcinek prosty,Droga wojewódzka,Jednojezdniowa dwukierunkowa,N,POWIAT ŻUROMIŃSKI,ŻUROMIN - OBSZAR WIEJSKI
1,0,1,2016,"Opady śniegu, gradu",Zderzenie pojazdów czołowe,"Opady śniegu, gradu",Noc - droga oświetlona,Jezdnia,EWK-103734535W,16,2016-01-08,Lekko,20*34'244,53*04'003,544,Obszar niezabudowany,"Zakręt, łuk",Droga wojewódzka,Jednojezdniowa dwukierunkowa,N,POWIAT MŁAWSKI,SZYDŁOWO - OBSZAR WIEJSKI
1,0,0,2016,"Opady śniegu, gradu",Zderzenie pojazdów czołowe,"Opady śniegu, gradu",Noc - droga oświetlona,Jezdnia,EWK-103734535W,16,2016-01-08,Nieokreślone (puste pole),20*34'244,53*04'003,544,Obszar niezabudowany,"Zakręt, łuk",Droga wojewódzka,Jednojezdniowa dwukierunkowa,N,POWIAT MŁAWSKI,SZYDŁOWO - OBSZAR WIEJSKI
1,0,1,2016,"Opady śniegu, gradu",Zderzenie pojazdów czołowe,"Opady śniegu, gradu","Zmrok, świt",Jezdnia,EWK-103848144C,5,2016-02-01,Ciężko,22*16'225,52*28'446,63,Obszar niezabudowany,Odcinek prosty,Droga krajowa,Jednojezdniowa dwukierunkowa,N,POWIAT SOKOŁOWSKI,SABNIE - OBSZAR WIEJSKI
1,0,0,2016,"Opady śniegu, gradu",Zderzenie pojazdów czołowe,"Opady śniegu, gradu","Zmrok, świt",Jezdnia,EWK-103848144C,5,2016-02-01,Nieokreślone (puste pole),22*16'225,52*28'446,63,Obszar niezabudowany,Odcinek prosty,Droga krajowa,Jednojezdniowa dwukierunkowa,N,POWIAT SOKOŁOWSKI,SABNIE - OBSZAR WIEJSKI
1,0,2,2016,"Opady śniegu, gradu",Zderzenie pojazdów czołowe,"Opady śniegu, gradu",Światło dzienne,Jezdnia,EWK-103959762E,7,2016-03-01,Lekko,20*33'391,52*38'131,P3041W,Obszar zabudowany,"Zakręt, łuk",Droga powiatowa,Jednojezdniowa dwukierunkowa,N,POWIAT PŁOŃSKI,JONIEC - OBSZAR WIEJSKI
1,0,0,2016,"Opady śniegu, gradu",Zderzenie pojazdów czołowe,"Opady śniegu, gradu",Światło dzienne,Jezdnia,EWK-103959762E,7,2016-03-01,Nieokreślone (puste pole),20*33'391,52*38'131,P3041W,Obszar zabudowany,"Zakręt, łuk",Droga powiatowa,Jednojezdniowa dwukierunkowa,N,POWIAT PŁOŃSKI,JONIEC - OBSZAR WIEJSKI
1,0,2,2016,"Opady śniegu, gradu",Zderzenie pojazdów czołowe,"Opady śniegu, gradu",Światło dzienne,Jezdnia,EWK-105132553M,7,2016-11-28,Lekko,21*35'362,52*41'074,4403W,Obszar zabudowany,"Zakręt, łuk",Droga powiatowa,Jednojezdniowa dwukierunkowa,N,POWIAT WYSZKOWSKI,BRAŃSZCZYK - OBSZAR WIEJSKI
1,0,0,2016,"Opady śniegu, gradu",Zderzenie pojazdów czołowe,"Opady śniegu, gradu",Światło dzienne,Jezdnia,EWK-105132553M,7,2016-11-28,Nieokreślone (puste pole),21*35'362,52*41'074,4403W,Obszar zabudowany,"Zakręt, łuk",Droga powiatowa,Jednojezdniowa dwukierunkowa,N,POWIAT WYSZKOWSKI,BRAŃSZCZYK - OBSZAR WIEJSKI
1,0,2,2016,"Opady śniegu, gradu",Zderzenie pojazdów czołowe,"Opady śniegu, gradu",Światło dzienne,Jezdnia,EWK-105149742A,7,2016-12-03,Lekko,21*06'570,51*18'380,733,Obszar niezabudowany,Odcinek prosty,Droga wojewódzka,Jednojezdniowa dwukierunkowa,N,POWIAT RADOMSKI,KOWALA - OBSZAR WIEJSKI
1,1,0,2016,"Opady śniegu, gradu",Zderzenie pojazdów czołowe,"Opady śniegu, gradu",Światło dzienne,Jezdnia,EWK-105149742A,7,2016-12-03,Nieokreślone (puste pole),21*06'570,51*18'380,733,Obszar niezabudowany,Odcinek prosty,Droga wojewódzka,Jednojezdniowa dwukierunkowa,N,POWIAT RADOMSKI,KOWALA - OBSZAR WIEJSKI
1,0,1,2016,"Opady śniegu, gradu",Zderzenie pojazdów tylne,"Opady śniegu, gradu",Noc - droga oświetlona,Jezdnia,EWK-103865976D,18,2016-02-10,Ciężko,21*04'154,51*19'490,733,Obszar zabudowany,Odcinek prosty,Droga wojewódzka,Jednojezdniowa dwukierunkowa,N,POWIAT RADOMSKI,KOWALA - OBSZAR WIEJSKI
1,0,0,2016,"Opady śniegu, gradu",Zderzenie pojazdów tylne,"Opady śniegu, gradu",Noc - droga oświetlona,Jezdnia,EWK-103865976D,18,2016-02-10,Nieokreślone (puste pole),21*04'154,51*19'490,733,Obszar zabudowany,Odcinek prosty,Droga wojewódzka,Jednojezdniowa dwukierunkowa,N,POWIAT RADOMSKI,KOWALA - OBSZAR WIEJSKI
1,0,1,2016,"Opady śniegu, gradu",Zderzenie pojazdów tylne,"Opady śniegu, gradu",Światło dzienne,Jezdnia,EWK-103775197J,13,2016-01-20,Lekko,20*51'434,51*49'085,P,Obszar niezabudowany,Odcinek prosty,Droga powiatowa,Jednojezdniowa dwukierunkowa,N,POWIAT GRÓJECKI,BELSK DUŻY - OBSZAR WIEJSKI
1,0,0,2016,"Opady śniegu, gradu",Zderzenie pojazdów tylne,"Opady śniegu, gradu",Światło dzienne,Jezdnia,EWK-103775197J,13,2016-01-20,Nieokreślone (puste pole),20*51'434,51*49'085,P,Obszar niezabudowany,Odcinek prosty,Droga powiatowa,Jednojezdniowa dwukierunkowa,N,POWIAT GRÓJECKI,BELSK DUŻY - OBSZAR WIEJSKI
1,0,1,2016,"Opady śniegu, gradu",Zderzenie pojazdów tylne,"Opady śniegu, gradu",Światło dzienne,Jezdnia,EWK-105133809J,7,2016-11-28,Lekko,19*43'099,52*31'418,P0244T,Obszar zabudowany,Odcinek prosty,Droga powiatowa,Jednojezdniowa dwukierunkowa,N,POWIAT PŁOCK,PŁOCK - OBSZAR MIEJSKI
1,0,0,2016,"Opady śniegu, gradu",Zderzenie pojazdów tylne,"Opady śniegu, gradu",Światło dzienne,Jezdnia,EWK-105133809J,7,2016-11-28,Nieokreślone (puste pole),19*43'099,52*31'418,P0244T,Obszar zabudowany,Odcinek prosty,Droga powiatowa,Jednojezdniowa dwukierunkowa,N,POWIAT PŁOCK,PŁOCK - OBSZAR MIEJSKI
1,0,1,2016,Oślepiające słońce,Inne,Oślepiające słońce,Światło dzienne,Jezdnia,EWK-105170086K,11,2016-12-13,Lekko,21*00'582,52*45'481,G340423W,Obszar zabudowany,"Zakręt, łuk",Droga gminna,Jednojezdniowa dwukierunkowa,N,POWIAT PUŁTUSKI,PUŁTUSK - OBSZAR WIEJSKI
1,2,0,2016,Oślepiające słońce,Najechanie na drzewo,Oślepiające słońce,Światło dzienne,Jezdnia,EWK-105147017C,12,2016-12-03,Nieokreślone (puste pole),21*45'233,52*24'492,P4345W,Obszar niezabudowany,,Droga powiatowa,Jednojezdniowa dwukierunkowa,N,POWIAT WĘGROWSKI,KORYTNICA - OBSZAR WIEJSKI
1,0,3,2016,Oślepiające słońce,Najechanie na drzewo,Oślepiające słońce,Światło dzienne,"Skarpa, rów",EWK-104122160Y,8,2016-03-25,Lekko,21*41'361,51*49'183,17,Obszar niezabudowany,Odcinek prosty,Droga krajowa,Jednojezdniowa dwukierunkowa,N,POWIAT GARWOLIŃSKI,GÓRZNO - OBSZAR WIEJSKI
1,0,0,2016,Oślepiające słońce,Najechanie na drzewo,Oślepiające słońce,Światło dzienne,"Skarpa, rów",EWK-104122160Y,8,2016-03-25,Nieokreślone (puste pole),21*41'361,51*49'183,17,Obszar niezabudowany,Odcinek prosty,Droga krajowa,Jednojezdniowa dwukierunkowa,N,POWIAT GARWOLIŃSKI,GÓRZNO - OBSZAR WIEJSKI
1,0,1,2016,Oślepiające słońce,Najechanie na pieszego,Oślepiające słońce,Światło dzienne,"Chodnik, droga dla pieszych",EWK-103785588P,10,2016-01-23,Lekko,20*51'560,51*51'520,GMINNA,Obszar zabudowany,Odcinek prosty,Droga gminna,Jednojezdniowa dwukierunkowa,N,POWIAT GRÓJECKI,GRÓJEC - OBSZAR MIEJSKI
1,0,0,2016,Oślepiające słońce,Najechanie na pieszego,Oślepiające słońce,Światło dzienne,"Chodnik, droga dla pieszych",EWK-103785588P,10,2016-01-23,Nieokreślone (puste pole),20*51'560,51*51'520,GMINNA,Obszar zabudowany,Odcinek prosty,Droga gminna,Jednojezdniowa dwukierunkowa,N,POWIAT GRÓJECKI,GRÓJEC - OBSZAR MIEJSKI
1,0,1,2016,Oślepiające słońce,Najechanie na pieszego,Oślepiające słońce,Światło dzienne,Jezdnia,EWK-104532685H,9,2016-06-24,Lekko,20*56'343,52*44'212,P3426W,Obszar zabudowany,Odcinek prosty,Droga powiatowa,Jednojezdniowa dwukierunkowa,N,POWIAT PUŁTUSKI,GZY - OBSZAR WIEJSKI
1,0,0,2016,Oślepiające słońce,Najechanie na pieszego,Oślepiające słońce,Światło dzienne,Jezdnia,EWK-104532685H,9,2016-06-24,Nieokreślone (puste pole),20*56'343,52*44'212,P3426W,Obszar zabudowany,Odcinek prosty,Droga powiatowa,Jednojezdniowa dwukierunkowa,N,POWIAT PUŁTUSKI,GZY - OBSZAR WIEJSKI
1,0,1,2016,Oślepiające słońce,Najechanie na pieszego,Oślepiające słońce,Światło dzienne,Jezdnia,EWK-104562238R,10,2016-07-01,Lekko,20*50'120,51*37'420,48,Obszar niezabudowany,"Zakręt, łuk",Droga krajowa,Jednojezdniowa dwukierunkowa,N,POWIAT BIAŁOBRZESKI,WYŚMIERZYCE - OBSZAR WIEJSKI
1,0,0,2016,Oślepiające słońce,Najechanie na pieszego,Oślepiające słońce,Światło dzienne,Jezdnia,EWK-104562238R,10,2016-07-01,Nieokreślone (puste pole),20*50'120,51*37'420,48,Obszar niezabudowany,"Zakręt, łuk",Droga krajowa,Jednojezdniowa dwukierunkowa,N,POWIAT BIAŁOBRZESKI,WYŚMIERZYCE - OBSZAR WIEJSKI