Liczba wypadków,Liczba zabitych,Liczba rannych,Rok,Warunki atmosferyczne,Rodzaj zdarzenia,Warunki atmosferyczne,Oświetlenie,Charakterystyka miejsca zdarzenia,IDKSIP zdarzenia,Godzina,Dzień,Ranny,GPS x,GPS y,Numer drogi,Obszar,Geometria drogi,Kategoria drogi 1,Rodzaj drogi,Czy w zdarzeniu był sprawca nietrzeźwy,Powiat,Gmina
1,1,0,2016,Pochmurno,Najechanie na drzewo,Pochmurno,Noc - droga nieoświetlona,"Skarpa, rów",EWK-104504370C,1,2016-06-17,Nieokreślone (puste pole),22*11'058,52*10'078,GMINNA,Obszar niezabudowany,Odcinek prosty,Droga gminna,Jednojezdniowa dwukierunkowa,N,POWIAT SIEDLECKI,SIEDLCE - OBSZAR WIEJSKI
1,1,0,2016,Pochmurno,Najechanie na drzewo,Pochmurno,Noc - droga nieoświetlona,"Skarpa, rów",EWK-104667826G,0,2016-07-27,Nieokreślone (puste pole),20*31'280,52*53'460,P1240W,Obszar niezabudowany,Odcinek prosty,Droga powiatowa,Jednojezdniowa dwukierunkowa,N,POWIAT CIECHANOWSKI,CIECHANÓW - OBSZAR MIEJSKI
1,1,0,2016,Pochmurno,Najechanie na drzewo,Pochmurno,Noc - droga nieoświetlona,"Skarpa, rów",EWK-105307822L,21,2016-12-25,Nieokreślone (puste pole),22*10'084,52*11'261,P3340D,Obszar niezabudowany,Odcinek prosty,Droga powiatowa,Jednojezdniowa dwukierunkowa,N,POWIAT SIEDLECKI,SIEDLCE - OBSZAR WIEJSKI
1,0,1,2016,Pochmurno,Najechanie na drzewo,Pochmurno,Noc - droga oświetlona,Jezdnia,EWK-103773537J,18,2016-01-06,Lekko,20*59'415,52*55'577,G210603W,Obszar zabudowany,Odcinek prosty,Droga gminna,Jednojezdniowa dwukierunkowa,N,POWIAT MAKOWSKI,PŁONIAWY-BRAMURA - OBSZAR WIEJSKI
1,0,0,2016,Pochmurno,Najechanie na drzewo,Pochmurno,Noc - droga oświetlona,Jezdnia,EWK-103773537J,18,2016-01-06,Nieokreślone (puste pole),20*59'415,52*55'577,G210603W,Obszar zabudowany,Odcinek prosty,Droga gminna,Jednojezdniowa dwukierunkowa,N,POWIAT MAKOWSKI,PŁONIAWY-BRAMURA - OBSZAR WIEJSKI
1,0,1,2016,Pochmurno,Najechanie na drzewo,Pochmurno,Noc - droga oświetlona,Jezdnia,EWK-103806041H,19,2016-01-27,Lekko,20*16'459,52*15'152,580,Obszar zabudowany,"Zakręt, łuk",Droga wojewódzka,Jednojezdniowa dwukierunkowa,N,POWIAT SOCHACZEWSKI,SOCHACZEW - OBSZAR MIEJSKI
1,0,0,2016,Pochmurno,Najechanie na drzewo,Pochmurno,Noc - droga oświetlona,Jezdnia,EWK-103806041H,19,2016-01-27,Nieokreślone (puste pole),20*16'459,52*15'152,580,Obszar zabudowany,"Zakręt, łuk",Droga wojewódzka,Jednojezdniowa dwukierunkowa,N,POWIAT SOCHACZEWSKI,SOCHACZEW - OBSZAR MIEJSKI
1,0,1,2016,Pochmurno,Najechanie na drzewo,Pochmurno,Noc - droga oświetlona,Jezdnia,EWK-104165299C,21,2016-04-12,Lekko,21*37'115,51*27'204,79,Obszar zabudowany,"Zakręt, łuk",Droga krajowa,Jednojezdniowa dwukierunkowa,T,POWIAT ZWOLEŃSKI,POLICZNA - OBSZAR WIEJSKI
1,0,1,2016,Pochmurno,Najechanie na drzewo,Pochmurno,Noc - droga oświetlona,Pobocze,EWK-103821232Q,6,2016-01-29,Ciężko,22*01'513,52*23'279,P4229W,Obszar zabudowany,Odcinek prosty,Droga powiatowa,Jednojezdniowa dwukierunkowa,N,POWIAT WĘGROWSKI,WĘGRÓW - OBSZAR MIEJSKI
1,1,0,2016,Pochmurno,Najechanie na drzewo,Pochmurno,"Zmrok, świt",Jezdnia,EWK-103857001R,18,2016-02-09,Nieokreślone (puste pole),20*10'304,52*08'451,705,Obszar niezabudowany,Odcinek prosty,Droga wojewódzka,Jednojezdniowa dwukierunkowa,N,POWIAT SOCHACZEWSKI,NOWA SUCHA - OBSZAR WIEJSKI
1,0,1,2016,Pochmurno,Najechanie na drzewo,Pochmurno,"Zmrok, świt",Jezdnia,EWK-103919008K,7,2016-02-23,Lekko,20*04'083,52*21'404,575,Obszar niezabudowany,Odcinek prosty,Droga wojewódzka,Jednojezdniowa dwukierunkowa,N,POWIAT SOCHACZEWSKI,IŁÓW - OBSZAR WIEJSKI
1,0,2,2016,Pochmurno,Najechanie na drzewo,Pochmurno,"Zmrok, świt",Pobocze,EWK-104197328W,4,2016-04-17,Ciężko,21*48'312,51*28'070,GMINNA,Obszar niezabudowany,"Zakręt, łuk",Droga gminna,Jednojezdniowa dwukierunkowa,N,POWIAT KOZIENICKI,GNIEWOSZÓW - OBSZAR WIEJSKI
1,0,1,2016,Pochmurno,Najechanie na drzewo,Pochmurno,"Zmrok, świt",Pobocze,EWK-104197328W,4,2016-04-17,Lekko,21*48'312,51*28'070,GMINNA,Obszar niezabudowany,"Zakręt, łuk",Droga gminna,Jednojezdniowa dwukierunkowa,N,POWIAT KOZIENICKI,GNIEWOSZÓW - OBSZAR WIEJSKI
1,0,2,2016,Pochmurno,Najechanie na drzewo,Pochmurno,Światło dzienne,Jezdnia,EWK-103797040M,10,2016-01-24,Lekko,21*07'108,51*50'046,GMINNA,Obszar niezabudowany,Odcinek prosty,Droga gminna,Jednojezdniowa dwukierunkowa,N,POWIAT GRÓJECKI,WARKA - OBSZAR WIEJSKI
1,0,1,2016,Pochmurno,Najechanie na drzewo,Pochmurno,Światło dzienne,Jezdnia,EWK-103879973N,15,2016-02-13,Lekko,20*53'178,51*12'343,4016W,Obszar niezabudowany,"Zakręt, łuk",Droga powiatowa,Jednojezdniowa dwukierunkowa,N,POWIAT SZYDŁOWIECKI,SZYDŁOWIEC - OBSZAR WIEJSKI
1,0,1,2016,Pochmurno,Najechanie na drzewo,Pochmurno,Światło dzienne,Jezdnia,EWK-103883223R,14,2016-02-15,Ciężko,20*20'059,53*06'440,P4640W,Obszar zabudowany,"Zakręt, łuk",Droga powiatowa,Jednojezdniowa dwukierunkowa,N,POWIAT MŁAWSKI,LIPOWIEC KOŚCIELNY - OBSZAR WIEJSKI
1,1,0,2016,Pochmurno,Najechanie na drzewo,Pochmurno,Światło dzienne,Jezdnia,EWK-103913330F,12,2016-02-22,Nieokreślone (puste pole),21*49'387,52*50'537,627,Obszar niezabudowany,Odcinek prosty,Droga wojewódzka,Jednojezdniowa dwukierunkowa,N,POWIAT OSTROWSKI,OSTRÓW MAZOWIECKA - OBSZAR WIEJSKI
1,0,1,2016,Pochmurno,Najechanie na drzewo,Pochmurno,Światło dzienne,Jezdnia,EWK-104102481N,8,2016-03-29,Lekko,21*19'241,53*22'494,614,Obszar niezabudowany,"Zakręt, łuk",Droga wojewódzka,Jednojezdniowa dwukierunkowa,N,POWIAT OSTROŁĘCKI,MYSZYNIEC - OBSZAR WIEJSKI
1,1,0,2016,Pochmurno,Najechanie na drzewo,Pochmurno,Światło dzienne,Jezdnia,EWK-104102481N,8,2016-03-29,Nieokreślone (puste pole),21*19'241,53*22'494,614,Obszar niezabudowany,"Zakręt, łuk",Droga wojewódzka,Jednojezdniowa dwukierunkowa,N,POWIAT OSTROŁĘCKI,MYSZYNIEC - OBSZAR WIEJSKI
1,0,2,2016,Pochmurno,Najechanie na drzewo,Pochmurno,Światło dzienne,Jezdnia,EWK-104156732Q,12,2016-04-09,Lekko,21*31'199,52*42'070,G440301W,Obszar zabudowany,"Zakręt, łuk",Droga gminna,Jednojezdniowa dwukierunkowa,T,POWIAT WYSZKOWSKI,DŁUGOSIODŁO - OBSZAR WIEJSKI
1,1,0,2016,Pochmurno,Najechanie na drzewo,Pochmurno,Światło dzienne,Jezdnia,EWK-104309061J,14,2016-05-14,Nieokreślone (puste pole),21*45'107,51*07'537,754,Obszar niezabudowany,Odcinek prosty,Droga wojewódzka,Jednojezdniowa dwukierunkowa,N,POWIAT LIPSKI,SOLEC NAD WISŁĄ - OBSZAR WIEJSKI
1,0,3,2016,Pochmurno,Najechanie na drzewo,Pochmurno,Światło dzienne,Jezdnia,EWK-104515848H,19,2016-06-17,Ciężko,20*28'342,52*40'107,P3038W,Obszar niezabudowany,"Zakręt, łuk",Droga powiatowa,Jednojezdniowa dwukierunkowa,N,POWIAT PŁOŃSKI,SOCHOCIN - OBSZAR WIEJSKI
1,0,1,2016,Pochmurno,Najechanie na drzewo,Pochmurno,Światło dzienne,Jezdnia,EWK-104591883D,17,2016-07-09,Ciężko,20*39'399,52*38'411,W632,Obszar niezabudowany,Odcinek prosty,Droga wojewódzka,Jednojezdniowa dwukierunkowa,N,POWIAT PŁOŃSKI,NOWE MIASTO - OBSZAR WIEJSKI
1,0,0,2016,Pochmurno,Najechanie na drzewo,Pochmurno,Światło dzienne,Jezdnia,EWK-104591883D,17,2016-07-09,Nieokreślone (puste pole),20*39'399,52*38'411,W632,Obszar niezabudowany,Odcinek prosty,Droga wojewódzka,Jednojezdniowa dwukierunkowa,N,POWIAT PŁOŃSKI,NOWE MIASTO - OBSZAR WIEJSKI
1,0,1,2016,Pochmurno,Najechanie na drzewo,Pochmurno,Światło dzienne,Jezdnia,EWK-104630579H,20,2016-07-19,Lekko,20*58'484,52*57'523,57,Obszar zabudowany,Odcinek prosty,Droga krajowa,Jednojezdniowa dwukierunkowa,T,POWIAT PRZASNYSKI,PRZASNYSZ - OBSZAR WIEJSKI
1,0,1,2016,Pochmurno,Najechanie na drzewo,Pochmurno,Światło dzienne,Jezdnia,EWK-104863243M,16,2016-09-20,Lekko,21*26'299,53*06'438,2542W,Obszar zabudowany,Odcinek prosty,Droga powiatowa,Jednojezdniowa dwukierunkowa,N,POWIAT OSTROŁĘCKI,OLSZEWO-BORKI - OBSZAR WIEJSKI
1,0,0,2016,Pochmurno,Najechanie na drzewo,Pochmurno,Światło dzienne,Jezdnia,EWK-104863243M,16,2016-09-20,Nieokreślone (puste pole),21*26'299,53*06'438,2542W,Obszar zabudowany,Odcinek prosty,Droga powiatowa,Jednojezdniowa dwukierunkowa,N,POWIAT OSTROŁĘCKI,OLSZEWO-BORKI - OBSZAR WIEJSKI
1,0,1,2016,Pochmurno,Najechanie na drzewo,Pochmurno,Światło dzienne,Jezdnia,EWK-104924317C,8,2016-10-20,Ciężko,21*36'323,52*44'083,P2648W,Obszar niezabudowany,"Zakręt, łuk",Droga powiatowa,Jednojezdniowa dwukierunkowa,N,POWIAT WYSZKOWSKI,DŁUGOSIODŁO - OBSZAR WIEJSKI
1,0,1,2016,Pochmurno,Najechanie na drzewo,Pochmurno,Światło dzienne,Jezdnia,EWK-104924317C,8,2016-10-20,Lekko,21*36'323,52*44'083,P2648W,Obszar niezabudowany,"Zakręt, łuk",Droga powiatowa,Jednojezdniowa dwukierunkowa,N,POWIAT WYSZKOWSKI,DŁUGOSIODŁO - OBSZAR WIEJSKI
1,0,1,2016,Pochmurno,Najechanie na drzewo,Pochmurno,Światło dzienne,Jezdnia,EWK-104979358K,13,2016-10-29,Lekko,19*36'327,52*50'529,P3726W,Obszar niezabudowany,"Zakręt, łuk",Droga powiatowa,Jednojezdniowa dwukierunkowa,N,POWIAT SIERPECKI,SIERPC - OBSZAR WIEJSKI
1,1,0,2016,Pochmurno,Najechanie na drzewo,Pochmurno,Światło dzienne,Jezdnia,EWK-104988585A,12,2016-11-02,Nieokreślone (puste pole),21*07'546,51*14'160,P3542W,Obszar niezabudowany,Odcinek prosty,Droga powiatowa,Jednojezdniowa dwukierunkowa,N,POWIAT RADOMSKI,WIERZBICA - OBSZAR WIEJSKI
1,0,1,2016,Pochmurno,Najechanie na drzewo,Pochmurno,Światło dzienne,Jezdnia,EWK-104996760P,10,2016-10-29,Lekko,21*33'178,52*57'261,2570W,Obszar niezabudowany,Odcinek prosty,Droga powiatowa,Jednojezdniowa dwukierunkowa,T,POWIAT OSTROŁĘCKI,GOWOROWO - OBSZAR WIEJSKI
1,0,1,2016,Pochmurno,Najechanie na drzewo,Pochmurno,Światło dzienne,Jezdnia,EWK-105024988C,11,2016-11-09,Ciężko,21*50'231,52*38'475,P4203W,Obszar niezabudowany,Odcinek prosty,Droga powiatowa,Jednojezdniowa dwukierunkowa,N,POWIAT WĘGROWSKI,SADOWNE - OBSZAR WIEJSKI
1,0,1,2016,Pochmurno,Najechanie na drzewo,Pochmurno,Światło dzienne,Jezdnia,EWK-105129623Y,11,2016-11-25,Lekko,19*58'103,52*52'023,GMINNA,Obszar niezabudowany,Odcinek prosty,Droga gminna,Jednojezdniowa dwukierunkowa,N,POWIAT ŻUROMIŃSKI,SIEMIĄTKOWO - OBSZAR WIEJSKI
1,0,2,2016,Pochmurno,Najechanie na drzewo,Pochmurno,Światło dzienne,Jezdnia,EWK-105152819J,13,2016-12-06,Lekko,20*59'162,51*22'420,P3565W,Obszar zabudowany,Odcinek prosty,Droga powiatowa,Jednojezdniowa dwukierunkowa,N,POWIAT RADOMSKI,WOLANÓW - OBSZAR WIEJSKI
1,0,1,2016,Pochmurno,Najechanie na drzewo,Pochmurno,Światło dzienne,Jezdnia,EWK-105304395W,8,2016-12-25,Lekko,21*25'219,53*11'150,2532W,Obszar niezabudowany,Odcinek prosty,Droga powiatowa,Jednojezdniowa dwukierunkowa,N,POWIAT OSTROŁĘCKI,KADZIDŁO - OBSZAR WIEJSKI
1,0,2,2016,Pochmurno,Najechanie na drzewo,Pochmurno,Światło dzienne,Pobocze,EWK-103745971T,14,2016-01-09,Ciężko,20*14'135,52*32'171,P3062W,Obszar niezabudowany,Odcinek prosty,Droga powiatowa,Jednojezdniowa dwukierunkowa,T,POWIAT PŁOŃSKI,DZIERZĄŻNIA - OBSZAR WIEJSKI
1,1,0,2016,Pochmurno,Najechanie na drzewo,Pochmurno,Światło dzienne,Pobocze,EWK-103746033M,10,2016-01-13,Nieokreślone (puste pole),19*44'280,52*34'436,60,Obszar niezabudowany,Odcinek prosty,Droga krajowa,Jednojezdniowa dwukierunkowa,N,POWIAT PŁOCK,PŁOCK - OBSZAR MIEJSKI
1,0,1,2016,Pochmurno,Najechanie na drzewo,Pochmurno,Światło dzienne,Pobocze,EWK-104023958P,13,2016-03-11,Ciężko,20*53'143,51*34'331,P1116W,Obszar niezabudowany,Odcinek prosty,Droga powiatowa,Jednojezdniowa dwukierunkowa,N,POWIAT BIAŁOBRZESKI,RADZANÓW - OBSZAR WIEJSKI
1,0,2,2016,Pochmurno,Najechanie na drzewo,Pochmurno,Światło dzienne,Pobocze,EWK-104023958P,13,2016-03-11,Lekko,20*53'143,51*34'331,P1116W,Obszar niezabudowany,Odcinek prosty,Droga powiatowa,Jednojezdniowa dwukierunkowa,N,POWIAT BIAŁOBRZESKI,RADZANÓW - OBSZAR WIEJSKI
1,1,0,2016,Pochmurno,Najechanie na drzewo,Pochmurno,Światło dzienne,Pobocze,EWK-104023958P,13,2016-03-11,Nieokreślone (puste pole),20*53'143,51*34'331,P1116W,Obszar niezabudowany,Odcinek prosty,Droga powiatowa,Jednojezdniowa dwukierunkowa,N,POWIAT BIAŁOBRZESKI,RADZANÓW - OBSZAR WIEJSKI
1,0,1,2016,Pochmurno,Najechanie na drzewo,Pochmurno,Światło dzienne,Pobocze,EWK-104066587U,8,2016-03-22,Lekko,21*31'335,51*20'363,P4512W,Obszar niezabudowany,Odcinek prosty,Droga powiatowa,Jednojezdniowa dwukierunkowa,N,POWIAT ZWOLEŃSKI,TCZÓW - OBSZAR WIEJSKI
1,0,1,2016,Pochmurno,Najechanie na drzewo,Pochmurno,Światło dzienne,Pobocze,EWK-104309185T,9,2016-05-14,Lekko,21*33'194,51*28'529,691,Obszar niezabudowany,"Zakręt, łuk",Droga wojewódzka,Jednojezdniowa dwukierunkowa,N,POWIAT KOZIENICKI,GARBATKA-LETNISKO - OBSZAR WIEJSKI
1,0,1,2016,Pochmurno,Najechanie na drzewo,Pochmurno,Światło dzienne,Pobocze,EWK-104669224K,12,2016-07-17,Lekko,22*07'275,52*20'120,P4228W,Obszar niezabudowany,"Zakręt, łuk",Droga powiatowa,Jednojezdniowa dwukierunkowa,N,POWIAT SOKOŁOWSKI,BIELANY - OBSZAR WIEJSKI
1,0,1,2016,Pochmurno,Najechanie na drzewo,Pochmurno,Światło dzienne,Pobocze,EWK-104725765C,16,2016-08-11,Ciężko,21*19'565,51*33'123,P1715W,Obszar niezabudowany,Odcinek prosty,Droga powiatowa,Jednojezdniowa dwukierunkowa,N,POWIAT KOZIENICKI,GŁOWACZÓW - OBSZAR WIEJSKI
1,0,0,2016,Pochmurno,Najechanie na drzewo,Pochmurno,Światło dzienne,Pobocze,EWK-104725765C,16,2016-08-11,Nieokreślone (puste pole),21*19'565,51*33'123,P1715W,Obszar niezabudowany,Odcinek prosty,Droga powiatowa,Jednojezdniowa dwukierunkowa,N,POWIAT KOZIENICKI,GŁOWACZÓW - OBSZAR WIEJSKI
1,1,0,2016,Pochmurno,Najechanie na drzewo,Pochmurno,Światło dzienne,"Skarpa, rów",EWK-104159972T,12,2016-04-08,Nieokreślone (puste pole),22*05'320,52*03'467,4140E,Obszar niezabudowany,Odcinek prosty,Droga powiatowa,Jednojezdniowa dwukierunkowa,N,POWIAT SIEDLECKI,SKÓRZEC - OBSZAR WIEJSKI
1,0,2,2016,Pochmurno,Najechanie na drzewo,Pochmurno,Światło dzienne,"Skarpa, rów",EWK-104517677H,16,2016-06-20,Lekko,21*05'011,52*53'268,57,Obszar zabudowany,"Zakręt, łuk",Droga krajowa,Jednojezdniowa dwukierunkowa,T,POWIAT MAKOWSKI,KARNIEWO - OBSZAR WIEJSKI
1,0,1,2016,Pochmurno,Najechanie na drzewo,Pochmurno,Światło dzienne,"Skarpa, rów",EWK-104682241U,6,2016-07-29,Lekko,21*16'577,51*39'422,730,Obszar niezabudowany,Odcinek prosty,Droga wojewódzka,Jednojezdniowa dwukierunkowa,N,POWIAT KOZIENICKI,GŁOWACZÓW - OBSZAR WIEJSKI
1,0,1,2016,Pochmurno,Najechanie na drzewo,Pochmurno,Światło dzienne,"Skarpa, rów",EWK-104788532Q,18,2016-08-14,Ciężko,22*22'113,52*21'365,P3930W,Obszar zabudowany,Odcinek prosty,Droga powiatowa,Jednojezdniowa dwukierunkowa,T,POWIAT SOKOŁOWSKI,REPKI - OBSZAR WIEJSKI
1,0,0,2016,Pochmurno,Najechanie na drzewo,Pochmurno,Światło dzienne,"Skarpa, rów",EWK-104788532Q,18,2016-08-14,Nieokreślone (puste pole),22*22'113,52*21'365,P3930W,Obszar zabudowany,Odcinek prosty,Droga powiatowa,Jednojezdniowa dwukierunkowa,T,POWIAT SOKOŁOWSKI,REPKI - OBSZAR WIEJSKI
1,1,0,2016,Pochmurno,Najechanie na drzewo,Pochmurno,Światło dzienne,"Skarpa, rów",EWK-104880805X,17,2016-09-29,Nieokreślone (puste pole),21*17'195,52*58'524,2132W,Obszar niezabudowany,"Zakręt, łuk",Droga powiatowa,Jednojezdniowa dwukierunkowa,N,POWIAT MAKOWSKI,SYPNIEWO - OBSZAR WIEJSKI
1,0,1,2016,Pochmurno,Najechanie na pieszego,Pochmurno,Noc - droga nieoświetlona,Jezdnia,EWK-103744131T,3,2016-01-11,Lekko,21*19'053,51*17'174,GMINNA,Obszar zabudowany,Odcinek prosty,Droga gminna,Jednojezdniowa dwukierunkowa,N,POWIAT RADOMSKI,SKARYSZEW - OBSZAR WIEJSKI
1,0,0,2016,Pochmurno,Najechanie na pieszego,Pochmurno,Noc - droga nieoświetlona,Jezdnia,EWK-103744131T,3,2016-01-11,Nieokreślone (puste pole),21*19'053,51*17'174,GMINNA,Obszar zabudowany,Odcinek prosty,Droga gminna,Jednojezdniowa dwukierunkowa,N,POWIAT RADOMSKI,SKARYSZEW - OBSZAR WIEJSKI
1,0,1,2016,Pochmurno,Najechanie na pieszego,Pochmurno,Noc - droga nieoświetlona,Jezdnia,EWK-103795272F,0,2016-01-23,Lekko,21*14'585,51*27'591,P3517W,Obszar niezabudowany,Odcinek prosty,Droga powiatowa,Jednojezdniowa dwukierunkowa,N,POWIAT RADOMSKI,JASTRZĘBIA - OBSZAR WIEJSKI
1,0,0,2016,Pochmurno,Najechanie na pieszego,Pochmurno,Noc - droga nieoświetlona,Jezdnia,EWK-103795272F,0,2016-01-23,Nieokreślone (puste pole),21*14'585,51*27'591,P3517W,Obszar niezabudowany,Odcinek prosty,Droga powiatowa,Jednojezdniowa dwukierunkowa,N,POWIAT RADOMSKI,JASTRZĘBIA - OBSZAR WIEJSKI
1,1,0,2016,Pochmurno,Najechanie na pieszego,Pochmurno,Noc - droga nieoświetlona,Jezdnia,EWK-103823026R,23,2016-01-31,Nieokreślone (puste pole),21*33'164,52*38'549,8,Obszar niezabudowany,,Droga krajowa,Jednojezdniowa dwukierunkowa,T,POWIAT WYSZKOWSKI,BRAŃSZCZYK - OBSZAR WIEJSKI
1,0,1,2016,Pochmurno,Najechanie na pieszego,Pochmurno,Noc - droga nieoświetlona,Jezdnia,EWK-104033764Y,18,2016-03-15,Ciężko,20*54'581,51*30'392,GMINNA,Obszar zabudowany,Odcinek prosty,Droga gminna,Jednojezdniowa dwukierunkowa,N,POWIAT RADOMSKI,PRZYTYK - OBSZAR WIEJSKI
1,1,0,2016,Pochmurno,Najechanie na pieszego,Pochmurno,Noc - droga nieoświetlona,Jezdnia,EWK-104033764Y,18,2016-03-15,Nieokreślone (puste pole),20*54'581,51*30'392,GMINNA,Obszar zabudowany,Odcinek prosty,Droga gminna,Jednojezdniowa dwukierunkowa,N,POWIAT RADOMSKI,PRZYTYK - OBSZAR WIEJSKI
1,0,1,2016,Pochmurno,Najechanie na pieszego,Pochmurno,Noc - droga nieoświetlona,Jezdnia,EWK-104417262P,21,2016-05-07,Lekko,21*40'575,51*57'543,805,Obszar niezabudowany,Odcinek prosty,Droga wojewódzka,Jednojezdniowa dwukierunkowa,T,POWIAT GARWOLIŃSKI,PARYSÓW - OBSZAR WIEJSKI
1,0,0,2016,Pochmurno,Najechanie na pieszego,Pochmurno,Noc - droga nieoświetlona,Jezdnia,EWK-104417262P,21,2016-05-07,Nieokreślone (puste pole),21*40'575,51*57'543,805,Obszar niezabudowany,Odcinek prosty,Droga wojewódzka,Jednojezdniowa dwukierunkowa,T,POWIAT GARWOLIŃSKI,PARYSÓW - OBSZAR WIEJSKI
1,0,1,2016,Pochmurno,Najechanie na pieszego,Pochmurno,Noc - droga nieoświetlona,Jezdnia,EWK-104735743P,21,2016-08-13,Lekko,21*42'222,51*21'369,GMINNA,Obszar niezabudowany,Odcinek prosty,Droga gminna,Jednojezdniowa dwukierunkowa,N,POWIAT ZWOLEŃSKI,PRZYŁĘK - OBSZAR WIEJSKI
1,0,0,2016,Pochmurno,Najechanie na pieszego,Pochmurno,Noc - droga nieoświetlona,Jezdnia,EWK-104735743P,21,2016-08-13,Nieokreślone (puste pole),21*42'222,51*21'369,GMINNA,Obszar niezabudowany,Odcinek prosty,Droga gminna,Jednojezdniowa dwukierunkowa,N,POWIAT ZWOLEŃSKI,PRZYŁĘK - OBSZAR WIEJSKI
1,0,1,2016,Pochmurno,Najechanie na pieszego,Pochmurno,Noc - droga nieoświetlona,Jezdnia,EWK-104786534R,3,2016-08-28,Lekko,21*22'519,52*45'548,P2648W,Obszar niezabudowany,"Zakręt, łuk",Droga powiatowa,Jednojezdniowa dwukierunkowa,N,POWIAT WYSZKOWSKI,RZĄŚNIK - OBSZAR WIEJSKI
1,0,0,2016,Pochmurno,Najechanie na pieszego,Pochmurno,Noc - droga nieoświetlona,Jezdnia,EWK-104786534R,3,2016-08-28,Nieokreślone (puste pole),21*22'519,52*45'548,P2648W,Obszar niezabudowany,"Zakręt, łuk",Droga powiatowa,Jednojezdniowa dwukierunkowa,N,POWIAT WYSZKOWSKI,RZĄŚNIK - OBSZAR WIEJSKI
1,1,0,2016,Pochmurno,Najechanie na pieszego,Pochmurno,Noc - droga nieoświetlona,Jezdnia,EWK-105018736R,18,2016-11-05,Nieokreślone (puste pole),21*48'474,51*57'355,76,Obszar zabudowany,Odcinek prosty,Droga krajowa,Jednojezdniowa dwukierunkowa,N,POWIAT GARWOLIŃSKI,BOROWIE - OBSZAR WIEJSKI
1,0,1,2016,Pochmurno,Najechanie na pieszego,Pochmurno,Noc - droga nieoświetlona,Jezdnia,EWK-105133351K,3,2016-11-27,Lekko,21*35'420,53*04'402,,Obszar zabudowany,Odcinek prosty,Nieokreślone (puste pole),Jednojezdniowa dwukierunkowa,N,POWIAT OSTROŁĘKA,OSTROŁĘKA - OBSZAR MIEJSKI
1,0,0,2016,Pochmurno,Najechanie na pieszego,Pochmurno,Noc - droga nieoświetlona,Jezdnia,EWK-105133351K,3,2016-11-27,Nieokreślone (puste pole),21*35'420,53*04'402,,Obszar zabudowany,Odcinek prosty,Nieokreślone (puste pole),Jednojezdniowa dwukierunkowa,N,POWIAT OSTROŁĘKA,OSTROŁĘKA - OBSZAR MIEJSKI
1,1,0,2016,Pochmurno,Najechanie na pieszego,Pochmurno,Noc - droga nieoświetlona,Jezdnia,EWK-105145732Y,18,2016-12-02,Nieokreślone (puste pole),20*48'471,52*49'548,60,Obszar niezabudowany,Odcinek prosty,Droga krajowa,Jednojezdniowa dwukierunkowa,N,POWIAT CIECHANOWSKI,GOŁYMIN-OŚRODEK - OBSZAR WIEJSKI
1,0,1,2016,Pochmurno,Najechanie na pieszego,Pochmurno,Noc - droga nieoświetlona,Jezdnia,EWK-105158460T,19,2016-12-08,Lekko,21*09'328,51*25'281,G530132W,Obszar zabudowany,Odcinek prosty,Droga gminna,Jednojezdniowa dwukierunkowa,N,POWIAT RADOM,RADOM - OBSZAR MIEJSKI
1,0,0,2016,Pochmurno,Najechanie na pieszego,Pochmurno,Noc - droga nieoświetlona,Jezdnia,EWK-105158460T,19,2016-12-08,Nieokreślone (puste pole),21*09'328,51*25'281,G530132W,Obszar zabudowany,Odcinek prosty,Droga gminna,Jednojezdniowa dwukierunkowa,N,POWIAT RADOM,RADOM - OBSZAR MIEJSKI
1,1,0,2016,Pochmurno,Najechanie na pieszego,Pochmurno,Noc - droga nieoświetlona,Jezdnia,EWK-105175834G,6,2016-12-14,Nieokreślone (puste pole),22*06'179,52*18'072,696,Obszar niezabudowany,Odcinek prosty,Droga wojewódzka,Jednojezdniowa dwukierunkowa,N,POWIAT SIEDLECKI,MOKOBODY - OBSZAR WIEJSKI
1,0,1,2016,Pochmurno,Najechanie na pieszego,Pochmurno,Noc - droga nieoświetlona,Przejście dla pieszych,EWK-105123224T,16,2016-11-17,Ciężko,20*39'375,52*52'484,60,Obszar niezabudowany,Odcinek prosty,Droga krajowa,Jednojezdniowa dwukierunkowa,N,POWIAT CIECHANOWSKI,OPINOGÓRA GÓRNA - OBSZAR WIEJSKI
1,0,0,2016,Pochmurno,Najechanie na pieszego,Pochmurno,Noc - droga nieoświetlona,Przejście dla pieszych,EWK-105123224T,16,2016-11-17,Nieokreślone (puste pole),20*39'375,52*52'484,60,Obszar niezabudowany,Odcinek prosty,Droga krajowa,Jednojezdniowa dwukierunkowa,N,POWIAT CIECHANOWSKI,OPINOGÓRA GÓRNA - OBSZAR WIEJSKI
1,0,1,2016,Pochmurno,Najechanie na pieszego,Pochmurno,Noc - droga nieoświetlona,"Wjazd, wyjazd z posesji, pola",EWK-104731199U,2,2016-08-06,Ciężko,21*27'211,53*14'261,GMINNA,Obszar zabudowany,Odcinek prosty,Droga gminna,Jednojezdniowa dwukierunkowa,N,POWIAT OSTROŁĘCKI,KADZIDŁO - OBSZAR WIEJSKI
1,0,0,2016,Pochmurno,Najechanie na pieszego,Pochmurno,Noc - droga nieoświetlona,"Wjazd, wyjazd z posesji, pola",EWK-104731199U,2,2016-08-06,Nieokreślone (puste pole),21*27'211,53*14'261,GMINNA,Obszar zabudowany,Odcinek prosty,Droga gminna,Jednojezdniowa dwukierunkowa,N,POWIAT OSTROŁĘCKI,KADZIDŁO - OBSZAR WIEJSKI
1,0,2,2016,Pochmurno,Najechanie na pieszego,Pochmurno,Noc - droga oświetlona,Jezdnia,EWK-103733328X,18,2016-01-09,Lekko,20*43'411,51*18'066,727,Obszar zabudowany,Odcinek prosty,Droga wojewódzka,Jednojezdniowa dwukierunkowa,N,POWIAT PRZYSUSKI,BORKOWICE - OBSZAR WIEJSKI
1,0,0,2016,Pochmurno,Najechanie na pieszego,Pochmurno,Noc - droga oświetlona,Jezdnia,EWK-103733328X,18,2016-01-09,Nieokreślone (puste pole),20*43'411,51*18'066,727,Obszar zabudowany,Odcinek prosty,Droga wojewódzka,Jednojezdniowa dwukierunkowa,N,POWIAT PRZYSUSKI,BORKOWICE - OBSZAR WIEJSKI