Liczba wypadków,Liczba zabitych,Liczba rannych,Rok,Warunki atmosferyczne,Rodzaj zdarzenia,Warunki atmosferyczne,Oświetlenie,Charakterystyka miejsca zdarzenia,IDKSIP zdarzenia,Godzina,Dzień,Ranny,GPS x,GPS y,Numer drogi,Obszar,Geometria drogi,Kategoria drogi 1,Rodzaj drogi,Czy w zdarzeniu był sprawca nietrzeźwy,Powiat,Gmina
1,0,1,2016,Pochmurno,Najechanie na pieszego,Pochmurno,Światło dzienne,Przejście dla pieszych,EWK-104545684N,9,2016-06-21,Lekko,20*26'571,52*03'274,GMINNA,Obszar zabudowany,Odcinek prosty,Droga gminna,Jednokierunkowa,N,POWIAT ŻYRARDOWSKI,ŻYRARDÓW - OBSZAR MIEJSKI
1,0,0,2016,Pochmurno,Najechanie na pieszego,Pochmurno,Światło dzienne,Przejście dla pieszych,EWK-104545684N,9,2016-06-21,Nieokreślone (puste pole),20*26'571,52*03'274,GMINNA,Obszar zabudowany,Odcinek prosty,Droga gminna,Jednokierunkowa,N,POWIAT ŻYRARDOWSKI,ŻYRARDÓW - OBSZAR MIEJSKI
1,0,1,2016,Pochmurno,Najechanie na pieszego,Pochmurno,Światło dzienne,Przejście dla pieszych,EWK-104633980L,13,2016-07-18,Lekko,21*09'575,51*24'260,P5312W,Obszar zabudowany,,Droga powiatowa,Jednojezdniowa dwukierunkowa,N,POWIAT RADOM,RADOM - OBSZAR MIEJSKI
1,0,0,2016,Pochmurno,Najechanie na pieszego,Pochmurno,Światło dzienne,Przejście dla pieszych,EWK-104633980L,13,2016-07-18,Nieokreślone (puste pole),21*09'575,51*24'260,P5312W,Obszar zabudowany,,Droga powiatowa,Jednojezdniowa dwukierunkowa,N,POWIAT RADOM,RADOM - OBSZAR MIEJSKI
1,0,1,2016,Pochmurno,Najechanie na pieszego,Pochmurno,Światło dzienne,Przejście dla pieszych,EWK-104919394X,15,2016-10-15,Ciężko,21*08'063,51*24'589,7,Obszar zabudowany,Odcinek prosty,Droga krajowa,Jednojezdniowa dwukierunkowa,N,POWIAT RADOM,RADOM - OBSZAR MIEJSKI
1,0,1,2016,Pochmurno,Najechanie na pieszego,Pochmurno,Światło dzienne,Przejście dla pieszych,EWK-104919394X,15,2016-10-15,Lekko,21*08'063,51*24'589,7,Obszar zabudowany,Odcinek prosty,Droga krajowa,Jednojezdniowa dwukierunkowa,N,POWIAT RADOM,RADOM - OBSZAR MIEJSKI
1,0,0,2016,Pochmurno,Najechanie na pieszego,Pochmurno,Światło dzienne,Przejście dla pieszych,EWK-104919394X,15,2016-10-15,Nieokreślone (puste pole),21*08'063,51*24'589,7,Obszar zabudowany,Odcinek prosty,Droga krajowa,Jednojezdniowa dwukierunkowa,N,POWIAT RADOM,RADOM - OBSZAR MIEJSKI
1,0,1,2016,Pochmurno,Najechanie na pieszego,Pochmurno,Światło dzienne,Przejście dla pieszych,EWK-104978705Q,11,2016-10-29,Ciężko,20*37'070,52*52'530,60,Obszar zabudowany,,Droga krajowa,Jednojezdniowa dwukierunkowa,N,POWIAT CIECHANOWSKI,CIECHANÓW - OBSZAR MIEJSKI
1,0,0,2016,Pochmurno,Najechanie na pieszego,Pochmurno,Światło dzienne,Przejście dla pieszych,EWK-104978705Q,11,2016-10-29,Nieokreślone (puste pole),20*37'070,52*52'530,60,Obszar zabudowany,,Droga krajowa,Jednojezdniowa dwukierunkowa,N,POWIAT CIECHANOWSKI,CIECHANÓW - OBSZAR MIEJSKI
1,0,1,2016,Pochmurno,Najechanie na pieszego,Pochmurno,Światło dzienne,Przejście dla pieszych,EWK-104988408M,9,2016-11-02,Lekko,21*22'519,51*22'425,12,Obszar zabudowany,Odcinek prosty,Droga krajowa,Jednojezdniowa dwukierunkowa,N,POWIAT RADOMSKI,GÓZD - OBSZAR WIEJSKI
1,0,0,2016,Pochmurno,Najechanie na pieszego,Pochmurno,Światło dzienne,Przejście dla pieszych,EWK-104988408M,9,2016-11-02,Nieokreślone (puste pole),21*22'519,51*22'425,12,Obszar zabudowany,Odcinek prosty,Droga krajowa,Jednojezdniowa dwukierunkowa,N,POWIAT RADOMSKI,GÓZD - OBSZAR WIEJSKI
1,0,1,2016,Pochmurno,Najechanie na pieszego,Pochmurno,Światło dzienne,Przejście dla pieszych,EWK-104991603Q,16,2016-10-31,Lekko,21*07'250,51*23'062,P5305W,Obszar zabudowany,Odcinek prosty,Droga powiatowa,Jednojezdniowa dwukierunkowa,N,POWIAT RADOM,RADOM - OBSZAR MIEJSKI
1,0,0,2016,Pochmurno,Najechanie na pieszego,Pochmurno,Światło dzienne,Przejście dla pieszych,EWK-104991603Q,16,2016-10-31,Nieokreślone (puste pole),21*07'250,51*23'062,P5305W,Obszar zabudowany,Odcinek prosty,Droga powiatowa,Jednojezdniowa dwukierunkowa,N,POWIAT RADOM,RADOM - OBSZAR MIEJSKI
1,0,1,2016,Pochmurno,Najechanie na pieszego,Pochmurno,Światło dzienne,Przejście dla pieszych,EWK-105010746D,7,2016-11-07,Lekko,21*08'371,51*23'536,P5323W,Obszar zabudowany,Odcinek prosty,Droga powiatowa,Dwie jezdnie jednokierunkowe,N,POWIAT RADOM,RADOM - OBSZAR MIEJSKI
1,0,0,2016,Pochmurno,Najechanie na pieszego,Pochmurno,Światło dzienne,Przejście dla pieszych,EWK-105010746D,7,2016-11-07,Nieokreślone (puste pole),21*08'371,51*23'536,P5323W,Obszar zabudowany,Odcinek prosty,Droga powiatowa,Dwie jezdnie jednokierunkowe,N,POWIAT RADOM,RADOM - OBSZAR MIEJSKI
1,0,1,2016,Pochmurno,Najechanie na pieszego,Pochmurno,Światło dzienne,Przejście dla pieszych,EWK-105063239J,10,2016-11-14,Ciężko,20*37'390,52*52'420,G120101W,Obszar zabudowany,,Droga gminna,Dwie jezdnie jednokierunkowe,N,POWIAT CIECHANOWSKI,CIECHANÓW - OBSZAR MIEJSKI
1,0,0,2016,Pochmurno,Najechanie na pieszego,Pochmurno,Światło dzienne,Przejście dla pieszych,EWK-105063239J,10,2016-11-14,Nieokreślone (puste pole),20*37'390,52*52'420,G120101W,Obszar zabudowany,,Droga gminna,Dwie jezdnie jednokierunkowe,N,POWIAT CIECHANOWSKI,CIECHANÓW - OBSZAR MIEJSKI
1,0,1,2016,Pochmurno,Najechanie na pieszego,Pochmurno,Światło dzienne,Przejście dla pieszych,EWK-105136972P,9,2016-11-29,Lekko,21*04'345,52*42'145,3437P,Obszar zabudowany,Odcinek prosty,Droga powiatowa,Jednojezdniowa dwukierunkowa,N,POWIAT PUŁTUSKI,PUŁTUSK - OBSZAR MIEJSKI
1,0,0,2016,Pochmurno,Najechanie na pieszego,Pochmurno,Światło dzienne,Przejście dla pieszych,EWK-105136972P,9,2016-11-29,Nieokreślone (puste pole),21*04'345,52*42'145,3437P,Obszar zabudowany,Odcinek prosty,Droga powiatowa,Jednojezdniowa dwukierunkowa,N,POWIAT PUŁTUSKI,PUŁTUSK - OBSZAR MIEJSKI
1,0,1,2016,Pochmurno,Najechanie na pieszego,Pochmurno,Światło dzienne,Przejście dla pieszych,EWK-105149835X,15,2016-12-02,Lekko,21*13'178,51*25'285,737,Obszar zabudowany,Odcinek prosty,Droga wojewódzka,Dwie jezdnie jednokierunkowe,N,POWIAT RADOM,RADOM - OBSZAR MIEJSKI
1,0,0,2016,Pochmurno,Najechanie na pieszego,Pochmurno,Światło dzienne,Przejście dla pieszych,EWK-105149835X,15,2016-12-02,Nieokreślone (puste pole),21*13'178,51*25'285,737,Obszar zabudowany,Odcinek prosty,Droga wojewódzka,Dwie jezdnie jednokierunkowe,N,POWIAT RADOM,RADOM - OBSZAR MIEJSKI
1,0,1,2016,Pochmurno,Najechanie na pieszego,Pochmurno,Światło dzienne,Przejście dla pieszych,EWK-105286342E,13,2016-12-15,Lekko,20*52'567,53*01'079,57,Obszar zabudowany,Odcinek prosty,Droga krajowa,Jednojezdniowa dwukierunkowa,N,POWIAT PRZASNYSKI,PRZASNYSZ - OBSZAR MIEJSKI
1,0,0,2016,Pochmurno,Najechanie na pieszego,Pochmurno,Światło dzienne,Przejście dla pieszych,EWK-105286342E,13,2016-12-15,Nieokreślone (puste pole),20*52'567,53*01'079,57,Obszar zabudowany,Odcinek prosty,Droga krajowa,Jednojezdniowa dwukierunkowa,N,POWIAT PRZASNYSKI,PRZASNYSZ - OBSZAR MIEJSKI
1,0,1,2016,Pochmurno,Najechanie na pieszego,Pochmurno,Światło dzienne,Przejście dla pieszych,EWK-105318330A,15,2016-12-30,Lekko,21*09'322,51*24'210,P5312W,Obszar zabudowany,,Droga powiatowa,Jednojezdniowa dwukierunkowa,N,POWIAT RADOM,RADOM - OBSZAR MIEJSKI
1,0,0,2016,Pochmurno,Najechanie na pieszego,Pochmurno,Światło dzienne,Przejście dla pieszych,EWK-105318330A,15,2016-12-30,Nieokreślone (puste pole),21*09'322,51*24'210,P5312W,Obszar zabudowany,,Droga powiatowa,Jednojezdniowa dwukierunkowa,N,POWIAT RADOM,RADOM - OBSZAR MIEJSKI
1,1,0,2016,Pochmurno,Najechanie na pieszego,Pochmurno,"Świt, zmrok",Jezdnia,EWK-104815082G,5,2016-09-06,Nieokreślone (puste pole),21*34'193,51*21'290,12,Obszar zabudowany,Odcinek prosty,Droga krajowa,Jednojezdniowa dwukierunkowa,N,POWIAT ZWOLEŃSKI,ZWOLEŃ - OBSZAR MIEJSKI
1,1,0,2016,Pochmurno,Najechanie na pieszego,Pochmurno,"Świt, zmrok",Jezdnia,EWK-105169769A,16,2016-12-12,Nieokreślone (puste pole),21*13'044,51*20'581,9,Obszar zabudowany,Odcinek prosty,Droga krajowa,Jednojezdniowa dwukierunkowa,N,POWIAT RADOMSKI,SKARYSZEW - OBSZAR WIEJSKI
1,0,1,2016,Pochmurno,Najechanie na pieszego,Pochmurno,"Świt, zmrok",Przejście dla pieszych,EWK-104907352M,6,2016-10-11,Lekko,20*02'224,53*06'360,P4640W,Obszar zabudowany,Odcinek prosty,Droga powiatowa,Jednojezdniowa dwukierunkowa,N,POWIAT MŁAWSKI,MŁAWA - OBSZAR MIEJSKI
1,0,0,2016,Pochmurno,Najechanie na pieszego,Pochmurno,"Świt, zmrok",Przejście dla pieszych,EWK-104907352M,6,2016-10-11,Nieokreślone (puste pole),20*02'224,53*06'360,P4640W,Obszar zabudowany,Odcinek prosty,Droga powiatowa,Jednojezdniowa dwukierunkowa,N,POWIAT MŁAWSKI,MŁAWA - OBSZAR MIEJSKI
1,0,1,2016,Pochmurno,Najechanie na pieszego,Pochmurno,"Świt, zmrok",Przejście dla pieszych,EWK-104967203Y,6,2016-10-24,Lekko,21*06'344,51*16'519,744,Obszar zabudowany,Odcinek prosty,Droga wojewódzka,Jednojezdniowa dwukierunkowa,N,POWIAT RADOMSKI,WIERZBICA - OBSZAR WIEJSKI
1,0,0,2016,Pochmurno,Najechanie na pieszego,Pochmurno,"Świt, zmrok",Przejście dla pieszych,EWK-104967203Y,6,2016-10-24,Nieokreślone (puste pole),21*06'344,51*16'519,744,Obszar zabudowany,Odcinek prosty,Droga wojewódzka,Jednojezdniowa dwukierunkowa,N,POWIAT RADOMSKI,WIERZBICA - OBSZAR WIEJSKI
1,0,1,2016,Pochmurno,Najechanie na pieszego,Pochmurno,"Świt, zmrok",Przejście dla pieszych,EWK-104988717G,16,2016-11-02,Lekko,19*41'370,52*32'351,P0244T,Obszar zabudowany,,Droga powiatowa,Jednokierunkowa,N,POWIAT PŁOCK,PŁOCK - OBSZAR MIEJSKI
1,0,0,2016,Pochmurno,Najechanie na pieszego,Pochmurno,"Świt, zmrok",Przejście dla pieszych,EWK-104988717G,16,2016-11-02,Nieokreślone (puste pole),19*41'370,52*32'351,P0244T,Obszar zabudowany,,Droga powiatowa,Jednokierunkowa,N,POWIAT PŁOCK,PŁOCK - OBSZAR MIEJSKI
1,0,1,2016,Pochmurno,Najechanie na pieszego,Pochmurno,"Świt, zmrok",Przejście dla pieszych,EWK-105118041R,5,2016-11-17,Ciężko,21*08'003,51*24'184,P5347W,Obszar zabudowany,Odcinek prosty,Droga powiatowa,Jednojezdniowa dwukierunkowa,N,POWIAT RADOM,RADOM - OBSZAR MIEJSKI
1,0,0,2016,Pochmurno,Najechanie na pieszego,Pochmurno,"Świt, zmrok",Przejście dla pieszych,EWK-105118041R,5,2016-11-17,Nieokreślone (puste pole),21*08'003,51*24'184,P5347W,Obszar zabudowany,Odcinek prosty,Droga powiatowa,Jednojezdniowa dwukierunkowa,N,POWIAT RADOM,RADOM - OBSZAR MIEJSKI
1,1,0,2016,Pochmurno,Najechanie na pieszego,Pochmurno,"Świt, zmrok",Przejście dla pieszych,EWK-105160552D,7,2016-12-10,Nieokreślone (puste pole),20*53'098,53*01'281,G320770W,Obszar zabudowany,,Droga gminna,Jednojezdniowa dwukierunkowa,N,POWIAT PRZASNYSKI,PRZASNYSZ - OBSZAR MIEJSKI
1,0,1,2016,Pochmurno,Najechanie na pieszego,Pochmurno,"Świt, zmrok",Przejście dla pieszych,EWK-105289242W,6,2016-12-18,Lekko,21*35'330,51*47'222,31345W,Obszar zabudowany,,Droga powiatowa,Jednojezdniowa dwukierunkowa,N,POWIAT GARWOLIŃSKI,ŁASKARZEW - OBSZAR MIEJSKI
1,0,0,2016,Pochmurno,Najechanie na pieszego,Pochmurno,"Świt, zmrok",Przejście dla pieszych,EWK-105289242W,6,2016-12-18,Nieokreślone (puste pole),21*35'330,51*47'222,31345W,Obszar zabudowany,,Droga powiatowa,Jednojezdniowa dwukierunkowa,N,POWIAT GARWOLIŃSKI,ŁASKARZEW - OBSZAR MIEJSKI
1,0,1,2016,Pochmurno,Najechanie na pieszego,Pochmurno,"Świt, zmrok",Przejście dla pieszych,EWK-105298993J,7,2016-12-21,Ciężko,19*37'378,52*34'521,559,Obszar zabudowany,Odcinek prosty,Droga wojewódzka,Jednojezdniowa dwukierunkowa,N,POWIAT PŁOCKI,STARA BIAŁA - OBSZAR WIEJSKI
1,0,0,2016,Pochmurno,Najechanie na pieszego,Pochmurno,"Świt, zmrok",Przejście dla pieszych,EWK-105298993J,7,2016-12-21,Nieokreślone (puste pole),19*37'378,52*34'521,559,Obszar zabudowany,Odcinek prosty,Droga wojewódzka,Jednojezdniowa dwukierunkowa,N,POWIAT PŁOCKI,STARA BIAŁA - OBSZAR WIEJSKI
1,0,1,2016,Pochmurno,Najechanie na pojazd unieruchomiony,Pochmurno,Noc - droga oświetlona,Jezdnia,EWK-105131541K,4,2016-11-27,Lekko,19*41'225,52*32'400,P0244T,Obszar zabudowany,"Zakręt, łuk",Droga powiatowa,Jednokierunkowa,N,POWIAT PŁOCK,PŁOCK - OBSZAR MIEJSKI
1,0,0,2016,Pochmurno,Najechanie na pojazd unieruchomiony,Pochmurno,Noc - droga oświetlona,Jezdnia,EWK-105131541K,4,2016-11-27,Nieokreślone (puste pole),19*41'225,52*32'400,P0244T,Obszar zabudowany,"Zakręt, łuk",Droga powiatowa,Jednokierunkowa,N,POWIAT PŁOCK,PŁOCK - OBSZAR MIEJSKI
1,0,1,2016,Pochmurno,Najechanie na pojazd unieruchomiony,Pochmurno,Noc - droga oświetlona,Pobocze,EWK-105168140N,17,2016-12-12,Lekko,19*39'409,52*28'095,GMINNA,Obszar zabudowany,Odcinek prosty,Droga gminna,Jednojezdniowa dwukierunkowa,N,POWIAT PŁOCKI,ŁĄCK - OBSZAR WIEJSKI
1,0,0,2016,Pochmurno,Najechanie na pojazd unieruchomiony,Pochmurno,Noc - droga oświetlona,Pobocze,EWK-105168140N,17,2016-12-12,Nieokreślone (puste pole),19*39'409,52*28'095,GMINNA,Obszar zabudowany,Odcinek prosty,Droga gminna,Jednojezdniowa dwukierunkowa,N,POWIAT PŁOCKI,ŁĄCK - OBSZAR WIEJSKI
1,0,1,2016,Pochmurno,Najechanie na pojazd unieruchomiony,Pochmurno,Światło dzienne,Jezdnia,EWK-105293848U,8,2016-12-20,Lekko,19*55'326,52*49'008,G370705W,Obszar zabudowany,Odcinek prosty,Droga gminna,Jednojezdniowa dwukierunkowa,N,POWIAT SIERPECKI,ZAWIDZ - OBSZAR WIEJSKI
1,0,1,2016,Pochmurno,"Najechanie na słup, znak",Pochmurno,Noc - droga oświetlona,Jezdnia,EWK-103806009A,20,2016-01-25,Lekko,21*09'279,51*25'578,G530119W,Obszar zabudowany,"Zakręt, łuk; Spadek",Droga gminna,Jednojezdniowa dwukierunkowa,N,POWIAT RADOM,RADOM - OBSZAR MIEJSKI
1,0,2,2016,Pochmurno,"Najechanie na słup, znak",Pochmurno,Noc - droga oświetlona,Jezdnia,EWK-104260424M,1,2016-05-03,Lekko,21*05'062,51*15'005,744,Obszar zabudowany,Odcinek prosty,Droga wojewódzka,Jednojezdniowa dwukierunkowa,N,POWIAT RADOMSKI,WIERZBICA - OBSZAR WIEJSKI
1,0,1,2016,Pochmurno,"Najechanie na słup, znak",Pochmurno,Noc - droga oświetlona,Jezdnia,EWK-104719237R,23,2016-08-05,Lekko,21*27'442,52*33'378,G440755W,Obszar zabudowany,,Droga gminna,Jednojezdniowa dwukierunkowa,N,POWIAT WYSZKOWSKI,WYSZKÓW - OBSZAR WIEJSKI
1,0,0,2016,Pochmurno,"Najechanie na słup, znak",Pochmurno,Noc - droga oświetlona,Jezdnia,EWK-104719237R,23,2016-08-05,Nieokreślone (puste pole),21*27'442,52*33'378,G440755W,Obszar zabudowany,,Droga gminna,Jednojezdniowa dwukierunkowa,N,POWIAT WYSZKOWSKI,WYSZKÓW - OBSZAR WIEJSKI
1,0,1,2016,Pochmurno,"Najechanie na słup, znak",Pochmurno,Noc - droga oświetlona,Jezdnia,EWK-105153572L,19,2016-12-06,Lekko,21*31'356,52*53'582,2572W,Obszar zabudowany,Odcinek prosty,Droga powiatowa,Jednojezdniowa dwukierunkowa,T,POWIAT OSTROŁĘCKI,GOWOROWO - OBSZAR WIEJSKI
1,0,1,2016,Pochmurno,"Najechanie na słup, znak",Pochmurno,Noc - droga oświetlona,Jezdnia,EWK-105298474H,1,2016-12-22,Ciężko,19*46'321,52*53'557,541,Obszar zabudowany,"Zakręt, łuk",Droga wojewódzka,Jednojezdniowa dwukierunkowa,N,POWIAT SIERPECKI,ROŚCISZEWO - OBSZAR WIEJSKI
1,0,0,2016,Pochmurno,"Najechanie na słup, znak",Pochmurno,Noc - droga oświetlona,Jezdnia,EWK-105298474H,1,2016-12-22,Nieokreślone (puste pole),19*46'321,52*53'557,541,Obszar zabudowany,"Zakręt, łuk",Droga wojewódzka,Jednojezdniowa dwukierunkowa,N,POWIAT SIERPECKI,ROŚCISZEWO - OBSZAR WIEJSKI
1,0,1,2016,Pochmurno,"Najechanie na słup, znak",Pochmurno,Noc - droga oświetlona,Jezdnia,EWK-105316690C,22,2016-12-30,Lekko,21*35'300,53*04'095,P5119W,Obszar zabudowany,Odcinek prosty,Droga powiatowa,Dwie jezdnie jednokierunkowe,N,POWIAT OSTROŁĘKA,OSTROŁĘKA - OBSZAR MIEJSKI
1,0,1,2016,Pochmurno,"Najechanie na słup, znak",Pochmurno,"Zmrok, świt",Jezdnia,EWK-104216081L,19,2016-04-14,Ciężko,21*27'232,52*36'021,G440744W,Obszar zabudowany,Odcinek prosty,Droga gminna,Jednojezdniowa dwukierunkowa,N,POWIAT WYSZKOWSKI,WYSZKÓW - OBSZAR MIEJSKI
1,0,1,2016,Pochmurno,"Najechanie na słup, znak",Pochmurno,Światło dzienne,"Chodnik, droga dla pieszych",EWK-104736036J,11,2016-08-03,Lekko,21*34'142,53*04'510,P5107W,Obszar zabudowany,Odcinek prosty,Droga powiatowa,Dwie jezdnie jednokierunkowe,N,POWIAT OSTROŁĘKA,OSTROŁĘKA - OBSZAR MIEJSKI
1,0,3,2016,Pochmurno,"Najechanie na słup, znak",Pochmurno,Światło dzienne,Jezdnia,EWK-103912953Q,9,2016-02-20,Ciężko,21*11'064,51*23'528,P3528W,Obszar zabudowany,Odcinek prosty,Droga powiatowa,Jednojezdniowa dwukierunkowa,N,POWIAT RADOM,RADOM - OBSZAR MIEJSKI
1,0,2,2016,Pochmurno,"Najechanie na słup, znak",Pochmurno,Światło dzienne,Jezdnia,EWK-104917890K,7,2016-10-15,Lekko,21*03'574,53*08'420,2514W,Obszar niezabudowany,Odcinek prosty,Droga powiatowa,Jednojezdniowa dwukierunkowa,N,POWIAT PRZASNYSKI,JEDNOROŻEC - OBSZAR WIEJSKI
1,0,1,2016,Pochmurno,"Najechanie na słup, znak",Pochmurno,Światło dzienne,Jezdnia,EWK-104920523T,15,2016-10-16,Lekko,21*01'548,51*20'336,7,Obszar niezabudowany,Odcinek prosty,Droga krajowa,Jednojezdniowa dwukierunkowa,N,POWIAT RADOMSKI,KOWALA - OBSZAR WIEJSKI
1,0,1,2016,Pochmurno,"Najechanie na słup, znak",Pochmurno,Światło dzienne,Jezdnia,EWK-104930801G,14,2016-10-21,Lekko,23*02'445,52*17'172,02109W,Obszar zabudowany,"Zakręt, łuk",Droga powiatowa,Jednojezdniowa dwukierunkowa,T,POWIAT ŁOSICKI,SARNAKI - OBSZAR WIEJSKI
1,0,1,2016,Pochmurno,"Najechanie na słup, znak",Pochmurno,Światło dzienne,Jezdnia,EWK-105289906M,12,2016-12-18,Lekko,21*09'464,51*25'297,9,Obszar zabudowany,,Droga krajowa,Dwie jezdnie jednokierunkowe,N,POWIAT RADOM,RADOM - OBSZAR MIEJSKI
1,0,0,2016,Pochmurno,"Najechanie na słup, znak",Pochmurno,Światło dzienne,Jezdnia,EWK-105289906M,12,2016-12-18,Nieokreślone (puste pole),21*09'464,51*25'297,9,Obszar zabudowany,,Droga krajowa,Dwie jezdnie jednokierunkowe,N,POWIAT RADOM,RADOM - OBSZAR MIEJSKI
1,0,1,2016,Pochmurno,Najechanie na zwierzę,Pochmurno,Noc - droga nieoświetlona,Jezdnia,EWK-105058966U,4,2016-11-14,Ciężko,19*36'441,52*57'329,P3705W,Obszar niezabudowany,"Zakręt, łuk",Droga powiatowa,Jednojezdniowa dwukierunkowa,N,POWIAT SIERPECKI,SZCZUTOWO - OBSZAR WIEJSKI
1,0,0,2016,Pochmurno,Najechanie na zwierzę,Pochmurno,Noc - droga nieoświetlona,Jezdnia,EWK-105058966U,4,2016-11-14,Nieokreślone (puste pole),19*36'441,52*57'329,P3705W,Obszar niezabudowany,"Zakręt, łuk",Droga powiatowa,Jednojezdniowa dwukierunkowa,N,POWIAT SIERPECKI,SZCZUTOWO - OBSZAR WIEJSKI
1,0,1,2016,Pochmurno,Najechanie na zwierzę,Pochmurno,Światło dzienne,Jezdnia,EWK-104620717H,0,2016-07-15,Lekko,21*31'424,53*03'128,61,Obszar niezabudowany,Odcinek prosty,Droga krajowa,Jednojezdniowa dwukierunkowa,N,POWIAT OSTROŁĘCKI,OLSZEWO-BORKI - OBSZAR WIEJSKI
1,0,0,2016,Pochmurno,Najechanie na zwierzę,Pochmurno,Światło dzienne,Jezdnia,EWK-104620717H,0,2016-07-15,Nieokreślone (puste pole),21*31'424,53*03'128,61,Obszar niezabudowany,Odcinek prosty,Droga krajowa,Jednojezdniowa dwukierunkowa,N,POWIAT OSTROŁĘCKI,OLSZEWO-BORKI - OBSZAR WIEJSKI
1,0,1,2016,Pochmurno,Najechanie na zwierzę,Pochmurno,Światło dzienne,Jezdnia,EWK-104673705F,5,2016-07-28,Ciężko,20*35'261,52*02'531,GMINNA,Obszar zabudowany,Odcinek prosty,Droga gminna,Jednojezdniowa dwukierunkowa,N,POWIAT ŻYRARDOWSKI,RADZIEJOWICE - OBSZAR WIEJSKI
1,0,1,2016,Pochmurno,Najechanie na zwierzę,Pochmurno,Światło dzienne,Jezdnia,EWK-104917430P,13,2016-10-15,Ciężko,19*51'074,52*19'476,P1441W,Obszar zabudowany,Odcinek prosty,Droga powiatowa,Jednojezdniowa dwukierunkowa,N,POWIAT GOSTYNIŃSKI,SANNIKI - OBSZAR WIEJSKI
1,0,1,2016,Pochmurno,Wywrócenie się pojazdu,Pochmurno,Noc - droga nieoświetlona,Jezdnia,EWK-104029054N,2,2016-03-12,Ciężko,22*08'444,52*36'590,P3902W,Obszar zabudowany,Odcinek prosty,Droga powiatowa,Jednojezdniowa dwukierunkowa,N,POWIAT SOKOŁOWSKI,KOSÓW LACKI - OBSZAR WIEJSKI
1,0,0,2016,Pochmurno,Wywrócenie się pojazdu,Pochmurno,Noc - droga nieoświetlona,Jezdnia,EWK-104029054N,2,2016-03-12,Nieokreślone (puste pole),22*08'444,52*36'590,P3902W,Obszar zabudowany,Odcinek prosty,Droga powiatowa,Jednojezdniowa dwukierunkowa,N,POWIAT SOKOŁOWSKI,KOSÓW LACKI - OBSZAR WIEJSKI
1,0,1,2016,Pochmurno,Wywrócenie się pojazdu,Pochmurno,Noc - droga nieoświetlona,Jezdnia,EWK-104710909A,2,2016-08-07,Ciężko,22*13'049,52*42'085,694,Obszar niezabudowany,"Zakręt, łuk",Droga wojewódzka,Jednojezdniowa dwukierunkowa,T,POWIAT OSTROWSKI,ZARĘBY KOŚCIELNE - OBSZAR WIEJSKI
1,0,0,2016,Pochmurno,Wywrócenie się pojazdu,Pochmurno,Noc - droga nieoświetlona,Jezdnia,EWK-104710909A,2,2016-08-07,Nieokreślone (puste pole),22*13'049,52*42'085,694,Obszar niezabudowany,"Zakręt, łuk",Droga wojewódzka,Jednojezdniowa dwukierunkowa,T,POWIAT OSTROWSKI,ZARĘBY KOŚCIELNE - OBSZAR WIEJSKI
1,0,2,2016,Pochmurno,Wywrócenie się pojazdu,Pochmurno,Noc - droga nieoświetlona,Jezdnia,EWK-105065073K,21,2016-11-07,Lekko,21*26'220,52*32'501,GMINNA,Obszar niezabudowany,"Zakręt, łuk",Droga gminna,Jednojezdniowa dwukierunkowa,N,POWIAT WYSZKOWSKI,WYSZKÓW - OBSZAR WIEJSKI
1,0,1,2016,Pochmurno,Wywrócenie się pojazdu,Pochmurno,Noc - droga nieoświetlona,"Skarpa, rów",EWK-104979721U,23,2016-10-29,Lekko,21*09'165,51*38'429,48,Obszar niezabudowany,"Zakręt, łuk",Droga krajowa,Jednojezdniowa dwukierunkowa,N,POWIAT BIAŁOBRZESKI,STROMIEC - OBSZAR WIEJSKI
1,0,0,2016,Pochmurno,Wywrócenie się pojazdu,Pochmurno,Noc - droga nieoświetlona,"Skarpa, rów",EWK-104979721U,23,2016-10-29,Nieokreślone (puste pole),21*09'165,51*38'429,48,Obszar niezabudowany,"Zakręt, łuk",Droga krajowa,Jednojezdniowa dwukierunkowa,N,POWIAT BIAŁOBRZESKI,STROMIEC - OBSZAR WIEJSKI
1,0,1,2016,Pochmurno,Wywrócenie się pojazdu,Pochmurno,Noc - droga nieoświetlona,"Skarpa, rów",EWK-105291094K,1,2016-12-19,Lekko,19*38'047,52*32'427,62,Obszar zabudowany,"Zakręt, łuk",Droga krajowa,Jednojezdniowa dwukierunkowa,T,POWIAT PŁOCKI,NOWY DUNINÓW - OBSZAR WIEJSKI
1,0,3,2016,Pochmurno,Wywrócenie się pojazdu,Pochmurno,Noc - droga oświetlona,Jezdnia,EWK-103795197H,17,2016-01-24,Ciężko,21*14'585,51*27'591,12,Obszar niezabudowany,Odcinek prosty,Droga krajowa,Jednojezdniowa dwukierunkowa,N,POWIAT RADOMSKI,GÓZD - OBSZAR WIEJSKI
1,0,1,2016,Pochmurno,Wywrócenie się pojazdu,Pochmurno,Światło dzienne,"Chodnik, droga dla pieszych",EWK-103949140U,16,2016-02-29,Lekko,19*27'027,52*25'567,G140159W,Obszar zabudowany,Odcinek prosty,Droga gminna,Jednojezdniowa dwukierunkowa,T,POWIAT GOSTYNIŃSKI,GOSTYNIN - OBSZAR MIEJSKI
1,0,1,2016,Pochmurno,Wywrócenie się pojazdu,Pochmurno,Światło dzienne,Jezdnia,EWK-103809570R,7,2016-01-29,Ciężko,21*33'193,53*08'396,2538W,Obszar niezabudowany,,Droga powiatowa,Jednojezdniowa dwukierunkowa,N,POWIAT OSTROŁĘCKI,LELIS - OBSZAR WIEJSKI