Liczba wypadków,Liczba zabitych,Liczba rannych,Rok,Warunki atmosferyczne,Rodzaj zdarzenia,Warunki atmosferyczne,Oświetlenie,Charakterystyka miejsca zdarzenia,IDKSIP zdarzenia,Godzina,Dzień,Ranny,GPS x,GPS y,Numer drogi,Obszar,Geometria drogi,Kategoria drogi 1,Rodzaj drogi,Czy w zdarzeniu był sprawca nietrzeźwy,Powiat,Gmina
1,0,0,2016,Pochmurno,Zderzenie pojazdów boczne,Pochmurno,Światło dzienne,Jezdnia,EWK-104979890L,10,2016-10-30,Nieokreślone (puste pole),19*22'489,52*27'194,265,Obszar niezabudowany,,Droga wojewódzka,Jednojezdniowa dwukierunkowa,N,POWIAT GOSTYNIŃSKI,GOSTYNIN - OBSZAR WIEJSKI
1,0,3,2016,Pochmurno,Zderzenie pojazdów boczne,Pochmurno,Światło dzienne,Jezdnia,EWK-104980043X,14,2016-10-30,Ciężko,20*17'462,51*57'204,719,Obszar niezabudowany,Odcinek prosty,Droga wojewódzka,Jednojezdniowa dwukierunkowa,T,POWIAT ŻYRARDOWSKI,PUSZCZA MARIAŃSKA - OBSZAR WIEJSKI
1,0,0,2016,Pochmurno,Zderzenie pojazdów boczne,Pochmurno,Światło dzienne,Jezdnia,EWK-104980043X,14,2016-10-30,Nieokreślone (puste pole),20*17'462,51*57'204,719,Obszar niezabudowany,Odcinek prosty,Droga wojewódzka,Jednojezdniowa dwukierunkowa,T,POWIAT ŻYRARDOWSKI,PUSZCZA MARIAŃSKA - OBSZAR WIEJSKI
1,0,1,2016,Pochmurno,Zderzenie pojazdów boczne,Pochmurno,Światło dzienne,Jezdnia,EWK-105118113K,10,2016-11-18,Lekko,20*41'475,52*20'196,GMINNA,Obszar zabudowany,,Droga gminna,Jednojezdniowa dwukierunkowa,N,POWIAT SOCHACZEWSKI,TERESIN - OBSZAR WIEJSKI
1,0,0,2016,Pochmurno,Zderzenie pojazdów boczne,Pochmurno,Światło dzienne,Jezdnia,EWK-105118113K,10,2016-11-18,Nieokreślone (puste pole),20*41'475,52*20'196,GMINNA,Obszar zabudowany,,Droga gminna,Jednojezdniowa dwukierunkowa,N,POWIAT SOCHACZEWSKI,TERESIN - OBSZAR WIEJSKI
1,1,0,2016,Pochmurno,Zderzenie pojazdów boczne,Pochmurno,Światło dzienne,Jezdnia,EWK-105141704M,12,2016-11-30,Nieokreślone (puste pole),20*54'447,53*00'234,57,Obszar niezabudowany,Odcinek prosty,Droga krajowa,Jednojezdniowa dwukierunkowa,N,POWIAT PRZASNYSKI,PRZASNYSZ - OBSZAR WIEJSKI
1,0,1,2016,Pochmurno,Zderzenie pojazdów boczne,Pochmurno,Światło dzienne,Jezdnia,EWK-105143322Y,9,2016-12-02,Ciężko,19*42'423,52*47'148,560,Obszar niezabudowany,Odcinek prosty,Droga wojewódzka,Jednojezdniowa dwukierunkowa,N,POWIAT SIERPECKI,SIERPC - OBSZAR WIEJSKI
1,0,0,2016,Pochmurno,Zderzenie pojazdów boczne,Pochmurno,Światło dzienne,Jezdnia,EWK-105143322Y,9,2016-12-02,Nieokreślone (puste pole),19*42'423,52*47'148,560,Obszar niezabudowany,Odcinek prosty,Droga wojewódzka,Jednojezdniowa dwukierunkowa,N,POWIAT SIERPECKI,SIERPC - OBSZAR WIEJSKI
1,0,2,2016,Pochmurno,Zderzenie pojazdów boczne,Pochmurno,Światło dzienne,Jezdnia,EWK-105143643J,14,2016-11-01,Lekko,21*42'490,51*45'190,807,Obszar zabudowany,,Droga wojewódzka,Jednojezdniowa dwukierunkowa,N,POWIAT GARWOLIŃSKI,SOBOLEW - OBSZAR WIEJSKI
1,0,0,2016,Pochmurno,Zderzenie pojazdów boczne,Pochmurno,Światło dzienne,Jezdnia,EWK-105143643J,14,2016-11-01,Nieokreślone (puste pole),21*42'490,51*45'190,807,Obszar zabudowany,,Droga wojewódzka,Jednojezdniowa dwukierunkowa,N,POWIAT GARWOLIŃSKI,SOBOLEW - OBSZAR WIEJSKI
1,0,1,2016,Pochmurno,Zderzenie pojazdów boczne,Pochmurno,Światło dzienne,Jezdnia,EWK-105145149Q,13,2016-12-02,Lekko,21*36'057,51*54'425,GMINNA,Obszar zabudowany,,Droga gminna,Jednojezdniowa dwukierunkowa,N,POWIAT GARWOLIŃSKI,GARWOLIN - OBSZAR MIEJSKI
1,0,0,2016,Pochmurno,Zderzenie pojazdów boczne,Pochmurno,Światło dzienne,Jezdnia,EWK-105145149Q,13,2016-12-02,Nieokreślone (puste pole),21*36'057,51*54'425,GMINNA,Obszar zabudowany,,Droga gminna,Jednojezdniowa dwukierunkowa,N,POWIAT GARWOLIŃSKI,GARWOLIN - OBSZAR MIEJSKI
1,0,1,2016,Pochmurno,Zderzenie pojazdów boczne,Pochmurno,Światło dzienne,Jezdnia,EWK-105290348A,12,2016-12-18,Lekko,21*09'485,51*25'254,,Obszar zabudowany,,Nieokreślone (puste pole),Dwie jezdnie jednokierunkowe,N,POWIAT RADOM,RADOM - OBSZAR MIEJSKI
1,0,0,2016,Pochmurno,Zderzenie pojazdów boczne,Pochmurno,Światło dzienne,Jezdnia,EWK-105290348A,12,2016-12-18,Nieokreślone (puste pole),21*09'485,51*25'254,,Obszar zabudowany,,Nieokreślone (puste pole),Dwie jezdnie jednokierunkowe,N,POWIAT RADOM,RADOM - OBSZAR MIEJSKI
1,0,1,2016,Pochmurno,Zderzenie pojazdów boczne,Pochmurno,Światło dzienne,Jezdnia,EWK-105303537X,10,2016-12-24,Ciężko,20*53'412,53*03'079,P3213W,Obszar niezabudowany,,Droga powiatowa,Jednojezdniowa dwukierunkowa,N,POWIAT PRZASNYSKI,PRZASNYSZ - OBSZAR WIEJSKI
1,0,0,2016,Pochmurno,Zderzenie pojazdów boczne,Pochmurno,Światło dzienne,Jezdnia,EWK-105303537X,10,2016-12-24,Nieokreślone (puste pole),20*53'412,53*03'079,P3213W,Obszar niezabudowany,,Droga powiatowa,Jednojezdniowa dwukierunkowa,N,POWIAT PRZASNYSKI,PRZASNYSZ - OBSZAR WIEJSKI
1,0,1,2016,Pochmurno,Zderzenie pojazdów boczne,Pochmurno,Światło dzienne,Przejazd kolejowy niestrzeżony,EWK-104913563L,14,2016-10-11,Ciężko,19*40'239,52*50'155,560,Obszar zabudowany,Odcinek prosty,Droga wojewódzka,Jednojezdniowa dwukierunkowa,N,POWIAT SIERPECKI,SIERPC - OBSZAR MIEJSKI
1,0,0,2016,Pochmurno,Zderzenie pojazdów boczne,Pochmurno,Światło dzienne,Przejazd kolejowy niestrzeżony,EWK-104913563L,14,2016-10-11,Nieokreślone (puste pole),19*40'239,52*50'155,560,Obszar zabudowany,Odcinek prosty,Droga wojewódzka,Jednojezdniowa dwukierunkowa,N,POWIAT SIERPECKI,SIERPC - OBSZAR MIEJSKI
1,1,0,2016,Pochmurno,Zderzenie pojazdów boczne,Pochmurno,Światło dzienne,Przejazd kolejowy niestrzeżony,EWK-105308614D,12,2016-12-27,Nieokreślone (puste pole),21*18'450,51*25'436,GMINNA,Obszar zabudowany,,Droga gminna,Jednojezdniowa dwukierunkowa,N,POWIAT RADOMSKI,JEDLNIA-LETNISKO - OBSZAR WIEJSKI
1,0,1,2016,Pochmurno,Zderzenie pojazdów boczne,Pochmurno,Światło dzienne,Przejście dla pieszych,EWK-104010280E,12,2016-03-10,Lekko,19*27'539,52*25'352,P1462W,Obszar zabudowany,,Droga powiatowa,Jednojezdniowa dwukierunkowa,N,POWIAT GOSTYNIŃSKI,GOSTYNIN - OBSZAR MIEJSKI
1,0,0,2016,Pochmurno,Zderzenie pojazdów boczne,Pochmurno,Światło dzienne,Przejście dla pieszych,EWK-104010280E,12,2016-03-10,Nieokreślone (puste pole),19*27'539,52*25'352,P1462W,Obszar zabudowany,,Droga powiatowa,Jednojezdniowa dwukierunkowa,N,POWIAT GOSTYNIŃSKI,GOSTYNIN - OBSZAR MIEJSKI
1,0,1,2016,Pochmurno,Zderzenie pojazdów boczne,Pochmurno,Światło dzienne,Przejście dla pieszych,EWK-104113890F,13,2016-03-08,Lekko,21*34'416,53*04'361,P5101W,Obszar zabudowany,Odcinek prosty,Droga powiatowa,Dwie jezdnie jednokierunkowe,N,POWIAT OSTROŁĘKA,OSTROŁĘKA - OBSZAR MIEJSKI
1,0,0,2016,Pochmurno,Zderzenie pojazdów boczne,Pochmurno,Światło dzienne,Przejście dla pieszych,EWK-104113890F,13,2016-03-08,Nieokreślone (puste pole),21*34'416,53*04'361,P5101W,Obszar zabudowany,Odcinek prosty,Droga powiatowa,Dwie jezdnie jednokierunkowe,N,POWIAT OSTROŁĘKA,OSTROŁĘKA - OBSZAR MIEJSKI
1,0,1,2016,Pochmurno,Zderzenie pojazdów boczne,Pochmurno,Światło dzienne,"Roboty drogowe, oznakowanie tymczasowe",EWK-103913769E,11,2016-02-20,Lekko,20*51'376,51*12'024,7,Obszar niezabudowany,"Zakręt, łuk",Droga krajowa,Jednojezdniowa dwukierunkowa,N,POWIAT SZYDŁOWIECKI,SZYDŁOWIEC - OBSZAR WIEJSKI
1,0,0,2016,Pochmurno,Zderzenie pojazdów boczne,Pochmurno,Światło dzienne,"Roboty drogowe, oznakowanie tymczasowe",EWK-103913769E,11,2016-02-20,Nieokreślone (puste pole),20*51'376,51*12'024,7,Obszar niezabudowany,"Zakręt, łuk",Droga krajowa,Jednojezdniowa dwukierunkowa,N,POWIAT SZYDŁOWIECKI,SZYDŁOWIEC - OBSZAR WIEJSKI
1,0,1,2016,Pochmurno,Zderzenie pojazdów boczne,Pochmurno,Światło dzienne,"Wjazd, wyjazd z posesji, pola",EWK-103744157D,14,2016-01-08,Lekko,21*07'586,51*27'120,G530194W,Obszar zabudowany,Odcinek prosty,Droga gminna,Jednojezdniowa dwukierunkowa,N,POWIAT RADOM,RADOM - OBSZAR MIEJSKI
1,0,0,2016,Pochmurno,Zderzenie pojazdów boczne,Pochmurno,Światło dzienne,"Wjazd, wyjazd z posesji, pola",EWK-103744157D,14,2016-01-08,Nieokreślone (puste pole),21*07'586,51*27'120,G530194W,Obszar zabudowany,Odcinek prosty,Droga gminna,Jednojezdniowa dwukierunkowa,N,POWIAT RADOM,RADOM - OBSZAR MIEJSKI
1,0,1,2016,Pochmurno,Zderzenie pojazdów boczne,Pochmurno,Światło dzienne,"Wjazd, wyjazd z posesji, pola",EWK-104896131H,16,2016-10-06,Lekko,19*43'586,52*32'471,GMINNA,Obszar zabudowany,Odcinek prosty,Droga gminna,Jednojezdniowa dwukierunkowa,N,POWIAT PŁOCK,PŁOCK - OBSZAR MIEJSKI
1,0,0,2016,Pochmurno,Zderzenie pojazdów boczne,Pochmurno,Światło dzienne,"Wjazd, wyjazd z posesji, pola",EWK-104896131H,16,2016-10-06,Nieokreślone (puste pole),19*43'586,52*32'471,GMINNA,Obszar zabudowany,Odcinek prosty,Droga gminna,Jednojezdniowa dwukierunkowa,N,POWIAT PŁOCK,PŁOCK - OBSZAR MIEJSKI
1,0,1,2016,Pochmurno,Zderzenie pojazdów boczne,Pochmurno,"Świt, zmrok",Jezdnia,EWK-104886086Q,5,2016-09-06,Lekko,21*33'636,51*57'263,805,Obszar zabudowany,Odcinek prosty,Droga wojewódzka,Jednojezdniowa dwukierunkowa,N,POWIAT GARWOLIŃSKI,PILAWA - OBSZAR WIEJSKI
1,0,0,2016,Pochmurno,Zderzenie pojazdów boczne,Pochmurno,"Świt, zmrok",Jezdnia,EWK-104886086Q,5,2016-09-06,Nieokreślone (puste pole),21*33'636,51*57'263,805,Obszar zabudowany,Odcinek prosty,Droga wojewódzka,Jednojezdniowa dwukierunkowa,N,POWIAT GARWOLIŃSKI,PILAWA - OBSZAR WIEJSKI
1,0,1,2016,Pochmurno,Zderzenie pojazdów boczne,Pochmurno,"Świt, zmrok",Jezdnia,EWK-104922236M,18,2016-10-19,Lekko,21*58'524,52*41'437,694,Obszar zabudowany,,Droga wojewódzka,Jednojezdniowa dwukierunkowa,N,POWIAT OSTROWSKI,MAŁKINIA GÓRNA - OBSZAR WIEJSKI
1,0,0,2016,Pochmurno,Zderzenie pojazdów boczne,Pochmurno,"Świt, zmrok",Jezdnia,EWK-104922236M,18,2016-10-19,Nieokreślone (puste pole),21*58'524,52*41'437,694,Obszar zabudowany,,Droga wojewódzka,Jednojezdniowa dwukierunkowa,N,POWIAT OSTROWSKI,MAŁKINIA GÓRNA - OBSZAR WIEJSKI
1,0,1,2016,Pochmurno,Zderzenie pojazdów boczne,Pochmurno,"Świt, zmrok",Jezdnia,EWK-105017848A,17,2016-10-10,Lekko,22*12'197,52*27'347,627,Obszar niezabudowany,,Droga wojewódzka,Jednojezdniowa dwukierunkowa,N,POWIAT SOKOŁOWSKI,SOKOŁÓW PODLASKI - OBSZAR WIEJSKI
1,0,0,2016,Pochmurno,Zderzenie pojazdów boczne,Pochmurno,"Świt, zmrok",Jezdnia,EWK-105017848A,17,2016-10-10,Nieokreślone (puste pole),22*12'197,52*27'347,627,Obszar niezabudowany,,Droga wojewódzka,Jednojezdniowa dwukierunkowa,N,POWIAT SOKOŁOWSKI,SOKOŁÓW PODLASKI - OBSZAR WIEJSKI
1,0,2,2016,Pochmurno,Zderzenie pojazdów boczne,Pochmurno,"Świt, zmrok",Jezdnia,EWK-105132555H,6,2016-11-28,Lekko,21*22'096,52*34'435,62,Obszar niezabudowany,,Droga krajowa,Jednojezdniowa dwukierunkowa,N,POWIAT WYSZKOWSKI,WYSZKÓW - OBSZAR WIEJSKI
1,0,0,2016,Pochmurno,Zderzenie pojazdów boczne,Pochmurno,"Świt, zmrok",Jezdnia,EWK-105132555H,6,2016-11-28,Nieokreślone (puste pole),21*22'096,52*34'435,62,Obszar niezabudowany,,Droga krajowa,Jednojezdniowa dwukierunkowa,N,POWIAT WYSZKOWSKI,WYSZKÓW - OBSZAR WIEJSKI
1,0,5,2016,Pochmurno,Zderzenie pojazdów czołowe,Pochmurno,Noc - droga nieoświetlona,Jezdnia,EWK-104001524Q,19,2016-03-07,Ciężko,21*17'301,52*51'080,61,Obszar niezabudowany,Odcinek prosty; Wzniesienie,Droga krajowa,Jednojezdniowa dwukierunkowa,N,POWIAT MAKOWSKI,RZEWNIE - OBSZAR WIEJSKI
1,0,1,2016,Pochmurno,Zderzenie pojazdów czołowe,Pochmurno,Noc - droga nieoświetlona,Jezdnia,EWK-104001524Q,19,2016-03-07,Lekko,21*17'301,52*51'080,61,Obszar niezabudowany,Odcinek prosty; Wzniesienie,Droga krajowa,Jednojezdniowa dwukierunkowa,N,POWIAT MAKOWSKI,RZEWNIE - OBSZAR WIEJSKI
1,0,1,2016,Pochmurno,Zderzenie pojazdów czołowe,Pochmurno,Noc - droga nieoświetlona,Jezdnia,EWK-104002359G,2,2016-03-02,Ciężko,20*32'558,51*58'476,K50B,Obszar niezabudowany,Odcinek prosty,Droga krajowa,Jednojezdniowa dwukierunkowa,N,POWIAT ŻYRARDOWSKI,MSZCZONÓW - OBSZAR MIEJSKI
1,0,0,2016,Pochmurno,Zderzenie pojazdów czołowe,Pochmurno,Noc - droga nieoświetlona,Jezdnia,EWK-104002359G,2,2016-03-02,Nieokreślone (puste pole),20*32'558,51*58'476,K50B,Obszar niezabudowany,Odcinek prosty,Droga krajowa,Jednojezdniowa dwukierunkowa,N,POWIAT ŻYRARDOWSKI,MSZCZONÓW - OBSZAR MIEJSKI
1,0,2,2016,Pochmurno,Zderzenie pojazdów czołowe,Pochmurno,Noc - droga nieoświetlona,Jezdnia,EWK-104550516C,22,2016-06-27,Lekko,21*40'529,52*41'114,694,Obszar niezabudowany,Odcinek prosty,Droga wojewódzka,Jednojezdniowa dwukierunkowa,N,POWIAT WYSZKOWSKI,BRAŃSZCZYK - OBSZAR WIEJSKI
1,0,2,2016,Pochmurno,Zderzenie pojazdów czołowe,Pochmurno,Noc - droga nieoświetlona,Jezdnia,EWK-104686601A,23,2016-07-29,Lekko,21*28'020,51*19'574,P4512W,Obszar zabudowany,Odcinek prosty,Droga powiatowa,Jednojezdniowa dwukierunkowa,T,POWIAT ZWOLEŃSKI,TCZÓW - OBSZAR WIEJSKI
1,0,1,2016,Pochmurno,Zderzenie pojazdów czołowe,Pochmurno,Noc - droga nieoświetlona,Jezdnia,EWK-104863140M,2,2016-09-21,Ciężko,19*41'342,52*51'088,10,Obszar zabudowany,Odcinek prosty,Droga krajowa,Jednojezdniowa dwukierunkowa,N,POWIAT SIERPECKI,SIERPC - OBSZAR MIEJSKI
1,2,0,2016,Pochmurno,Zderzenie pojazdów czołowe,Pochmurno,Noc - droga nieoświetlona,Jezdnia,EWK-104863140M,2,2016-09-21,Nieokreślone (puste pole),19*41'342,52*51'088,10,Obszar zabudowany,Odcinek prosty,Droga krajowa,Jednojezdniowa dwukierunkowa,N,POWIAT SIERPECKI,SIERPC - OBSZAR MIEJSKI
1,0,3,2016,Pochmurno,Zderzenie pojazdów czołowe,Pochmurno,Noc - droga nieoświetlona,Jezdnia,EWK-105147142G,20,2016-12-03,Lekko,20*58'520,52*55'396,P1238W,Obszar niezabudowany,Odcinek prosty,Droga powiatowa,Jednojezdniowa dwukierunkowa,N,POWIAT PRZASNYSKI,KRASNE - OBSZAR WIEJSKI
1,0,1,2016,Pochmurno,Zderzenie pojazdów czołowe,Pochmurno,Noc - droga oświetlona,Jezdnia,EWK-103879331T,21,2016-02-13,Lekko,20*19'465,52*59'511,7,Obszar zabudowany,"Zakręt, łuk",Droga krajowa,Jednojezdniowa dwukierunkowa,N,POWIAT MŁAWSKI,WIŚNIEWO - OBSZAR WIEJSKI
1,0,0,2016,Pochmurno,Zderzenie pojazdów czołowe,Pochmurno,Noc - droga oświetlona,Jezdnia,EWK-103879331T,21,2016-02-13,Nieokreślone (puste pole),20*19'465,52*59'511,7,Obszar zabudowany,"Zakręt, łuk",Droga krajowa,Jednojezdniowa dwukierunkowa,N,POWIAT MŁAWSKI,WIŚNIEWO - OBSZAR WIEJSKI
1,0,1,2016,Pochmurno,Zderzenie pojazdów czołowe,Pochmurno,Noc - droga oświetlona,Jezdnia,EWK-104874346N,19,2016-09-23,Lekko,22*10'412,52*02'163,,Obszar zabudowany,Odcinek prosty,Nieokreślone (puste pole),Jednojezdniowa dwukierunkowa,N,POWIAT SIEDLECKI,DOMANICE - OBSZAR WIEJSKI
1,0,0,2016,Pochmurno,Zderzenie pojazdów czołowe,Pochmurno,Noc - droga oświetlona,Jezdnia,EWK-104874346N,19,2016-09-23,Nieokreślone (puste pole),22*10'412,52*02'163,,Obszar zabudowany,Odcinek prosty,Nieokreślone (puste pole),Jednojezdniowa dwukierunkowa,N,POWIAT SIEDLECKI,DOMANICE - OBSZAR WIEJSKI
1,0,1,2016,Pochmurno,Zderzenie pojazdów czołowe,Pochmurno,Noc - droga oświetlona,Jezdnia,EWK-104888473F,0,2016-10-01,Lekko,19*42'213,52*32'320,P,Obszar zabudowany,"Zakręt, łuk",Droga powiatowa,Jednojezdniowa dwukierunkowa,N,POWIAT PŁOCK,PŁOCK - OBSZAR MIEJSKI
1,0,0,2016,Pochmurno,Zderzenie pojazdów czołowe,Pochmurno,Noc - droga oświetlona,Jezdnia,EWK-104888473F,0,2016-10-01,Nieokreślone (puste pole),19*42'213,52*32'320,P,Obszar zabudowany,"Zakręt, łuk",Droga powiatowa,Jednojezdniowa dwukierunkowa,N,POWIAT PŁOCK,PŁOCK - OBSZAR MIEJSKI
1,0,1,2016,Pochmurno,Zderzenie pojazdów czołowe,Pochmurno,Noc - droga oświetlona,Jezdnia,EWK-105090497X,18,2016-11-17,Ciężko,21*10'124,51*25'035,G530115W,Obszar zabudowany,Odcinek prosty,Droga gminna,Jednojezdniowa dwukierunkowa,N,POWIAT RADOM,RADOM - OBSZAR MIEJSKI
1,0,0,2016,Pochmurno,Zderzenie pojazdów czołowe,Pochmurno,Noc - droga oświetlona,Jezdnia,EWK-105090497X,18,2016-11-17,Nieokreślone (puste pole),21*10'124,51*25'035,G530115W,Obszar zabudowany,Odcinek prosty,Droga gminna,Jednojezdniowa dwukierunkowa,N,POWIAT RADOM,RADOM - OBSZAR MIEJSKI
1,0,2,2016,Pochmurno,Zderzenie pojazdów czołowe,Pochmurno,Noc - droga oświetlona,Jezdnia,EWK-105150474P,19,2016-12-05,Lekko,21*08'186,51*21'046,P3535W,Obszar zabudowany,Odcinek prosty,Droga powiatowa,Jednojezdniowa dwukierunkowa,N,POWIAT RADOMSKI,KOWALA - OBSZAR WIEJSKI
1,0,1,2016,Pochmurno,Zderzenie pojazdów czołowe,Pochmurno,Noc - droga oświetlona,Jezdnia,EWK-105154170T,19,2016-12-07,Lekko,21*06'073,52*51'534,60,Obszar zabudowany,Odcinek prosty,Droga krajowa,Jednojezdniowa dwukierunkowa,N,POWIAT MAKOWSKI,MAKÓW MAZOWIECKI - OBSZAR MIEJSKI
1,0,0,2016,Pochmurno,Zderzenie pojazdów czołowe,Pochmurno,Noc - droga oświetlona,Jezdnia,EWK-105154170T,19,2016-12-07,Nieokreślone (puste pole),21*06'073,52*51'534,60,Obszar zabudowany,Odcinek prosty,Droga krajowa,Jednojezdniowa dwukierunkowa,N,POWIAT MAKOWSKI,MAKÓW MAZOWIECKI - OBSZAR MIEJSKI
1,0,2,2016,Pochmurno,Zderzenie pojazdów czołowe,Pochmurno,Światło dzienne,Jezdnia,EWK-103733349W,15,2016-01-08,Lekko,20*33'551,51*27'392,34335W,Obszar niezabudowany,Odcinek prosty,Droga powiatowa,Jednojezdniowa dwukierunkowa,N,POWIAT PRZYSUSKI,RUSINÓW - OBSZAR WIEJSKI
1,0,1,2016,Pochmurno,Zderzenie pojazdów czołowe,Pochmurno,Światło dzienne,Jezdnia,EWK-103738181F,15,2016-01-11,Lekko,21*02'010,52*42'160,P3403W,Obszar niezabudowany,,Droga powiatowa,Jednojezdniowa dwukierunkowa,T,POWIAT PUŁTUSKI,PUŁTUSK - OBSZAR WIEJSKI
1,0,0,2016,Pochmurno,Zderzenie pojazdów czołowe,Pochmurno,Światło dzienne,Jezdnia,EWK-103738181F,15,2016-01-11,Nieokreślone (puste pole),21*02'010,52*42'160,P3403W,Obszar niezabudowany,,Droga powiatowa,Jednojezdniowa dwukierunkowa,T,POWIAT PUŁTUSKI,PUŁTUSK - OBSZAR WIEJSKI
1,0,1,2016,Pochmurno,Zderzenie pojazdów czołowe,Pochmurno,Światło dzienne,Jezdnia,EWK-103744129P,14,2016-01-08,Lekko,21*39'154,52*41'261,694,Obszar niezabudowany,Odcinek prosty,Droga wojewódzka,Jednojezdniowa dwukierunkowa,N,POWIAT WYSZKOWSKI,BRAŃSZCZYK - OBSZAR WIEJSKI
1,0,0,2016,Pochmurno,Zderzenie pojazdów czołowe,Pochmurno,Światło dzienne,Jezdnia,EWK-103744129P,14,2016-01-08,Nieokreślone (puste pole),21*39'154,52*41'261,694,Obszar niezabudowany,Odcinek prosty,Droga wojewódzka,Jednojezdniowa dwukierunkowa,N,POWIAT WYSZKOWSKI,BRAŃSZCZYK - OBSZAR WIEJSKI
1,0,2,2016,Pochmurno,Zderzenie pojazdów czołowe,Pochmurno,Światło dzienne,Jezdnia,EWK-104071428Q,15,2016-03-21,Lekko,21*11'030,51*18'340,P3540W,Obszar zabudowany,,Droga powiatowa,Jednojezdniowa dwukierunkowa,N,POWIAT RADOMSKI,SKARYSZEW - OBSZAR WIEJSKI
1,0,1,2016,Pochmurno,Zderzenie pojazdów czołowe,Pochmurno,Światło dzienne,Jezdnia,EWK-104169379T,15,2016-04-11,Ciężko,21*14'476,51*13'314,9,Obszar zabudowany,Odcinek prosty,Droga krajowa,Jednojezdniowa dwukierunkowa,N,POWIAT RADOMSKI,IŁŻA - OBSZAR WIEJSKI
1,0,1,2016,Pochmurno,Zderzenie pojazdów czołowe,Pochmurno,Światło dzienne,Jezdnia,EWK-104169379T,15,2016-04-11,Lekko,21*14'476,51*13'314,9,Obszar zabudowany,Odcinek prosty,Droga krajowa,Jednojezdniowa dwukierunkowa,N,POWIAT RADOMSKI,IŁŻA - OBSZAR WIEJSKI
1,1,0,2016,Pochmurno,Zderzenie pojazdów czołowe,Pochmurno,Światło dzienne,Jezdnia,EWK-104169924Y,5,2016-04-12,Nieokreślone (puste pole),21*07'406,51*19'115,P3540W,Obszar zabudowany,Odcinek prosty,Droga powiatowa,Jednojezdniowa dwukierunkowa,N,POWIAT RADOMSKI,KOWALA - OBSZAR WIEJSKI
1,1,0,2016,Pochmurno,Zderzenie pojazdów czołowe,Pochmurno,Światło dzienne,Jezdnia,EWK-104193922N,6,2016-04-18,Nieokreślone (puste pole),21*04'102,51*54'432,K50CH,Obszar niezabudowany,"Zakręt, łuk",Droga krajowa,Jednojezdniowa dwukierunkowa,N,POWIAT GRÓJECKI,CHYNÓW - OBSZAR WIEJSKI
1,0,5,2016,Pochmurno,Zderzenie pojazdów czołowe,Pochmurno,Światło dzienne,Jezdnia,EWK-104276194F,9,2016-05-01,Lekko,21*39'536,52*41'584,8,Obszar niezabudowany,Odcinek prosty,Droga krajowa,Jednojezdniowa dwukierunkowa,N,POWIAT WYSZKOWSKI,BRAŃSZCZYK - OBSZAR WIEJSKI
1,0,0,2016,Pochmurno,Zderzenie pojazdów czołowe,Pochmurno,Światło dzienne,Jezdnia,EWK-104276194F,9,2016-05-01,Nieokreślone (puste pole),21*39'536,52*41'584,8,Obszar niezabudowany,Odcinek prosty,Droga krajowa,Jednojezdniowa dwukierunkowa,N,POWIAT WYSZKOWSKI,BRAŃSZCZYK - OBSZAR WIEJSKI
1,0,1,2016,Pochmurno,Zderzenie pojazdów czołowe,Pochmurno,Światło dzienne,Jezdnia,EWK-104412737T,17,2016-06-01,Ciężko,21*38'183,51*21'453,12,Obszar niezabudowany,Odcinek prosty,Droga krajowa,Jednojezdniowa dwukierunkowa,N,POWIAT ZWOLEŃSKI,ZWOLEŃ - OBSZAR WIEJSKI
1,0,0,2016,Pochmurno,Zderzenie pojazdów czołowe,Pochmurno,Światło dzienne,Jezdnia,EWK-104412737T,17,2016-06-01,Nieokreślone (puste pole),21*38'183,51*21'453,12,Obszar niezabudowany,Odcinek prosty,Droga krajowa,Jednojezdniowa dwukierunkowa,N,POWIAT ZWOLEŃSKI,ZWOLEŃ - OBSZAR WIEJSKI
1,0,1,2016,Pochmurno,Zderzenie pojazdów czołowe,Pochmurno,Światło dzienne,Jezdnia,EWK-104607747G,16,2016-07-12,Lekko,21*33'273,51*32'365,79,Obszar niezabudowany,"Zakręt, łuk",Droga krajowa,Jednojezdniowa dwukierunkowa,N,POWIAT KOZIENICKI,KOZIENICE - OBSZAR WIEJSKI
1,0,0,2016,Pochmurno,Zderzenie pojazdów czołowe,Pochmurno,Światło dzienne,Jezdnia,EWK-104607747G,16,2016-07-12,Nieokreślone (puste pole),21*33'273,51*32'365,79,Obszar niezabudowany,"Zakręt, łuk",Droga krajowa,Jednojezdniowa dwukierunkowa,N,POWIAT KOZIENICKI,KOZIENICE - OBSZAR WIEJSKI
1,2,0,2016,Pochmurno,Zderzenie pojazdów czołowe,Pochmurno,Światło dzienne,Jezdnia,EWK-104629656W,11,2016-07-14,Nieokreślone (puste pole),21*38'408,51*08'552,79,Obszar niezabudowany,Odcinek prosty,Droga krajowa,Jednojezdniowa dwukierunkowa,N,POWIAT LIPSKI,LIPSKO - OBSZAR WIEJSKI
1,0,1,2016,Pochmurno,Zderzenie pojazdów czołowe,Pochmurno,Światło dzienne,Jezdnia,EWK-104809013P,5,2016-08-22,Lekko,21*46'316,51*43'140,31358W,Obszar zabudowany,"Zakręt, łuk",Droga powiatowa,Jednojezdniowa dwukierunkowa,N,POWIAT GARWOLIŃSKI,TROJANÓW - OBSZAR WIEJSKI
1,0,0,2016,Pochmurno,Zderzenie pojazdów czołowe,Pochmurno,Światło dzienne,Jezdnia,EWK-104809013P,5,2016-08-22,Nieokreślone (puste pole),21*46'316,51*43'140,31358W,Obszar zabudowany,"Zakręt, łuk",Droga powiatowa,Jednojezdniowa dwukierunkowa,N,POWIAT GARWOLIŃSKI,TROJANÓW - OBSZAR WIEJSKI
1,0,1,2016,Pochmurno,Zderzenie pojazdów czołowe,Pochmurno,Światło dzienne,Jezdnia,EWK-104887056Y,6,2016-10-01,Ciężko,20*41'228,51*48'218,725,Obszar niezabudowany,"Zakręt, łuk",Droga wojewódzka,Jednojezdniowa dwukierunkowa,N,POWIAT GRÓJECKI,BŁĘDÓW - OBSZAR WIEJSKI