Liczba wypadków,Liczba zabitych,Liczba rannych,Rok,Warunki atmosferyczne,Rodzaj zdarzenia,Warunki atmosferyczne,Oświetlenie,Charakterystyka miejsca zdarzenia,IDKSIP zdarzenia,Godzina,Dzień,Ranny,GPS x,GPS y,Numer drogi,Obszar,Geometria drogi,Kategoria drogi 1,Rodzaj drogi,Czy w zdarzeniu był sprawca nietrzeźwy,Powiat,Gmina
1,0,0,2016,Pochmurno; Opady deszczu,Inne,Pochmurno; Opady deszczu,Światło dzienne,Jezdnia,EWK-104537239H,17,2016-06-26,Nieokreślone (puste pole),21*22'399,52*36'539,618,Obszar niezabudowany,Odcinek prosty,Droga wojewódzka,Jednojezdniowa dwukierunkowa,N,POWIAT WYSZKOWSKI,WYSZKÓW - OBSZAR WIEJSKI
1,0,1,2016,Pochmurno; Opady deszczu,Inne,Pochmurno; Opady deszczu,Światło dzienne,Jezdnia,EWK-104620282Q,16,2016-07-14,Lekko,21*44'400,52*57'384,627,Obszar zabudowany,Odcinek prosty,Droga wojewódzka,Jednojezdniowa dwukierunkowa,N,POWIAT OSTROŁĘCKI,CZERWIN - OBSZAR WIEJSKI
1,0,0,2016,Pochmurno; Opady deszczu,Inne,Pochmurno; Opady deszczu,Światło dzienne,Jezdnia,EWK-104620282Q,16,2016-07-14,Nieokreślone (puste pole),21*44'400,52*57'384,627,Obszar zabudowany,Odcinek prosty,Droga wojewódzka,Jednojezdniowa dwukierunkowa,N,POWIAT OSTROŁĘCKI,CZERWIN - OBSZAR WIEJSKI
1,0,1,2016,Pochmurno; Opady deszczu,Inne,Pochmurno; Opady deszczu,Światło dzienne,"Skarpa, rów",EWK-104733258M,17,2016-08-10,Lekko,19*47'362,52*35'551,60,Obszar niezabudowany,"Zakręt, łuk",Droga krajowa,Jednojezdniowa dwukierunkowa,N,POWIAT PŁOCKI,BIELSK - OBSZAR WIEJSKI
1,0,0,2016,Pochmurno; Opady deszczu,Inne,Pochmurno; Opady deszczu,Światło dzienne,"Skarpa, rów",EWK-104733258M,17,2016-08-10,Nieokreślone (puste pole),19*47'362,52*35'551,60,Obszar niezabudowany,"Zakręt, łuk",Droga krajowa,Jednojezdniowa dwukierunkowa,N,POWIAT PŁOCKI,BIELSK - OBSZAR WIEJSKI
1,0,1,2016,Pochmurno; Opady deszczu,Najechanie na drzewo,Pochmurno; Opady deszczu,Noc - droga nieoświetlona,Jezdnia,EWK-104861654M,21,2016-09-20,Ciężko,20*17'205,52*52'315,7,Obszar niezabudowany,Odcinek prosty,Droga krajowa,Jednojezdniowa dwukierunkowa,N,POWIAT MŁAWSKI,STRZEGOWO - OBSZAR WIEJSKI
1,0,0,2016,Pochmurno; Opady deszczu,Najechanie na drzewo,Pochmurno; Opady deszczu,Noc - droga nieoświetlona,Jezdnia,EWK-104861654M,21,2016-09-20,Nieokreślone (puste pole),20*17'205,52*52'315,7,Obszar niezabudowany,Odcinek prosty,Droga krajowa,Jednojezdniowa dwukierunkowa,N,POWIAT MŁAWSKI,STRZEGOWO - OBSZAR WIEJSKI
1,0,2,2016,Pochmurno; Opady deszczu,Najechanie na drzewo,Pochmurno; Opady deszczu,Noc - droga nieoświetlona,Jezdnia,EWK-104900151Q,0,2016-10-08,Lekko,20*16'220,53*01'548,G231011W,Obszar niezabudowany,Odcinek prosty,Droga gminna,Jednojezdniowa dwukierunkowa,N,POWIAT MŁAWSKI,WIŚNIEWO - OBSZAR WIEJSKI
1,1,0,2016,Pochmurno; Opady deszczu,Najechanie na drzewo,Pochmurno; Opady deszczu,Noc - droga nieoświetlona,Jezdnia,EWK-105116458Q,2,2016-11-20,Nieokreślone (puste pole),21*25'356,53*26'561,2504W,Obszar niezabudowany,"Zakręt, łuk",Droga powiatowa,Jednojezdniowa dwukierunkowa,N,POWIAT OSTROŁĘCKI,MYSZYNIEC - OBSZAR WIEJSKI
1,1,0,2016,Pochmurno; Opady deszczu,Najechanie na drzewo,Pochmurno; Opady deszczu,Noc - droga nieoświetlona,Pobocze,EWK-104935201M,6,2016-10-25,Nieokreślone (puste pole),20*31'537,52*57'248,G120811W,Obszar niezabudowany,"Zakręt, łuk",Droga gminna,Jednojezdniowa dwukierunkowa,N,POWIAT CIECHANOWSKI,REGIMIN - OBSZAR WIEJSKI
1,0,1,2016,Pochmurno; Opady deszczu,Najechanie na drzewo,Pochmurno; Opady deszczu,Światło dzienne,Jezdnia,EWK-104315859W,13,2016-05-17,Lekko,21*03'025,53*18'158,614,Obszar niezabudowany,Odcinek prosty,Droga wojewódzka,Jednojezdniowa dwukierunkowa,N,POWIAT PRZASNYSKI,CHORZELE - OBSZAR WIEJSKI
1,0,1,2016,Pochmurno; Opady deszczu,Najechanie na drzewo,Pochmurno; Opady deszczu,Światło dzienne,Jezdnia,EWK-104565203R,10,2016-07-03,Lekko,22*02'400,52*47'054,P2655W,Obszar niezabudowany,Odcinek prosty,Droga powiatowa,Jednojezdniowa dwukierunkowa,N,POWIAT OSTROWSKI,OSTRÓW MAZOWIECKA - OBSZAR WIEJSKI
1,0,0,2016,Pochmurno; Opady deszczu,Najechanie na drzewo,Pochmurno; Opady deszczu,Światło dzienne,Jezdnia,EWK-104565203R,10,2016-07-03,Nieokreślone (puste pole),22*02'400,52*47'054,P2655W,Obszar niezabudowany,Odcinek prosty,Droga powiatowa,Jednojezdniowa dwukierunkowa,N,POWIAT OSTROWSKI,OSTRÓW MAZOWIECKA - OBSZAR WIEJSKI
1,0,3,2016,Pochmurno; Opady deszczu,Najechanie na drzewo,Pochmurno; Opady deszczu,Światło dzienne,Jezdnia,EWK-104669337T,17,2016-07-26,Ciężko,21*13'139,51*06'458,9,Obszar niezabudowany,Odcinek prosty,Droga krajowa,Jednojezdniowa dwukierunkowa,N,POWIAT RADOMSKI,IŁŻA - OBSZAR WIEJSKI
1,0,2,2016,Pochmurno; Opady deszczu,Najechanie na drzewo,Pochmurno; Opady deszczu,Światło dzienne,Jezdnia,EWK-104669337T,17,2016-07-26,Lekko,21*13'139,51*06'458,9,Obszar niezabudowany,Odcinek prosty,Droga krajowa,Jednojezdniowa dwukierunkowa,N,POWIAT RADOMSKI,IŁŻA - OBSZAR WIEJSKI
1,0,2,2016,Pochmurno; Opady deszczu,Najechanie na drzewo,Pochmurno; Opady deszczu,Światło dzienne,Jezdnia,EWK-104932389U,7,2016-10-24,Lekko,21*46'056,52*33'039,P4204W,Obszar zabudowany,"Zakręt, łuk",Droga powiatowa,Jednojezdniowa dwukierunkowa,N,POWIAT WĘGROWSKI,ŁOCHÓW - OBSZAR WIEJSKI
1,0,1,2016,Pochmurno; Opady deszczu,Najechanie na drzewo,Pochmurno; Opady deszczu,Światło dzienne,Jezdnia,EWK-104986508Y,12,2016-11-01,Ciężko,21*12'405,53*07'528,3227W,Obszar niezabudowany,Odcinek prosty,Droga powiatowa,Jednojezdniowa dwukierunkowa,N,POWIAT OSTROŁĘCKI,BARANOWO - OBSZAR WIEJSKI
1,0,0,2016,Pochmurno; Opady deszczu,Najechanie na drzewo,Pochmurno; Opady deszczu,Światło dzienne,Jezdnia,EWK-104986508Y,12,2016-11-01,Nieokreślone (puste pole),21*12'405,53*07'528,3227W,Obszar niezabudowany,Odcinek prosty,Droga powiatowa,Jednojezdniowa dwukierunkowa,N,POWIAT OSTROŁĘCKI,BARANOWO - OBSZAR WIEJSKI
1,0,1,2016,Pochmurno; Opady deszczu,Najechanie na drzewo,Pochmurno; Opady deszczu,Światło dzienne,Pobocze,EWK-104576615L,18,2016-07-06,Lekko,19*48'070,52*36'265,P2911W,Obszar niezabudowany,Odcinek prosty,Droga powiatowa,Jednojezdniowa dwukierunkowa,N,POWIAT PŁOCKI,BIELSK - OBSZAR WIEJSKI
1,0,1,2016,Pochmurno; Opady deszczu,Najechanie na drzewo,Pochmurno; Opady deszczu,Światło dzienne,"Skarpa, rów",EWK-103927979U,9,2016-02-21,Lekko,22*13'102,52*38'446,P3903W,Obszar zabudowany,Odcinek prosty,Droga powiatowa,Jednojezdniowa dwukierunkowa,N,POWIAT SOKOŁOWSKI,CERANÓW - OBSZAR WIEJSKI
1,0,1,2016,Pochmurno; Opady deszczu,Najechanie na drzewo,Pochmurno; Opady deszczu,Światło dzienne,"Skarpa, rów",EWK-104605415D,17,2016-07-14,Lekko,19*32'231,52*34'449,562,Obszar niezabudowany,Odcinek prosty,Droga wojewódzka,Jednojezdniowa dwukierunkowa,N,POWIAT PŁOCKI,BRUDZEŃ DUŻY - OBSZAR WIEJSKI
1,0,1,2016,Pochmurno; Opady deszczu,Najechanie na drzewo,Pochmurno; Opady deszczu,Światło dzienne,"Skarpa, rów",EWK-104607513Y,16,2016-07-14,Lekko,20*54'417,53*18'282,57,Obszar niezabudowany,Odcinek prosty,Droga krajowa,Jednojezdniowa dwukierunkowa,N,POWIAT PRZASNYSKI,CHORZELE - OBSZAR WIEJSKI
1,0,0,2016,Pochmurno; Opady deszczu,Najechanie na drzewo,Pochmurno; Opady deszczu,Światło dzienne,"Skarpa, rów",EWK-104607513Y,16,2016-07-14,Nieokreślone (puste pole),20*54'417,53*18'282,57,Obszar niezabudowany,Odcinek prosty,Droga krajowa,Jednojezdniowa dwukierunkowa,N,POWIAT PRZASNYSKI,CHORZELE - OBSZAR WIEJSKI
1,0,1,2016,Pochmurno; Opady deszczu,Najechanie na pieszego,Pochmurno; Opady deszczu,Noc - droga nieoświetlona,Jezdnia,EWK-104927051L,5,2016-10-20,Lekko,21*08'009,51*29'187,P3509W,Obszar zabudowany,Odcinek prosty,Droga powiatowa,Jednojezdniowa dwukierunkowa,N,POWIAT RADOMSKI,JEDLIŃSK - OBSZAR WIEJSKI
1,0,0,2016,Pochmurno; Opady deszczu,Najechanie na pieszego,Pochmurno; Opady deszczu,Noc - droga nieoświetlona,Jezdnia,EWK-104927051L,5,2016-10-20,Nieokreślone (puste pole),21*08'009,51*29'187,P3509W,Obszar zabudowany,Odcinek prosty,Droga powiatowa,Jednojezdniowa dwukierunkowa,N,POWIAT RADOMSKI,JEDLIŃSK - OBSZAR WIEJSKI
1,0,1,2016,Pochmurno; Opady deszczu,Najechanie na pieszego,Pochmurno; Opady deszczu,Noc - droga nieoświetlona,Jezdnia,EWK-105021584P,17,2016-11-07,Lekko,21*01'191,51*23'217,12,Obszar zabudowany,Odcinek prosty,Droga krajowa,Jednojezdniowa dwukierunkowa,N,POWIAT RADOMSKI,WOLANÓW - OBSZAR WIEJSKI
1,0,0,2016,Pochmurno; Opady deszczu,Najechanie na pieszego,Pochmurno; Opady deszczu,Noc - droga nieoświetlona,Jezdnia,EWK-105021584P,17,2016-11-07,Nieokreślone (puste pole),21*01'191,51*23'217,12,Obszar zabudowany,Odcinek prosty,Droga krajowa,Jednojezdniowa dwukierunkowa,N,POWIAT RADOMSKI,WOLANÓW - OBSZAR WIEJSKI
1,0,1,2016,Pochmurno; Opady deszczu,Najechanie na pieszego,Pochmurno; Opady deszczu,Noc - droga nieoświetlona,Przejście dla pieszych,EWK-104986283A,17,2016-11-01,Lekko,22*02'072,52*41'503,P2635W,Obszar zabudowany,Odcinek prosty,Droga powiatowa,Jednojezdniowa dwukierunkowa,N,POWIAT OSTROWSKI,MAŁKINIA GÓRNA - OBSZAR WIEJSKI
1,0,0,2016,Pochmurno; Opady deszczu,Najechanie na pieszego,Pochmurno; Opady deszczu,Noc - droga nieoświetlona,Przejście dla pieszych,EWK-104986283A,17,2016-11-01,Nieokreślone (puste pole),22*02'072,52*41'503,P2635W,Obszar zabudowany,Odcinek prosty,Droga powiatowa,Jednojezdniowa dwukierunkowa,N,POWIAT OSTROWSKI,MAŁKINIA GÓRNA - OBSZAR WIEJSKI
1,0,1,2016,Pochmurno; Opady deszczu,Najechanie na pieszego,Pochmurno; Opady deszczu,Noc - droga oświetlona,Jezdnia,EWK-103878850K,16,2016-02-13,Lekko,22*00'566,52*24'005,GMINNA,Obszar zabudowany,Odcinek prosty,Droga gminna,Jednojezdniowa dwukierunkowa,T,POWIAT WĘGROWSKI,WĘGRÓW - OBSZAR MIEJSKI
1,0,0,2016,Pochmurno; Opady deszczu,Najechanie na pieszego,Pochmurno; Opady deszczu,Noc - droga oświetlona,Jezdnia,EWK-103878850K,16,2016-02-13,Nieokreślone (puste pole),22*00'566,52*24'005,GMINNA,Obszar zabudowany,Odcinek prosty,Droga gminna,Jednojezdniowa dwukierunkowa,T,POWIAT WĘGROWSKI,WĘGRÓW - OBSZAR MIEJSKI
1,0,1,2016,Pochmurno; Opady deszczu,Najechanie na pieszego,Pochmurno; Opady deszczu,Noc - droga oświetlona,Jezdnia,EWK-105117285U,19,2016-11-19,Lekko,19*43'196,52*28'357,GMINNA,Obszar zabudowany,Odcinek prosty,Droga gminna,Jednojezdniowa dwukierunkowa,N,POWIAT PŁOCKI,GĄBIN - OBSZAR WIEJSKI
1,0,0,2016,Pochmurno; Opady deszczu,Najechanie na pieszego,Pochmurno; Opady deszczu,Noc - droga oświetlona,Jezdnia,EWK-105117285U,19,2016-11-19,Nieokreślone (puste pole),19*43'196,52*28'357,GMINNA,Obszar zabudowany,Odcinek prosty,Droga gminna,Jednojezdniowa dwukierunkowa,N,POWIAT PŁOCKI,GĄBIN - OBSZAR WIEJSKI
1,0,1,2016,Pochmurno; Opady deszczu,Najechanie na pieszego,Pochmurno; Opady deszczu,Noc - droga oświetlona,Przejście dla pieszych,EWK-103913010K,18,2016-02-19,Lekko,21*10'299,51*23'132,P5309W,Obszar zabudowany,Odcinek prosty,Droga powiatowa,Jednojezdniowa dwukierunkowa,N,POWIAT RADOM,RADOM - OBSZAR MIEJSKI
1,0,0,2016,Pochmurno; Opady deszczu,Najechanie na pieszego,Pochmurno; Opady deszczu,Noc - droga oświetlona,Przejście dla pieszych,EWK-103913010K,18,2016-02-19,Nieokreślone (puste pole),21*10'299,51*23'132,P5309W,Obszar zabudowany,Odcinek prosty,Droga powiatowa,Jednojezdniowa dwukierunkowa,N,POWIAT RADOM,RADOM - OBSZAR MIEJSKI
1,0,1,2016,Pochmurno; Opady deszczu,Najechanie na pieszego,Pochmurno; Opady deszczu,Noc - droga oświetlona,Przejście dla pieszych,EWK-103913034L,20,2016-02-19,Lekko,21*09'088,51*24'287,P5339W,Obszar zabudowany,,Droga powiatowa,Jednojezdniowa dwukierunkowa,N,POWIAT RADOM,RADOM - OBSZAR MIEJSKI
1,0,0,2016,Pochmurno; Opady deszczu,Najechanie na pieszego,Pochmurno; Opady deszczu,Noc - droga oświetlona,Przejście dla pieszych,EWK-103913034L,20,2016-02-19,Nieokreślone (puste pole),21*09'088,51*24'287,P5339W,Obszar zabudowany,,Droga powiatowa,Jednojezdniowa dwukierunkowa,N,POWIAT RADOM,RADOM - OBSZAR MIEJSKI
1,0,1,2016,Pochmurno; Opady deszczu,Najechanie na pieszego,Pochmurno; Opady deszczu,Noc - droga oświetlona,Przejście dla pieszych,EWK-104895287A,19,2016-10-05,Lekko,19*40'389,52*33'192,P,Obszar zabudowany,,Droga powiatowa,Jednojezdniowa dwukierunkowa,N,POWIAT PŁOCK,PŁOCK - OBSZAR MIEJSKI
1,0,0,2016,Pochmurno; Opady deszczu,Najechanie na pieszego,Pochmurno; Opady deszczu,Noc - droga oświetlona,Przejście dla pieszych,EWK-104895287A,19,2016-10-05,Nieokreślone (puste pole),19*40'389,52*33'192,P,Obszar zabudowany,,Droga powiatowa,Jednojezdniowa dwukierunkowa,N,POWIAT PŁOCK,PŁOCK - OBSZAR MIEJSKI
1,0,1,2016,Pochmurno; Opady deszczu,Najechanie na pieszego,Pochmurno; Opady deszczu,Noc - droga oświetlona,Przejście dla pieszych,EWK-104996754J,19,2016-10-28,Ciężko,21*34'218,53*05'037,G510253W,Obszar zabudowany,,Droga gminna,Jednojezdniowa dwukierunkowa,N,POWIAT OSTROŁĘKA,OSTROŁĘKA - OBSZAR MIEJSKI
1,0,0,2016,Pochmurno; Opady deszczu,Najechanie na pieszego,Pochmurno; Opady deszczu,Noc - droga oświetlona,Przejście dla pieszych,EWK-104996754J,19,2016-10-28,Nieokreślone (puste pole),21*34'218,53*05'037,G510253W,Obszar zabudowany,,Droga gminna,Jednojezdniowa dwukierunkowa,N,POWIAT OSTROŁĘKA,OSTROŁĘKA - OBSZAR MIEJSKI
1,0,1,2016,Pochmurno; Opady deszczu,Najechanie na pieszego,Pochmurno; Opady deszczu,Noc - droga oświetlona,Przejście dla pieszych,EWK-105304897N,23,2016-12-24,Lekko,19*42'444,52*32'216,P0244T,Obszar zabudowany,,Droga powiatowa,Jednojezdniowa dwukierunkowa,N,POWIAT PŁOCK,PŁOCK - OBSZAR MIEJSKI
1,0,0,2016,Pochmurno; Opady deszczu,Najechanie na pieszego,Pochmurno; Opady deszczu,Noc - droga oświetlona,Przejście dla pieszych,EWK-105304897N,23,2016-12-24,Nieokreślone (puste pole),19*42'444,52*32'216,P0244T,Obszar zabudowany,,Droga powiatowa,Jednojezdniowa dwukierunkowa,N,POWIAT PŁOCK,PŁOCK - OBSZAR MIEJSKI
1,1,0,2016,Pochmurno; Opady deszczu,Najechanie na pieszego,Pochmurno; Opady deszczu,"Zmrok, świt",Przejście dla pieszych,EWK-104122042M,6,2016-04-01,Nieokreślone (puste pole),21*41'164,52*31'594,50,Obszar zabudowany,,Droga krajowa,Jednojezdniowa dwukierunkowa,N,POWIAT WĘGROWSKI,ŁOCHÓW - OBSZAR WIEJSKI
1,1,0,2016,Pochmurno; Opady deszczu,Najechanie na pieszego,Pochmurno; Opady deszczu,"Zmrok, świt",Przystanek komunikacji publicznej,EWK-104302720M,19,2016-05-14,Nieokreślone (puste pole),21*10'012,51*24'267,P5312W,Obszar zabudowany,Odcinek prosty,Droga powiatowa,Jednojezdniowa dwukierunkowa,N,POWIAT RADOM,RADOM - OBSZAR MIEJSKI
1,0,1,2016,Pochmurno; Opady deszczu,Najechanie na pieszego,Pochmurno; Opady deszczu,Światło dzienne,"Chodnik, droga dla pieszych",EWK-105162845P,13,2016-12-10,Lekko,19*39'593,52*51'031,G370817W,Obszar zabudowany,Odcinek prosty,Droga gminna,Jednojezdniowa dwukierunkowa,N,POWIAT SIERPECKI,SIERPC - OBSZAR MIEJSKI
1,0,0,2016,Pochmurno; Opady deszczu,Najechanie na pieszego,Pochmurno; Opady deszczu,Światło dzienne,"Chodnik, droga dla pieszych",EWK-105162845P,13,2016-12-10,Nieokreślone (puste pole),19*39'593,52*51'031,G370817W,Obszar zabudowany,Odcinek prosty,Droga gminna,Jednojezdniowa dwukierunkowa,N,POWIAT SIERPECKI,SIERPC - OBSZAR MIEJSKI
1,0,1,2016,Pochmurno; Opady deszczu,Najechanie na pieszego,Pochmurno; Opady deszczu,Światło dzienne,Jezdnia,EWK-104244941G,16,2016-04-27,Ciężko,21*26'222,52*35'514,G440502W,Obszar zabudowany,Odcinek prosty,Droga gminna,Jednojezdniowa dwukierunkowa,N,POWIAT WYSZKOWSKI,WYSZKÓW - OBSZAR MIEJSKI
1,0,0,2016,Pochmurno; Opady deszczu,Najechanie na pieszego,Pochmurno; Opady deszczu,Światło dzienne,Jezdnia,EWK-104244941G,16,2016-04-27,Nieokreślone (puste pole),21*26'222,52*35'514,G440502W,Obszar zabudowany,Odcinek prosty,Droga gminna,Jednojezdniowa dwukierunkowa,N,POWIAT WYSZKOWSKI,WYSZKÓW - OBSZAR MIEJSKI
1,0,1,2016,Pochmurno; Opady deszczu,Najechanie na pieszego,Pochmurno; Opady deszczu,Światło dzienne,Jezdnia,EWK-104605783Q,8,2016-07-14,Ciężko,20*55'213,51*54'489,722,Obszar niezabudowany,Odcinek prosty,Droga wojewódzka,Jednojezdniowa dwukierunkowa,T,POWIAT GRÓJECKI,GRÓJEC - OBSZAR WIEJSKI
1,0,0,2016,Pochmurno; Opady deszczu,Najechanie na pieszego,Pochmurno; Opady deszczu,Światło dzienne,Jezdnia,EWK-104605783Q,8,2016-07-14,Nieokreślone (puste pole),20*55'213,51*54'489,722,Obszar niezabudowany,Odcinek prosty,Droga wojewódzka,Jednojezdniowa dwukierunkowa,T,POWIAT GRÓJECKI,GRÓJEC - OBSZAR WIEJSKI
1,0,1,2016,Pochmurno; Opady deszczu,Najechanie na pieszego,Pochmurno; Opady deszczu,Światło dzienne,Jezdnia,EWK-104911522G,14,2016-10-12,Ciężko,21*09'036,51*23'524,P5320W,Obszar zabudowany,Odcinek prosty,Droga powiatowa,Jednojezdniowa dwukierunkowa,N,POWIAT RADOM,RADOM - OBSZAR MIEJSKI
1,0,0,2016,Pochmurno; Opady deszczu,Najechanie na pieszego,Pochmurno; Opady deszczu,Światło dzienne,Jezdnia,EWK-104911522G,14,2016-10-12,Nieokreślone (puste pole),21*09'036,51*23'524,P5320W,Obszar zabudowany,Odcinek prosty,Droga powiatowa,Jednojezdniowa dwukierunkowa,N,POWIAT RADOM,RADOM - OBSZAR MIEJSKI
1,0,1,2016,Pochmurno; Opady deszczu,Najechanie na pieszego,Pochmurno; Opady deszczu,Światło dzienne,Jezdnia,EWK-105117178H,14,2016-11-19,Lekko,20*54'252,51*28'237,732,Obszar zabudowany,Odcinek prosty,Droga wojewódzka,Jednojezdniowa dwukierunkowa,N,POWIAT RADOMSKI,PRZYTYK - OBSZAR WIEJSKI
1,0,0,2016,Pochmurno; Opady deszczu,Najechanie na pieszego,Pochmurno; Opady deszczu,Światło dzienne,Jezdnia,EWK-105117178H,14,2016-11-19,Nieokreślone (puste pole),20*54'252,51*28'237,732,Obszar zabudowany,Odcinek prosty,Droga wojewódzka,Jednojezdniowa dwukierunkowa,N,POWIAT RADOMSKI,PRZYTYK - OBSZAR WIEJSKI
1,0,1,2016,Pochmurno; Opady deszczu,Najechanie na pieszego,Pochmurno; Opady deszczu,Światło dzienne,Jezdnia,EWK-105166933L,7,2016-12-10,Lekko,20*51'518,51*51'559,P0244T,Obszar zabudowany,Odcinek prosty,Droga powiatowa,Jednojezdniowa dwukierunkowa,N,POWIAT GRÓJECKI,GRÓJEC - OBSZAR MIEJSKI
1,0,0,2016,Pochmurno; Opady deszczu,Najechanie na pieszego,Pochmurno; Opady deszczu,Światło dzienne,Jezdnia,EWK-105166933L,7,2016-12-10,Nieokreślone (puste pole),20*51'518,51*51'559,P0244T,Obszar zabudowany,Odcinek prosty,Droga powiatowa,Jednojezdniowa dwukierunkowa,N,POWIAT GRÓJECKI,GRÓJEC - OBSZAR MIEJSKI
1,0,1,2016,Pochmurno; Opady deszczu,Najechanie na pieszego,Pochmurno; Opady deszczu,Światło dzienne,Przejście dla pieszych,EWK-104322540N,7,2016-05-14,Lekko,21*08'569,51*22'414,P5334W,Obszar zabudowany,,Droga powiatowa,Jednojezdniowa dwukierunkowa,N,POWIAT RADOM,RADOM - OBSZAR MIEJSKI
1,0,0,2016,Pochmurno; Opady deszczu,Najechanie na pieszego,Pochmurno; Opady deszczu,Światło dzienne,Przejście dla pieszych,EWK-104322540N,7,2016-05-14,Nieokreślone (puste pole),21*08'569,51*22'414,P5334W,Obszar zabudowany,,Droga powiatowa,Jednojezdniowa dwukierunkowa,N,POWIAT RADOM,RADOM - OBSZAR MIEJSKI
1,0,1,2016,Pochmurno; Opady deszczu,Najechanie na pieszego,Pochmurno; Opady deszczu,Światło dzienne,Przejście dla pieszych,EWK-104902802N,13,2016-10-10,Lekko,21*36'273,53*05'532,61,Obszar zabudowany,Odcinek prosty,Droga krajowa,Jednojezdniowa dwukierunkowa,N,POWIAT OSTROŁĘKA,OSTROŁĘKA - OBSZAR MIEJSKI
1,0,0,2016,Pochmurno; Opady deszczu,Najechanie na pieszego,Pochmurno; Opady deszczu,Światło dzienne,Przejście dla pieszych,EWK-104902802N,13,2016-10-10,Nieokreślone (puste pole),21*36'273,53*05'532,61,Obszar zabudowany,Odcinek prosty,Droga krajowa,Jednojezdniowa dwukierunkowa,N,POWIAT OSTROŁĘKA,OSTROŁĘKA - OBSZAR MIEJSKI
1,0,1,2016,Pochmurno; Opady deszczu,Najechanie na pieszego,Pochmurno; Opady deszczu,Światło dzienne,Przejście dla pieszych,EWK-104909509A,8,2016-10-12,Lekko,19*43'479,52*32'238,60,Obszar zabudowany,Odcinek prosty,Droga krajowa,Dwie jezdnie jednokierunkowe,N,POWIAT PŁOCK,PŁOCK - OBSZAR MIEJSKI
1,0,0,2016,Pochmurno; Opady deszczu,Najechanie na pieszego,Pochmurno; Opady deszczu,Światło dzienne,Przejście dla pieszych,EWK-104909509A,8,2016-10-12,Nieokreślone (puste pole),19*43'479,52*32'238,60,Obszar zabudowany,Odcinek prosty,Droga krajowa,Dwie jezdnie jednokierunkowe,N,POWIAT PŁOCK,PŁOCK - OBSZAR MIEJSKI
1,0,1,2016,Pochmurno; Opady deszczu,Najechanie na pieszego,Pochmurno; Opady deszczu,Światło dzienne,Przejście dla pieszych,EWK-104996948H,15,2016-11-02,Ciężko,20*41'478,51*46'234,P0244T,Obszar zabudowany,Odcinek prosty,Droga powiatowa,Jednojezdniowa dwukierunkowa,N,POWIAT GRÓJECKI,BŁĘDÓW - OBSZAR WIEJSKI
1,0,0,2016,Pochmurno; Opady deszczu,Najechanie na pieszego,Pochmurno; Opady deszczu,Światło dzienne,Przejście dla pieszych,EWK-104996948H,15,2016-11-02,Nieokreślone (puste pole),20*41'478,51*46'234,P0244T,Obszar zabudowany,Odcinek prosty,Droga powiatowa,Jednojezdniowa dwukierunkowa,N,POWIAT GRÓJECKI,BŁĘDÓW - OBSZAR WIEJSKI
1,0,1,2016,Pochmurno; Opady deszczu,"Najechanie na słup, znak",Pochmurno; Opady deszczu,Światło dzienne,Jezdnia,EWK-104058897N,15,2016-03-18,Lekko,21*37'015,53*06'031,P5119W,Obszar zabudowany,Odcinek prosty,Droga powiatowa,Dwie jezdnie jednokierunkowe,N,POWIAT OSTROŁĘKA,OSTROŁĘKA - OBSZAR MIEJSKI
1,0,0,2016,Pochmurno; Opady deszczu,"Najechanie na słup, znak",Pochmurno; Opady deszczu,Światło dzienne,Jezdnia,EWK-104058897N,15,2016-03-18,Nieokreślone (puste pole),21*37'015,53*06'031,P5119W,Obszar zabudowany,Odcinek prosty,Droga powiatowa,Dwie jezdnie jednokierunkowe,N,POWIAT OSTROŁĘKA,OSTROŁĘKA - OBSZAR MIEJSKI
1,0,1,2016,Pochmurno; Opady deszczu,"Najechanie na słup, znak",Pochmurno; Opady deszczu,Światło dzienne,Jezdnia,EWK-104249269C,19,2016-05-03,Ciężko,20*33'388,53*04'183,544,Obszar niezabudowany,Odcinek prosty,Droga wojewódzka,Jednojezdniowa dwukierunkowa,N,POWIAT MŁAWSKI,SZYDŁOWO - OBSZAR WIEJSKI
1,0,0,2016,Pochmurno; Opady deszczu,"Najechanie na słup, znak",Pochmurno; Opady deszczu,Światło dzienne,Jezdnia,EWK-104249269C,19,2016-05-03,Nieokreślone (puste pole),20*33'388,53*04'183,544,Obszar niezabudowany,Odcinek prosty,Droga wojewódzka,Jednojezdniowa dwukierunkowa,N,POWIAT MŁAWSKI,SZYDŁOWO - OBSZAR WIEJSKI
1,1,0,2016,Pochmurno; Opady deszczu,Wywrócenie się pojazdu,Pochmurno; Opady deszczu,"Zmrok, świt",Jezdnia,EWK-104255996Y,20,2016-05-02,Nieokreślone (puste pole),21*37'071,53*11'489,2537W,Obszar niezabudowany,"Zakręt, łuk",Droga powiatowa,Jednojezdniowa dwukierunkowa,N,POWIAT OSTROŁĘCKI,LELIS - OBSZAR WIEJSKI