Liczba wypadków,Liczba zabitych,Liczba rannych,Rok,Warunki atmosferyczne,Rodzaj zdarzenia,Warunki atmosferyczne,Oświetlenie,Charakterystyka miejsca zdarzenia,IDKSIP zdarzenia,Godzina,Dzień,Ranny,GPS x,GPS y,Numer drogi,Obszar,Geometria drogi,Kategoria drogi 1,Rodzaj drogi,Czy w zdarzeniu był sprawca nietrzeźwy,Powiat,Gmina
1,0,1,2016,Pochmurno; Opady deszczu,Wywrócenie się pojazdu,Pochmurno; Opady deszczu,Światło dzienne,Jezdnia,EWK-104580951M,4,2016-07-09,Lekko,21*35'525,52*52'011,60,Obszar niezabudowany,,Droga krajowa,Jednojezdniowa dwukierunkowa,N,POWIAT OSTROŁĘCKI,GOWOROWO - OBSZAR WIEJSKI
1,0,0,2016,Pochmurno; Opady deszczu,Wywrócenie się pojazdu,Pochmurno; Opady deszczu,Światło dzienne,Jezdnia,EWK-104580951M,4,2016-07-09,Nieokreślone (puste pole),21*35'525,52*52'011,60,Obszar niezabudowany,,Droga krajowa,Jednojezdniowa dwukierunkowa,N,POWIAT OSTROŁĘCKI,GOWOROWO - OBSZAR WIEJSKI
1,0,1,2016,Pochmurno; Opady deszczu,Wywrócenie się pojazdu,Pochmurno; Opady deszczu,Światło dzienne,"Skarpa, rów",EWK-104399918E,18,2016-05-27,Ciężko,20*20'188,52*06'346,50,Obszar niezabudowany,"Zakręt, łuk",Droga krajowa,Jednojezdniowa dwukierunkowa,T,POWIAT ŻYRARDOWSKI,WISKITKI - OBSZAR WIEJSKI
1,0,1,2016,Pochmurno; Opady deszczu,Zderzenie pojazdów boczne,Pochmurno; Opady deszczu,Noc - droga nieoświetlona,Jezdnia,EWK-105022773K,19,2016-11-07,Lekko,21*23'050,52*34'148,P4414W,Obszar zabudowany,Odcinek prosty,Droga powiatowa,Jednojezdniowa dwukierunkowa,T,POWIAT WYSZKOWSKI,WYSZKÓW - OBSZAR WIEJSKI
1,0,0,2016,Pochmurno; Opady deszczu,Zderzenie pojazdów boczne,Pochmurno; Opady deszczu,Noc - droga nieoświetlona,Jezdnia,EWK-105022773K,19,2016-11-07,Nieokreślone (puste pole),21*23'050,52*34'148,P4414W,Obszar zabudowany,Odcinek prosty,Droga powiatowa,Jednojezdniowa dwukierunkowa,T,POWIAT WYSZKOWSKI,WYSZKÓW - OBSZAR WIEJSKI
1,0,1,2016,Pochmurno; Opady deszczu,Zderzenie pojazdów boczne,Pochmurno; Opady deszczu,Noc - droga oświetlona,Jezdnia,EWK-104535623L,21,2016-06-27,Lekko,20*26'172,51*22'437,728,Obszar zabudowany,"Zakręt, łuk",Droga wojewódzka,Jednojezdniowa dwukierunkowa,N,POWIAT PRZYSUSKI,GIELNIÓW - OBSZAR WIEJSKI
1,0,0,2016,Pochmurno; Opady deszczu,Zderzenie pojazdów boczne,Pochmurno; Opady deszczu,Noc - droga oświetlona,Jezdnia,EWK-104535623L,21,2016-06-27,Nieokreślone (puste pole),20*26'172,51*22'437,728,Obszar zabudowany,"Zakręt, łuk",Droga wojewódzka,Jednojezdniowa dwukierunkowa,N,POWIAT PRZYSUSKI,GIELNIÓW - OBSZAR WIEJSKI
1,0,1,2016,Pochmurno; Opady deszczu,Zderzenie pojazdów boczne,Pochmurno; Opady deszczu,Noc - droga oświetlona,Jezdnia,EWK-104901387L,19,2016-10-08,Lekko,20*42'136,52*20'320,GMINNA,Obszar zabudowany,Odcinek prosty,Droga gminna,Jednojezdniowa dwukierunkowa,N,POWIAT SOCHACZEWSKI,TERESIN - OBSZAR WIEJSKI
1,0,0,2016,Pochmurno; Opady deszczu,Zderzenie pojazdów boczne,Pochmurno; Opady deszczu,Noc - droga oświetlona,Jezdnia,EWK-104901387L,19,2016-10-08,Nieokreślone (puste pole),20*42'136,52*20'320,GMINNA,Obszar zabudowany,Odcinek prosty,Droga gminna,Jednojezdniowa dwukierunkowa,N,POWIAT SOCHACZEWSKI,TERESIN - OBSZAR WIEJSKI
1,0,1,2016,Pochmurno; Opady deszczu,Zderzenie pojazdów boczne,Pochmurno; Opady deszczu,"Zmrok, świt",Jezdnia,EWK-104121630U,5,2016-04-01,Lekko,21*44'502,52*31'211,62,Obszar niezabudowany,Odcinek prosty,Droga krajowa,Jednojezdniowa dwukierunkowa,N,POWIAT WĘGROWSKI,ŁOCHÓW - OBSZAR WIEJSKI
1,0,0,2016,Pochmurno; Opady deszczu,Zderzenie pojazdów boczne,Pochmurno; Opady deszczu,"Zmrok, świt",Jezdnia,EWK-104121630U,5,2016-04-01,Nieokreślone (puste pole),21*44'502,52*31'211,62,Obszar niezabudowany,Odcinek prosty,Droga krajowa,Jednojezdniowa dwukierunkowa,N,POWIAT WĘGROWSKI,ŁOCHÓW - OBSZAR WIEJSKI
1,1,0,2016,Pochmurno; Opady deszczu,Zderzenie pojazdów boczne,Pochmurno; Opady deszczu,Światło dzienne,Jezdnia,EWK-103866181J,14,2016-02-10,Nieokreślone (puste pole),21*08'239,53*19'279,614,Obszar niezabudowany,,Droga wojewódzka,Jednojezdniowa dwukierunkowa,N,POWIAT OSTROŁĘCKI,CZARNIA - OBSZAR WIEJSKI
1,0,1,2016,Pochmurno; Opady deszczu,Zderzenie pojazdów boczne,Pochmurno; Opady deszczu,Światło dzienne,Jezdnia,EWK-104024749H,14,2016-03-12,Lekko,20*26'408,51*23'393,12,Obszar niezabudowany,,Droga krajowa,Jednojezdniowa dwukierunkowa,N,POWIAT PRZYSUSKI,GIELNIÓW - OBSZAR WIEJSKI
1,0,0,2016,Pochmurno; Opady deszczu,Zderzenie pojazdów boczne,Pochmurno; Opady deszczu,Światło dzienne,Jezdnia,EWK-104024749H,14,2016-03-12,Nieokreślone (puste pole),20*26'408,51*23'393,12,Obszar niezabudowany,,Droga krajowa,Jednojezdniowa dwukierunkowa,N,POWIAT PRZYSUSKI,GIELNIÓW - OBSZAR WIEJSKI
1,0,1,2016,Pochmurno; Opady deszczu,Zderzenie pojazdów boczne,Pochmurno; Opady deszczu,Światło dzienne,Jezdnia,EWK-104231229F,17,2016-04-27,Lekko,21*11'009,51*47'169,731,Obszar zabudowany,Odcinek prosty,Droga wojewódzka,Jednojezdniowa dwukierunkowa,N,POWIAT GRÓJECKI,WARKA - OBSZAR MIEJSKI
1,0,0,2016,Pochmurno; Opady deszczu,Zderzenie pojazdów boczne,Pochmurno; Opady deszczu,Światło dzienne,Jezdnia,EWK-104231229F,17,2016-04-27,Nieokreślone (puste pole),21*11'009,51*47'169,731,Obszar zabudowany,Odcinek prosty,Droga wojewódzka,Jednojezdniowa dwukierunkowa,N,POWIAT GRÓJECKI,WARKA - OBSZAR MIEJSKI
1,0,3,2016,Pochmurno; Opady deszczu,Zderzenie pojazdów boczne,Pochmurno; Opady deszczu,Światło dzienne,Jezdnia,EWK-104709097P,16,2016-08-06,Lekko,21*27'422,52*33'325,GMINNA,Obszar zabudowany,Odcinek prosty,Droga gminna,Jednojezdniowa dwukierunkowa,N,POWIAT WYSZKOWSKI,WYSZKÓW - OBSZAR WIEJSKI
1,0,0,2016,Pochmurno; Opady deszczu,Zderzenie pojazdów boczne,Pochmurno; Opady deszczu,Światło dzienne,Jezdnia,EWK-104709097P,16,2016-08-06,Nieokreślone (puste pole),21*27'422,52*33'325,GMINNA,Obszar zabudowany,Odcinek prosty,Droga gminna,Jednojezdniowa dwukierunkowa,N,POWIAT WYSZKOWSKI,WYSZKÓW - OBSZAR WIEJSKI
1,0,1,2016,Pochmurno; Opady deszczu,Zderzenie pojazdów boczne,Pochmurno; Opady deszczu,Światło dzienne,Jezdnia,EWK-104731186U,15,2016-08-06,Ciężko,21*44'411,53*57'375,627,Obszar niezabudowany,Odcinek prosty,Droga wojewódzka,Jednojezdniowa dwukierunkowa,N,POWIAT OSTROŁĘCKI,CZERWIN - OBSZAR WIEJSKI
1,0,0,2016,Pochmurno; Opady deszczu,Zderzenie pojazdów boczne,Pochmurno; Opady deszczu,Światło dzienne,Jezdnia,EWK-104731186U,15,2016-08-06,Nieokreślone (puste pole),21*44'411,53*57'375,627,Obszar niezabudowany,Odcinek prosty,Droga wojewódzka,Jednojezdniowa dwukierunkowa,N,POWIAT OSTROŁĘCKI,CZERWIN - OBSZAR WIEJSKI
1,0,2,2016,Pochmurno; Opady deszczu,Zderzenie pojazdów boczne,Pochmurno; Opady deszczu,Światło dzienne,Jezdnia,EWK-104897589J,14,2016-10-06,Ciężko,21*31'371,53*03'073,61,Obszar niezabudowany,"Zakręt, łuk",Droga krajowa,Jednojezdniowa dwukierunkowa,N,POWIAT OSTROŁĘCKI,OLSZEWO-BORKI - OBSZAR WIEJSKI
1,0,2,2016,Pochmurno; Opady deszczu,Zderzenie pojazdów boczne,Pochmurno; Opady deszczu,Światło dzienne,Jezdnia,EWK-104897589J,14,2016-10-06,Lekko,21*31'371,53*03'073,61,Obszar niezabudowany,"Zakręt, łuk",Droga krajowa,Jednojezdniowa dwukierunkowa,N,POWIAT OSTROŁĘCKI,OLSZEWO-BORKI - OBSZAR WIEJSKI
1,1,0,2016,Pochmurno; Opady deszczu,Zderzenie pojazdów boczne,Pochmurno; Opady deszczu,Światło dzienne,Jezdnia,EWK-104897589J,14,2016-10-06,Nieokreślone (puste pole),21*31'371,53*03'073,61,Obszar niezabudowany,"Zakręt, łuk",Droga krajowa,Jednojezdniowa dwukierunkowa,N,POWIAT OSTROŁĘCKI,OLSZEWO-BORKI - OBSZAR WIEJSKI
1,0,1,2016,Pochmurno; Opady deszczu,Zderzenie pojazdów boczne,Pochmurno; Opady deszczu,Światło dzienne,Jezdnia,EWK-104902146C,15,2016-10-07,Ciężko,19*28'050,52*26'106,G140192W,Obszar zabudowany,Odcinek prosty,Droga gminna,Jednojezdniowa dwukierunkowa,N,POWIAT GOSTYNIŃSKI,GOSTYNIN - OBSZAR MIEJSKI
1,0,0,2016,Pochmurno; Opady deszczu,Zderzenie pojazdów boczne,Pochmurno; Opady deszczu,Światło dzienne,Jezdnia,EWK-104902146C,15,2016-10-07,Nieokreślone (puste pole),19*28'050,52*26'106,G140192W,Obszar zabudowany,Odcinek prosty,Droga gminna,Jednojezdniowa dwukierunkowa,N,POWIAT GOSTYNIŃSKI,GOSTYNIN - OBSZAR MIEJSKI
1,0,1,2016,Pochmurno; Opady deszczu,Zderzenie pojazdów boczne,Pochmurno; Opady deszczu,Światło dzienne,Jezdnia,EWK-104911271W,7,2016-10-12,Lekko,21*43'493,51*21'392,P4527W,Obszar niezabudowany,,Droga powiatowa,Jednojezdniowa dwukierunkowa,N,POWIAT ZWOLEŃSKI,PRZYŁĘK - OBSZAR WIEJSKI
1,0,0,2016,Pochmurno; Opady deszczu,Zderzenie pojazdów boczne,Pochmurno; Opady deszczu,Światło dzienne,Jezdnia,EWK-104911271W,7,2016-10-12,Nieokreślone (puste pole),21*43'493,51*21'392,P4527W,Obszar niezabudowany,,Droga powiatowa,Jednojezdniowa dwukierunkowa,N,POWIAT ZWOLEŃSKI,PRZYŁĘK - OBSZAR WIEJSKI
1,0,1,2016,Pochmurno; Opady deszczu,Zderzenie pojazdów boczne,Pochmurno; Opady deszczu,Światło dzienne,Przejście dla pieszych,EWK-104599173K,12,2016-07-12,Lekko,21*34'160,53*04'517,GMINNA,Obszar zabudowany,,Droga gminna,Jednojezdniowa dwukierunkowa,N,POWIAT OSTROŁĘKA,OSTROŁĘKA - OBSZAR MIEJSKI
1,0,0,2016,Pochmurno; Opady deszczu,Zderzenie pojazdów boczne,Pochmurno; Opady deszczu,Światło dzienne,Przejście dla pieszych,EWK-104599173K,12,2016-07-12,Nieokreślone (puste pole),21*34'160,53*04'517,GMINNA,Obszar zabudowany,,Droga gminna,Jednojezdniowa dwukierunkowa,N,POWIAT OSTROŁĘKA,OSTROŁĘKA - OBSZAR MIEJSKI
1,0,1,2016,Pochmurno; Opady deszczu,Zderzenie pojazdów boczne,Pochmurno; Opady deszczu,Światło dzienne,"Wjazd, wyjazd z posesji, pola",EWK-104902930G,14,2016-10-10,Lekko,19*41'330,52*32'535,GMINNA,Obszar zabudowany,Odcinek prosty,Droga gminna,Jednojezdniowa dwukierunkowa,N,POWIAT PŁOCK,PŁOCK - OBSZAR MIEJSKI
1,0,0,2016,Pochmurno; Opady deszczu,Zderzenie pojazdów boczne,Pochmurno; Opady deszczu,Światło dzienne,"Wjazd, wyjazd z posesji, pola",EWK-104902930G,14,2016-10-10,Nieokreślone (puste pole),19*41'330,52*32'535,GMINNA,Obszar zabudowany,Odcinek prosty,Droga gminna,Jednojezdniowa dwukierunkowa,N,POWIAT PŁOCK,PŁOCK - OBSZAR MIEJSKI
1,0,1,2016,Pochmurno; Opady deszczu,Zderzenie pojazdów czołowe,Pochmurno; Opady deszczu,Noc - droga nieoświetlona,Jezdnia,EWK-104907940W,22,2016-10-11,Lekko,19*28'202,52*34'410,573,Obszar zabudowany,"Zakręt, łuk",Droga wojewódzka,Jednojezdniowa dwukierunkowa,N,POWIAT PŁOCKI,NOWY DUNINÓW - OBSZAR WIEJSKI
1,0,0,2016,Pochmurno; Opady deszczu,Zderzenie pojazdów czołowe,Pochmurno; Opady deszczu,Noc - droga nieoświetlona,Jezdnia,EWK-104907940W,22,2016-10-11,Nieokreślone (puste pole),19*28'202,52*34'410,573,Obszar zabudowany,"Zakręt, łuk",Droga wojewódzka,Jednojezdniowa dwukierunkowa,N,POWIAT PŁOCKI,NOWY DUNINÓW - OBSZAR WIEJSKI
1,0,2,2016,Pochmurno; Opady deszczu,Zderzenie pojazdów czołowe,Pochmurno; Opady deszczu,Światło dzienne,Jezdnia,EWK-104412517D,12,2016-05-31,Lekko,21*45'123,53*03'023,2553W,Obszar niezabudowany,"Zakręt, łuk",Droga powiatowa,Jednojezdniowa dwukierunkowa,N,POWIAT OSTROŁĘCKI,TROSZYN - OBSZAR WIEJSKI
1,0,1,2016,Pochmurno; Opady deszczu,Zderzenie pojazdów czołowe,Pochmurno; Opady deszczu,Światło dzienne,Jezdnia,EWK-104427653M,13,2016-06-02,Ciężko,20*30'213,51*58'358,GMINNA,Obszar zabudowany,"Zakręt, łuk",Droga gminna,Jednojezdniowa dwukierunkowa,N,POWIAT ŻYRARDOWSKI,MSZCZONÓW - OBSZAR MIEJSKI
1,0,0,2016,Pochmurno; Opady deszczu,Zderzenie pojazdów czołowe,Pochmurno; Opady deszczu,Światło dzienne,Jezdnia,EWK-104427653M,13,2016-06-02,Nieokreślone (puste pole),20*30'213,51*58'358,GMINNA,Obszar zabudowany,"Zakręt, łuk",Droga gminna,Jednojezdniowa dwukierunkowa,N,POWIAT ŻYRARDOWSKI,MSZCZONÓW - OBSZAR MIEJSKI
1,0,2,2016,Pochmurno; Opady deszczu,Zderzenie pojazdów czołowe,Pochmurno; Opady deszczu,Światło dzienne,Jezdnia,EWK-104512029C,19,2016-06-20,Lekko,19*59'375,52*37'319,P2927W,Obszar niezabudowany,"Zakręt, łuk",Droga powiatowa,Jednojezdniowa dwukierunkowa,N,POWIAT PŁOCKI,STAROŹREBY - OBSZAR WIEJSKI
1,3,0,2016,Pochmurno; Opady deszczu,Zderzenie pojazdów czołowe,Pochmurno; Opady deszczu,Światło dzienne,Jezdnia,EWK-104901507G,15,2016-10-09,Nieokreślone (puste pole),22*00'239,52*51'476,8,Obszar niezabudowany,Odcinek prosty,Droga krajowa,Jednojezdniowa dwukierunkowa,N,POWIAT OSTROWSKI,OSTRÓW MAZOWIECKA - OBSZAR WIEJSKI
1,0,2,2016,Pochmurno; Opady deszczu,Zderzenie pojazdów czołowe,Pochmurno; Opady deszczu,Światło dzienne,Jezdnia,EWK-104901679U,15,2016-10-07,Ciężko,19*44'039,52*36'138,5201W,Obszar niezabudowany,,Droga powiatowa,Jednojezdniowa dwukierunkowa,N,POWIAT PŁOCKI,STARA BIAŁA - OBSZAR WIEJSKI
1,0,1,2016,Pochmurno; Opady deszczu,Zderzenie pojazdów czołowe,Pochmurno; Opady deszczu,Światło dzienne,Jezdnia,EWK-104901679U,15,2016-10-07,Lekko,19*44'039,52*36'138,5201W,Obszar niezabudowany,,Droga powiatowa,Jednojezdniowa dwukierunkowa,N,POWIAT PŁOCKI,STARA BIAŁA - OBSZAR WIEJSKI
1,1,0,2016,Pochmurno; Opady deszczu,Zderzenie pojazdów czołowe,Pochmurno; Opady deszczu,Światło dzienne,Jezdnia,EWK-104901679U,15,2016-10-07,Nieokreślone (puste pole),19*44'039,52*36'138,5201W,Obszar niezabudowany,,Droga powiatowa,Jednojezdniowa dwukierunkowa,N,POWIAT PŁOCKI,STARA BIAŁA - OBSZAR WIEJSKI
1,0,3,2016,Pochmurno; Opady deszczu,Zderzenie pojazdów czołowe,Pochmurno; Opady deszczu,Światło dzienne,Jezdnia,EWK-104904464M,13,2016-10-07,Ciężko,20*51'496,53*08'473,57,Obszar niezabudowany,,Droga krajowa,Jednojezdniowa dwukierunkowa,N,POWIAT PRZASNYSKI,KRZYNOWŁOGA MAŁA - OBSZAR WIEJSKI
1,0,4,2016,Pochmurno; Opady deszczu,Zderzenie pojazdów czołowe,Pochmurno; Opady deszczu,Światło dzienne,Jezdnia,EWK-104904464M,13,2016-10-07,Lekko,20*51'496,53*08'473,57,Obszar niezabudowany,,Droga krajowa,Jednojezdniowa dwukierunkowa,N,POWIAT PRZASNYSKI,KRZYNOWŁOGA MAŁA - OBSZAR WIEJSKI
1,2,0,2016,Pochmurno; Opady deszczu,Zderzenie pojazdów czołowe,Pochmurno; Opady deszczu,Światło dzienne,Jezdnia,EWK-104935754D,12,2016-10-25,Nieokreślone (puste pole),21*00'527,51*19'499,7,Obszar niezabudowany,Odcinek prosty,Droga krajowa,Jednojezdniowa dwukierunkowa,N,POWIAT SZYDŁOWIECKI,OROŃSKO - OBSZAR WIEJSKI
1,0,1,2016,Pochmurno; Opady deszczu,Zderzenie pojazdów czołowe,Pochmurno; Opady deszczu,Światło dzienne,Jezdnia,EWK-104962331N,8,2016-10-25,Lekko,20*38'189,51*21'332,12,Obszar zabudowany,,Droga krajowa,Jednojezdniowa dwukierunkowa,N,POWIAT PRZYSUSKI,PRZYSUCHA - OBSZAR MIEJSKI
1,0,0,2016,Pochmurno; Opady deszczu,Zderzenie pojazdów czołowe,Pochmurno; Opady deszczu,Światło dzienne,Jezdnia,EWK-104962331N,8,2016-10-25,Nieokreślone (puste pole),20*38'189,51*21'332,12,Obszar zabudowany,,Droga krajowa,Jednojezdniowa dwukierunkowa,N,POWIAT PRZYSUSKI,PRZYSUCHA - OBSZAR MIEJSKI
1,1,0,2016,Pochmurno; Opady deszczu,Zderzenie pojazdów czołowe,Pochmurno; Opady deszczu,Światło dzienne,Jezdnia,EWK-105144958A,7,2016-12-02,Nieokreślone (puste pole),19*56'177,52*37'000,567,Obszar niezabudowany,Odcinek prosty,Droga wojewódzka,Jednojezdniowa dwukierunkowa,N,POWIAT PŁOCKI,STAROŹREBY - OBSZAR WIEJSKI
1,0,2,2016,Pochmurno; Opady deszczu,Zderzenie pojazdów czołowe,Pochmurno; Opady deszczu,Światło dzienne,Jezdnia,EWK-105311213K,9,2016-12-27,Lekko,21*39'093,51*32'380,48,Obszar zabudowany,Odcinek prosty,Droga krajowa,Jednojezdniowa dwukierunkowa,N,POWIAT KOZIENICKI,SIECIECHÓW - OBSZAR WIEJSKI
1,0,0,2016,Pochmurno; Opady deszczu,Zderzenie pojazdów czołowe,Pochmurno; Opady deszczu,Światło dzienne,Jezdnia,EWK-105311213K,9,2016-12-27,Nieokreślone (puste pole),21*39'093,51*32'380,48,Obszar zabudowany,Odcinek prosty,Droga krajowa,Jednojezdniowa dwukierunkowa,N,POWIAT KOZIENICKI,SIECIECHÓW - OBSZAR WIEJSKI
1,0,2,2016,Pochmurno; Opady deszczu,Zderzenie pojazdów tylne,Pochmurno; Opady deszczu,Noc - droga nieoświetlona,"Wjazd, wyjazd z posesji, pola",EWK-104926165T,18,2016-10-15,Lekko,19*54'285,52*41'567,60,Obszar niezabudowany,Odcinek prosty,Droga krajowa,Jednojezdniowa dwukierunkowa,N,POWIAT PŁOCKI,DROBIN - OBSZAR WIEJSKI
1,0,0,2016,Pochmurno; Opady deszczu,Zderzenie pojazdów tylne,Pochmurno; Opady deszczu,Noc - droga nieoświetlona,"Wjazd, wyjazd z posesji, pola",EWK-104926165T,18,2016-10-15,Nieokreślone (puste pole),19*54'285,52*41'567,60,Obszar niezabudowany,Odcinek prosty,Droga krajowa,Jednojezdniowa dwukierunkowa,N,POWIAT PŁOCKI,DROBIN - OBSZAR WIEJSKI
1,0,1,2016,Pochmurno; Opady deszczu,Zderzenie pojazdów tylne,Pochmurno; Opady deszczu,Noc - droga oświetlona,Jezdnia,EWK-103736251C,20,2016-01-10,Lekko,21*23'370,52*53'566,61,Obszar niezabudowany,Odcinek prosty,Droga krajowa,Jednojezdniowa dwukierunkowa,N,POWIAT MAKOWSKI,RÓŻAN - OBSZAR WIEJSKI
1,0,0,2016,Pochmurno; Opady deszczu,Zderzenie pojazdów tylne,Pochmurno; Opady deszczu,Noc - droga oświetlona,Jezdnia,EWK-103736251C,20,2016-01-10,Nieokreślone (puste pole),21*23'370,52*53'566,61,Obszar niezabudowany,Odcinek prosty,Droga krajowa,Jednojezdniowa dwukierunkowa,N,POWIAT MAKOWSKI,RÓŻAN - OBSZAR WIEJSKI
1,1,0,2016,Pochmurno; Opady deszczu,Zderzenie pojazdów tylne,Pochmurno; Opady deszczu,"Zmrok, świt",Jezdnia,EWK-103795137F,19,2016-01-25,Nieokreślone (puste pole),20*15'028,52*12'349,K92S,Obszar zabudowany,,Droga krajowa,Jednojezdniowa dwukierunkowa,N,POWIAT SOCHACZEWSKI,SOCHACZEW - OBSZAR WIEJSKI
1,0,1,2016,Pochmurno; Opady deszczu,Zderzenie pojazdów tylne,Pochmurno; Opady deszczu,Światło dzienne,Jezdnia,EWK-103847430F,14,2016-02-02,Ciężko,20*00'542,51*19'509,7,Obszar niezabudowany,Odcinek prosty,Droga krajowa,Jednojezdniowa dwukierunkowa,N,POWIAT SZYDŁOWIECKI,OROŃSKO - OBSZAR WIEJSKI
1,0,0,2016,Pochmurno; Opady deszczu,Zderzenie pojazdów tylne,Pochmurno; Opady deszczu,Światło dzienne,Jezdnia,EWK-103847430F,14,2016-02-02,Nieokreślone (puste pole),20*00'542,51*19'509,7,Obszar niezabudowany,Odcinek prosty,Droga krajowa,Jednojezdniowa dwukierunkowa,N,POWIAT SZYDŁOWIECKI,OROŃSKO - OBSZAR WIEJSKI
1,0,1,2016,Pochmurno; Opady deszczu,Zderzenie pojazdów tylne,Pochmurno; Opady deszczu,Światło dzienne,Jezdnia,EWK-103913447T,15,2016-02-22,Lekko,19*42'478,52*33'516,60,Obszar zabudowany,,Droga krajowa,Jednojezdniowa dwukierunkowa,N,POWIAT PŁOCK,PŁOCK - OBSZAR MIEJSKI
1,0,0,2016,Pochmurno; Opady deszczu,Zderzenie pojazdów tylne,Pochmurno; Opady deszczu,Światło dzienne,Jezdnia,EWK-103913447T,15,2016-02-22,Nieokreślone (puste pole),19*42'478,52*33'516,60,Obszar zabudowany,,Droga krajowa,Jednojezdniowa dwukierunkowa,N,POWIAT PŁOCK,PŁOCK - OBSZAR MIEJSKI
1,0,1,2016,Pochmurno; Opady deszczu,Zderzenie pojazdów tylne,Pochmurno; Opady deszczu,Światło dzienne,Jezdnia,EWK-104245327L,14,2016-04-27,Ciężko,20*31'588,51*58'517,K50B,Obszar niezabudowany,Odcinek prosty,Droga krajowa,Jednojezdniowa dwukierunkowa,N,POWIAT ŻYRARDOWSKI,MSZCZONÓW - OBSZAR MIEJSKI
1,0,0,2016,Pochmurno; Opady deszczu,Zderzenie pojazdów tylne,Pochmurno; Opady deszczu,Światło dzienne,Jezdnia,EWK-104245327L,14,2016-04-27,Nieokreślone (puste pole),20*31'588,51*58'517,K50B,Obszar niezabudowany,Odcinek prosty,Droga krajowa,Jednojezdniowa dwukierunkowa,N,POWIAT ŻYRARDOWSKI,MSZCZONÓW - OBSZAR MIEJSKI
1,0,2,2016,Pochmurno; Opady deszczu,Zderzenie pojazdów tylne,Pochmurno; Opady deszczu,Światło dzienne,Jezdnia,EWK-104307049C,18,2016-05-14,Lekko,20*47'218,51*30'037,740,Obszar niezabudowany,Odcinek prosty,Droga wojewódzka,Jednojezdniowa dwukierunkowa,N,POWIAT PRZYSUSKI,POTWORÓW - OBSZAR WIEJSKI
1,0,0,2016,Pochmurno; Opady deszczu,Zderzenie pojazdów tylne,Pochmurno; Opady deszczu,Światło dzienne,Jezdnia,EWK-104307049C,18,2016-05-14,Nieokreślone (puste pole),20*47'218,51*30'037,740,Obszar niezabudowany,Odcinek prosty,Droga wojewódzka,Jednojezdniowa dwukierunkowa,N,POWIAT PRZYSUSKI,POTWORÓW - OBSZAR WIEJSKI
1,0,1,2016,Pochmurno; Opady deszczu,Zderzenie pojazdów tylne,Pochmurno; Opady deszczu,Światło dzienne,Jezdnia,EWK-104668739T,15,2016-07-27,Lekko,19*44'383,52*32'191,62,Obszar zabudowany,Odcinek prosty,Droga krajowa,Dwie jezdnie jednokierunkowe,N,POWIAT PŁOCK,PŁOCK - OBSZAR MIEJSKI
1,0,0,2016,Pochmurno; Opady deszczu,Zderzenie pojazdów tylne,Pochmurno; Opady deszczu,Światło dzienne,Jezdnia,EWK-104668739T,15,2016-07-27,Nieokreślone (puste pole),19*44'383,52*32'191,62,Obszar zabudowany,Odcinek prosty,Droga krajowa,Dwie jezdnie jednokierunkowe,N,POWIAT PŁOCK,PŁOCK - OBSZAR MIEJSKI
1,0,1,2016,Pochmurno; Opady deszczu,Zderzenie pojazdów tylne,Pochmurno; Opady deszczu,Światło dzienne,Jezdnia,EWK-104686903F,6,2016-08-01,Lekko,22*21'298,52*41'006,694,Obszar niezabudowany,Odcinek prosty,Droga wojewódzka,Jednojezdniowa dwukierunkowa,T,POWIAT OSTROWSKI,NUR - OBSZAR WIEJSKI
1,0,0,2016,Pochmurno; Opady deszczu,Zderzenie pojazdów tylne,Pochmurno; Opady deszczu,Światło dzienne,Jezdnia,EWK-104686903F,6,2016-08-01,Nieokreślone (puste pole),22*21'298,52*41'006,694,Obszar niezabudowany,Odcinek prosty,Droga wojewódzka,Jednojezdniowa dwukierunkowa,T,POWIAT OSTROWSKI,NUR - OBSZAR WIEJSKI
1,0,1,2016,Pochmurno; Opady deszczu,Zderzenie pojazdów tylne,Pochmurno; Opady deszczu,Światło dzienne,Jezdnia,EWK-104733243X,18,2016-08-10,Lekko,19*46'304,52*31'538,62,Obszar zabudowany,Odcinek prosty,Droga krajowa,Jednojezdniowa dwukierunkowa,N,POWIAT PŁOCK,PŁOCK - OBSZAR MIEJSKI
1,0,0,2016,Pochmurno; Opady deszczu,Zderzenie pojazdów tylne,Pochmurno; Opady deszczu,Światło dzienne,Jezdnia,EWK-104733243X,18,2016-08-10,Nieokreślone (puste pole),19*46'304,52*31'538,62,Obszar zabudowany,Odcinek prosty,Droga krajowa,Jednojezdniowa dwukierunkowa,N,POWIAT PŁOCK,PŁOCK - OBSZAR MIEJSKI
1,0,4,2016,Pochmurno; Opady deszczu,Zderzenie pojazdów tylne,Pochmurno; Opady deszczu,Światło dzienne,Jezdnia,EWK-104906264N,9,2016-10-08,Lekko,21*07'569,51*30'496,7,Obszar niezabudowany,,Droga krajowa,Dwie jezdnie jednokierunkowe,N,POWIAT RADOMSKI,JEDLIŃSK - OBSZAR WIEJSKI
1,0,0,2016,Pochmurno; Opady deszczu,Zderzenie pojazdów tylne,Pochmurno; Opady deszczu,Światło dzienne,Jezdnia,EWK-104906264N,9,2016-10-08,Nieokreślone (puste pole),21*07'569,51*30'496,7,Obszar niezabudowany,,Droga krajowa,Dwie jezdnie jednokierunkowe,N,POWIAT RADOMSKI,JEDLIŃSK - OBSZAR WIEJSKI
1,0,1,2016,Pochmurno; Opady deszczu,Zderzenie pojazdów tylne,Pochmurno; Opady deszczu,Światło dzienne,Jezdnia,EWK-104935755T,12,2016-10-25,Lekko,20*54'130,51*11'317,4016W,Obszar niezabudowany,Odcinek prosty,Droga powiatowa,Jednojezdniowa dwukierunkowa,N,POWIAT SZYDŁOWIECKI,SZYDŁOWIEC - OBSZAR WIEJSKI