Liczba wypadków,Liczba zabitych,Liczba rannych,Rok,Warunki atmosferyczne,Rodzaj zdarzenia,Warunki atmosferyczne,Oświetlenie,Charakterystyka miejsca zdarzenia,IDKSIP zdarzenia,Godzina,Dzień,Ranny,GPS x,GPS y,Numer drogi,Obszar,Geometria drogi,Kategoria drogi 1,Rodzaj drogi,Czy w zdarzeniu był sprawca nietrzeźwy,Powiat,Gmina
1,0,0,2016,Pochmurno; Opady deszczu,Zderzenie pojazdów tylne,Pochmurno; Opady deszczu,Światło dzienne,Jezdnia,EWK-104935755T,12,2016-10-25,Nieokreślone (puste pole),20*54'130,51*11'317,4016W,Obszar niezabudowany,Odcinek prosty,Droga powiatowa,Jednojezdniowa dwukierunkowa,N,POWIAT SZYDŁOWIECKI,SZYDŁOWIEC - OBSZAR WIEJSKI
1,0,1,2016,Pochmurno; Opady deszczu,Zderzenie pojazdów tylne,Pochmurno; Opady deszczu,Światło dzienne,Jezdnia,EWK-105170526C,13,2016-12-11,Lekko,21*41'540,53*01'044,627,Obszar niezabudowany,,Droga wojewódzka,Jednojezdniowa dwukierunkowa,N,POWIAT OSTROŁĘCKI,TROSZYN - OBSZAR WIEJSKI
1,0,0,2016,Pochmurno; Opady deszczu,Zderzenie pojazdów tylne,Pochmurno; Opady deszczu,Światło dzienne,Jezdnia,EWK-105170526C,13,2016-12-11,Nieokreślone (puste pole),21*41'540,53*01'044,627,Obszar niezabudowany,,Droga wojewódzka,Jednojezdniowa dwukierunkowa,N,POWIAT OSTROŁĘCKI,TROSZYN - OBSZAR WIEJSKI
1,0,2,2016,Pochmurno; Opady deszczu,Zderzenie pojazdów tylne,Pochmurno; Opady deszczu,Światło dzienne,Jezdnia,EWK-105173469K,12,2016-12-14,Lekko,21*20'499,52*53'049,60,Obszar niezabudowany,Odcinek prosty,Droga krajowa,Jednojezdniowa dwukierunkowa,N,POWIAT MAKOWSKI,RÓŻAN - OBSZAR WIEJSKI
1,0,0,2016,Pochmurno; Opady deszczu,Zderzenie pojazdów tylne,Pochmurno; Opady deszczu,Światło dzienne,Jezdnia,EWK-105173469K,12,2016-12-14,Nieokreślone (puste pole),21*20'499,52*53'049,60,Obszar niezabudowany,Odcinek prosty,Droga krajowa,Jednojezdniowa dwukierunkowa,N,POWIAT MAKOWSKI,RÓŻAN - OBSZAR WIEJSKI
1,1,0,2016,Pochmurno; Opady deszczu,Zderzenie pojazdów tylne,Pochmurno; Opady deszczu,"Świt, zmrok",Jezdnia,EWK-104901433J,19,2016-10-09,Nieokreślone (puste pole),20*02'096,52*18'151,3812W,Obszar zabudowany,Odcinek prosty,Droga powiatowa,Jednojezdniowa dwukierunkowa,N,POWIAT SOCHACZEWSKI,IŁÓW - OBSZAR WIEJSKI
1,0,2,2016,Pochmurno; Opady deszczu,Zderzenie pojazdów tylne,Pochmurno; Opady deszczu,"Świt, zmrok",Jezdnia,EWK-105089752M,5,2016-11-17,Lekko,21*05'449,52*38'035,61,Obszar niezabudowany,Odcinek prosty,Droga krajowa,Jednojezdniowa dwukierunkowa,N,POWIAT PUŁTUSKI,POKRZYWNICA - OBSZAR WIEJSKI
1,0,0,2016,Pochmurno; Opady deszczu,Zderzenie pojazdów tylne,Pochmurno; Opady deszczu,"Świt, zmrok",Jezdnia,EWK-105089752M,5,2016-11-17,Nieokreślone (puste pole),21*05'449,52*38'035,61,Obszar niezabudowany,Odcinek prosty,Droga krajowa,Jednojezdniowa dwukierunkowa,N,POWIAT PUŁTUSKI,POKRZYWNICA - OBSZAR WIEJSKI
1,0,1,2016,"Pochmurno; Opady deszczu; Opady śniegu, gradu",Zderzenie pojazdów boczne,"Pochmurno; Opady deszczu; Opady śniegu, gradu","Zmrok, świt",Jezdnia,EWK-103950896J,6,2016-03-01,Lekko,20*18'583,52*14'329,3817W,Obszar niezabudowany,"Zakręt, łuk",Droga powiatowa,Jednojezdniowa dwukierunkowa,N,POWIAT SOCHACZEWSKI,SOCHACZEW - OBSZAR WIEJSKI
1,0,0,2016,"Pochmurno; Opady deszczu; Opady śniegu, gradu",Zderzenie pojazdów boczne,"Pochmurno; Opady deszczu; Opady śniegu, gradu","Zmrok, świt",Jezdnia,EWK-103950896J,6,2016-03-01,Nieokreślone (puste pole),20*18'583,52*14'329,3817W,Obszar niezabudowany,"Zakręt, łuk",Droga powiatowa,Jednojezdniowa dwukierunkowa,N,POWIAT SOCHACZEWSKI,SOCHACZEW - OBSZAR WIEJSKI
1,0,1,2016,"Pochmurno; Opady deszczu; Opady śniegu, gradu",Zderzenie pojazdów boczne,"Pochmurno; Opady deszczu; Opady śniegu, gradu",Światło dzienne,Jezdnia,EWK-105022252U,6,2016-11-09,Lekko,21*35'077,51*20'565,79,Obszar zabudowany,,Droga krajowa,Jednojezdniowa dwukierunkowa,N,POWIAT ZWOLEŃSKI,ZWOLEŃ - OBSZAR MIEJSKI
1,0,0,2016,"Pochmurno; Opady deszczu; Opady śniegu, gradu",Zderzenie pojazdów boczne,"Pochmurno; Opady deszczu; Opady śniegu, gradu",Światło dzienne,Jezdnia,EWK-105022252U,6,2016-11-09,Nieokreślone (puste pole),21*35'077,51*20'565,79,Obszar zabudowany,,Droga krajowa,Jednojezdniowa dwukierunkowa,N,POWIAT ZWOLEŃSKI,ZWOLEŃ - OBSZAR MIEJSKI
1,0,1,2016,"Pochmurno; Opady deszczu; Opady śniegu, gradu",Zderzenie pojazdów czołowe,"Pochmurno; Opady deszczu; Opady śniegu, gradu",Światło dzienne,Jezdnia,EWK-103951723Q,7,2016-03-01,Ciężko,21*52'385,52*13'257,697,Obszar niezabudowany,,Droga wojewódzka,Jednojezdniowa dwukierunkowa,N,POWIAT WĘGROWSKI,GRĘBKÓW - OBSZAR WIEJSKI
1,0,1,2016,"Pochmurno; Opady deszczu; Opady śniegu, gradu",Zderzenie pojazdów czołowe,"Pochmurno; Opady deszczu; Opady śniegu, gradu",Światło dzienne,Jezdnia,EWK-103951723Q,7,2016-03-01,Lekko,21*52'385,52*13'257,697,Obszar niezabudowany,,Droga wojewódzka,Jednojezdniowa dwukierunkowa,N,POWIAT WĘGROWSKI,GRĘBKÓW - OBSZAR WIEJSKI
1,0,0,2016,"Pochmurno; Opady deszczu; Opady śniegu, gradu",Zderzenie pojazdów czołowe,"Pochmurno; Opady deszczu; Opady śniegu, gradu",Światło dzienne,Jezdnia,EWK-103951723Q,7,2016-03-01,Nieokreślone (puste pole),21*52'385,52*13'257,697,Obszar niezabudowany,,Droga wojewódzka,Jednojezdniowa dwukierunkowa,N,POWIAT WĘGROWSKI,GRĘBKÓW - OBSZAR WIEJSKI
1,0,1,2016,"Pochmurno; Opady śniegu, gradu",Najechanie na drzewo,"Pochmurno; Opady śniegu, gradu",Światło dzienne,Jezdnia,EWK-103717559K,13,2016-01-06,Ciężko,19*54'471,53*02'061,541,Obszar zabudowany,Odcinek prosty,Droga wojewódzka,Jednojezdniowa dwukierunkowa,N,POWIAT ŻUROMIŃSKI,ŻUROMIN - OBSZAR WIEJSKI
1,0,1,2016,"Pochmurno; Opady śniegu, gradu",Najechanie na pieszego,"Pochmurno; Opady śniegu, gradu",Noc - droga nieoświetlona,Jezdnia,EWK-103747779M,18,2016-01-08,Lekko,20*35'428,52*02'523,W579,Obszar niezabudowany,Odcinek prosty,Droga wojewódzka,Jednojezdniowa dwukierunkowa,T,POWIAT ŻYRARDOWSKI,RADZIEJOWICE - OBSZAR WIEJSKI
1,0,0,2016,"Pochmurno; Opady śniegu, gradu",Najechanie na pieszego,"Pochmurno; Opady śniegu, gradu",Noc - droga nieoświetlona,Jezdnia,EWK-103747779M,18,2016-01-08,Nieokreślone (puste pole),20*35'428,52*02'523,W579,Obszar niezabudowany,Odcinek prosty,Droga wojewódzka,Jednojezdniowa dwukierunkowa,T,POWIAT ŻYRARDOWSKI,RADZIEJOWICE - OBSZAR WIEJSKI
1,0,1,2016,"Pochmurno; Opady śniegu, gradu","Najechanie na słup, znak","Pochmurno; Opady śniegu, gradu",Noc - droga oświetlona,"Wjazd, wyjazd z posesji, pola",EWK-104901731X,21,2016-10-07,Lekko,19*37'384,52*27'225,577,Obszar zabudowany,Odcinek prosty,Droga wojewódzka,Jednojezdniowa dwukierunkowa,T,POWIAT PŁOCKI,ŁĄCK - OBSZAR WIEJSKI
1,0,2,2016,"Pochmurno; Opady śniegu, gradu",Wywrócenie się pojazdu,"Pochmurno; Opady śniegu, gradu",Noc - droga nieoświetlona,Jezdnia,EWK-103951642L,17,2016-03-01,Lekko,21*46'010,53*03'350,G251101W,Obszar niezabudowany,"Zakręt, łuk",Droga gminna,Jednojezdniowa dwukierunkowa,N,POWIAT OSTROŁĘCKI,TROSZYN - OBSZAR WIEJSKI
1,0,0,2016,"Pochmurno; Opady śniegu, gradu",Wywrócenie się pojazdu,"Pochmurno; Opady śniegu, gradu",Noc - droga nieoświetlona,Jezdnia,EWK-103951642L,17,2016-03-01,Nieokreślone (puste pole),21*46'010,53*03'350,G251101W,Obszar niezabudowany,"Zakręt, łuk",Droga gminna,Jednojezdniowa dwukierunkowa,N,POWIAT OSTROŁĘCKI,TROSZYN - OBSZAR WIEJSKI
1,0,1,2016,"Pochmurno; Opady śniegu, gradu",Zdarzenie z pasażerem,"Pochmurno; Opady śniegu, gradu","Zmrok, świt",Jezdnia,EWK-103795338K,17,2016-01-20,Lekko,21*09'118,51*23'541,P5318W,Obszar zabudowany,Odcinek prosty,Droga powiatowa,Jednojezdniowa dwukierunkowa,N,POWIAT RADOM,RADOM - OBSZAR MIEJSKI
1,0,0,2016,"Pochmurno; Opady śniegu, gradu",Zdarzenie z pasażerem,"Pochmurno; Opady śniegu, gradu","Zmrok, świt",Jezdnia,EWK-103795338K,17,2016-01-20,Nieokreślone (puste pole),21*09'118,51*23'541,P5318W,Obszar zabudowany,Odcinek prosty,Droga powiatowa,Jednojezdniowa dwukierunkowa,N,POWIAT RADOM,RADOM - OBSZAR MIEJSKI
1,0,3,2016,"Pochmurno; Opady śniegu, gradu",Zderzenie pojazdów boczne,"Pochmurno; Opady śniegu, gradu",Światło dzienne,Jezdnia,EWK-104058908Q,11,2016-03-19,Ciężko,21*28'440,53*09'324,53,Obszar zabudowany,,Droga krajowa,Jednojezdniowa dwukierunkowa,N,POWIAT OSTROŁĘCKI,LELIS - OBSZAR WIEJSKI
1,0,2,2016,"Pochmurno; Opady śniegu, gradu",Zderzenie pojazdów boczne,"Pochmurno; Opady śniegu, gradu",Światło dzienne,Jezdnia,EWK-104058908Q,11,2016-03-19,Lekko,21*28'440,53*09'324,53,Obszar zabudowany,,Droga krajowa,Jednojezdniowa dwukierunkowa,N,POWIAT OSTROŁĘCKI,LELIS - OBSZAR WIEJSKI
1,0,1,2016,"Pochmurno; Opady śniegu, gradu",Zderzenie pojazdów boczne,"Pochmurno; Opady śniegu, gradu",Światło dzienne,Jezdnia,EWK-105289896A,11,2016-12-18,Lekko,19*41'496,52*32'306,P0244T,Obszar zabudowany,,Droga powiatowa,Jednokierunkowa,N,POWIAT PŁOCK,PŁOCK - OBSZAR MIEJSKI
1,0,0,2016,"Pochmurno; Opady śniegu, gradu",Zderzenie pojazdów boczne,"Pochmurno; Opady śniegu, gradu",Światło dzienne,Jezdnia,EWK-105289896A,11,2016-12-18,Nieokreślone (puste pole),19*41'496,52*32'306,P0244T,Obszar zabudowany,,Droga powiatowa,Jednokierunkowa,N,POWIAT PŁOCK,PŁOCK - OBSZAR MIEJSKI
1,0,2,2016,"Pochmurno; Opady śniegu, gradu",Zderzenie pojazdów czołowe,"Pochmurno; Opady śniegu, gradu",Noc - droga nieoświetlona,Jezdnia,EWK-103776011Y,16,2016-01-20,Ciężko,21*54'092,52*59'042,677,Obszar niezabudowany,"Zakręt, łuk",Droga wojewódzka,Jednokierunkowa,N,POWIAT OSTROŁĘCKI,CZERWIN - OBSZAR WIEJSKI
1,0,3,2016,"Pochmurno; Opady śniegu, gradu",Zderzenie pojazdów czołowe,"Pochmurno; Opady śniegu, gradu",Noc - droga nieoświetlona,Jezdnia,EWK-103776011Y,16,2016-01-20,Lekko,21*54'092,52*59'042,677,Obszar niezabudowany,"Zakręt, łuk",Droga wojewódzka,Jednokierunkowa,N,POWIAT OSTROŁĘCKI,CZERWIN - OBSZAR WIEJSKI
1,1,0,2016,"Pochmurno; Opady śniegu, gradu",Zderzenie pojazdów czołowe,"Pochmurno; Opady śniegu, gradu",Noc - droga nieoświetlona,Jezdnia,EWK-103776011Y,16,2016-01-20,Nieokreślone (puste pole),21*54'092,52*59'042,677,Obszar niezabudowany,"Zakręt, łuk",Droga wojewódzka,Jednokierunkowa,N,POWIAT OSTROŁĘCKI,CZERWIN - OBSZAR WIEJSKI
1,0,1,2016,"Pochmurno; Opady śniegu, gradu",Zderzenie pojazdów czołowe,"Pochmurno; Opady śniegu, gradu",Światło dzienne,Jezdnia,EWK-105140946J,13,2016-11-30,Ciężko,20*47'227,51*48'069,728,Obszar niezabudowany,Odcinek prosty,Droga wojewódzka,Jednojezdniowa dwukierunkowa,N,POWIAT GRÓJECKI,BELSK DUŻY - OBSZAR WIEJSKI
1,0,0,2016,"Pochmurno; Opady śniegu, gradu",Zderzenie pojazdów czołowe,"Pochmurno; Opady śniegu, gradu",Światło dzienne,Jezdnia,EWK-105140946J,13,2016-11-30,Nieokreślone (puste pole),20*47'227,51*48'069,728,Obszar niezabudowany,Odcinek prosty,Droga wojewódzka,Jednojezdniowa dwukierunkowa,N,POWIAT GRÓJECKI,BELSK DUŻY - OBSZAR WIEJSKI
1,0,1,2016,"Pochmurno; Opady śniegu, gradu",Zderzenie pojazdów czołowe,"Pochmurno; Opady śniegu, gradu",Światło dzienne,Pobocze,EWK-105140128N,10,2016-11-29,Lekko,21*12'393,51*31'502,P3516W,Obszar zabudowany,"Zakręt, łuk",Droga powiatowa,Jednojezdniowa dwukierunkowa,N,POWIAT RADOMSKI,JASTRZĘBIA - OBSZAR WIEJSKI
1,0,0,2016,"Pochmurno; Opady śniegu, gradu",Zderzenie pojazdów czołowe,"Pochmurno; Opady śniegu, gradu",Światło dzienne,Pobocze,EWK-105140128N,10,2016-11-29,Nieokreślone (puste pole),21*12'393,51*31'502,P3516W,Obszar zabudowany,"Zakręt, łuk",Droga powiatowa,Jednojezdniowa dwukierunkowa,N,POWIAT RADOMSKI,JASTRZĘBIA - OBSZAR WIEJSKI
1,0,2,2016,Silny wiatr,Najechanie na drzewo,Silny wiatr,Światło dzienne,Jezdnia,EWK-104516458C,13,2016-06-17,Lekko,20*52'578,51*30'216,P1115W,Obszar zabudowany,Odcinek prosty,Droga powiatowa,Jednojezdniowa dwukierunkowa,N,POWIAT RADOMSKI,PRZYTYK - OBSZAR WIEJSKI
1,0,2,2016,Silny wiatr,Wywrócenie się pojazdu,Silny wiatr,Noc - droga nieoświetlona,Jezdnia,EWK-103821629X,20,2016-01-28,Lekko,19*35'271,52*52'552,10,Obszar niezabudowany,Odcinek prosty,Droga krajowa,Jednojezdniowa dwukierunkowa,N,POWIAT SIERPECKI,SIERPC - OBSZAR WIEJSKI
1,0,0,2016,Silny wiatr,Wywrócenie się pojazdu,Silny wiatr,Noc - droga nieoświetlona,Jezdnia,EWK-103821629X,20,2016-01-28,Nieokreślone (puste pole),19*35'271,52*52'552,10,Obszar niezabudowany,Odcinek prosty,Droga krajowa,Jednojezdniowa dwukierunkowa,N,POWIAT SIERPECKI,SIERPC - OBSZAR WIEJSKI
1,0,1,2016,Silny wiatr,Wywrócenie się pojazdu,Silny wiatr,Noc - droga nieoświetlona,"Skarpa, rów",EWK-105155592A,0,2016-12-01,Ciężko,22*00'462,52*11'536,2,Obszar niezabudowany,Odcinek prosty,Droga krajowa,Jednojezdniowa dwukierunkowa,N,POWIAT SIEDLECKI,KOTUŃ - OBSZAR WIEJSKI
1,1,0,2016,Silny wiatr,Wywrócenie się pojazdu,Silny wiatr,Światło dzienne,Jezdnia,EWK-104516287X,15,2016-06-17,Nieokreślone (puste pole),21*09'488,51*18'389,P3539W,Obszar niezabudowany,"Zakręt, łuk",Droga powiatowa,Jednojezdniowa dwukierunkowa,N,POWIAT RADOMSKI,SKARYSZEW - OBSZAR WIEJSKI
1,0,1,2016,Silny wiatr,Wywrócenie się pojazdu,Silny wiatr,Światło dzienne,Jezdnia,EWK-104905710X,7,2016-10-04,Lekko,21*25'548,52*32'095,G440756W,Obszar niezabudowany,Odcinek prosty,Droga gminna,Jednojezdniowa dwukierunkowa,N,POWIAT WYSZKOWSKI,WYSZKÓW - OBSZAR WIEJSKI
1,1,0,2016,Silny wiatr,Wywrócenie się pojazdu,Silny wiatr,Światło dzienne,Pobocze,EWK-104216044P,10,2016-04-24,Nieokreślone (puste pole),22*55'048,52*12'513,02115W,Obszar niezabudowany,Odcinek prosty,Droga powiatowa,Jednojezdniowa dwukierunkowa,T,POWIAT ŁOSICKI,STARA KORNICA - OBSZAR WIEJSKI
1,0,1,2016,Silny wiatr,Zderzenie pojazdów boczne,Silny wiatr,Światło dzienne,Jezdnia,EWK-104516074T,17,2016-06-17,Lekko,20*57'260,51*47'380,P,Obszar niezabudowany,,Droga powiatowa,Jednojezdniowa dwukierunkowa,N,POWIAT GRÓJECKI,JASIENIEC - OBSZAR WIEJSKI
1,0,0,2016,Silny wiatr,Zderzenie pojazdów boczne,Silny wiatr,Światło dzienne,Jezdnia,EWK-104516074T,17,2016-06-17,Nieokreślone (puste pole),20*57'260,51*47'380,P,Obszar niezabudowany,,Droga powiatowa,Jednojezdniowa dwukierunkowa,N,POWIAT GRÓJECKI,JASIENIEC - OBSZAR WIEJSKI
1,0,1,2016,Silny wiatr,Zderzenie pojazdów czołowe,Silny wiatr,Noc - droga nieoświetlona,Jezdnia,EWK-105324859P,18,2016-12-26,Lekko,22*08'510,52*24'146,62,Obszar niezabudowany,,Droga krajowa,Jednojezdniowa dwukierunkowa,N,POWIAT SOKOŁOWSKI,SOKOŁÓW PODLASKI - OBSZAR WIEJSKI
1,0,0,2016,Silny wiatr,Zderzenie pojazdów czołowe,Silny wiatr,Noc - droga nieoświetlona,Jezdnia,EWK-105324859P,18,2016-12-26,Nieokreślone (puste pole),22*08'510,52*24'146,62,Obszar niezabudowany,,Droga krajowa,Jednojezdniowa dwukierunkowa,N,POWIAT SOKOŁOWSKI,SOKOŁÓW PODLASKI - OBSZAR WIEJSKI
1,0,3,2016,Silny wiatr,Zderzenie pojazdów czołowe,Silny wiatr,Światło dzienne,Jezdnia,EWK-103823541A,7,2016-01-30,Ciężko,22*27'349,52*23'374,62,Obszar niezabudowany,Odcinek prosty,Droga krajowa,Jednojezdniowa dwukierunkowa,N,POWIAT SOKOŁOWSKI,REPKI - OBSZAR WIEJSKI
1,1,0,2016,Silny wiatr,Zderzenie pojazdów czołowe,Silny wiatr,Światło dzienne,Jezdnia,EWK-103823541A,7,2016-01-30,Nieokreślone (puste pole),22*27'349,52*23'374,62,Obszar niezabudowany,Odcinek prosty,Droga krajowa,Jednojezdniowa dwukierunkowa,N,POWIAT SOKOŁOWSKI,REPKI - OBSZAR WIEJSKI
1,0,1,2016,Silny wiatr; Opady deszczu,Inne,Silny wiatr; Opady deszczu,Noc - droga nieoświetlona,"Skarpa, rów",EWK-104981180U,18,2016-10-30,Lekko,22*14'506,52*21'069,63,Obszar niezabudowany,Odcinek prosty,Droga krajowa,Jednojezdniowa dwukierunkowa,N,POWIAT SOKOŁOWSKI,BIELANY - OBSZAR WIEJSKI
1,0,0,2016,Silny wiatr; Opady deszczu,Inne,Silny wiatr; Opady deszczu,Noc - droga nieoświetlona,"Skarpa, rów",EWK-104981180U,18,2016-10-30,Nieokreślone (puste pole),22*14'506,52*21'069,63,Obszar niezabudowany,Odcinek prosty,Droga krajowa,Jednojezdniowa dwukierunkowa,N,POWIAT SOKOŁOWSKI,BIELANY - OBSZAR WIEJSKI
1,0,2,2016,Silny wiatr; Opady deszczu,Inne,Silny wiatr; Opady deszczu,Światło dzienne,Jezdnia,EWK-104511874N,12,2016-06-17,Lekko,20*00'583,52*27'403,P2960W,Obszar zabudowany,Odcinek prosty,Droga powiatowa,Jednojezdniowa dwukierunkowa,N,POWIAT PŁOCKI,BODZANÓW - OBSZAR WIEJSKI
1,0,1,2016,Silny wiatr; Opady deszczu,Najechanie na drzewo,Silny wiatr; Opady deszczu,Noc - droga nieoświetlona,Jezdnia,EWK-104603617G,23,2016-07-11,Lekko,20*57'429,51*14'479,727,Obszar niezabudowany,Odcinek prosty,Droga wojewódzka,Jednojezdniowa dwukierunkowa,N,POWIAT SZYDŁOWIECKI,JASTRZĄB - OBSZAR WIEJSKI
1,0,0,2016,Silny wiatr; Opady deszczu,Najechanie na drzewo,Silny wiatr; Opady deszczu,Noc - droga nieoświetlona,Jezdnia,EWK-104603617G,23,2016-07-11,Nieokreślone (puste pole),20*57'429,51*14'479,727,Obszar niezabudowany,Odcinek prosty,Droga wojewódzka,Jednojezdniowa dwukierunkowa,N,POWIAT SZYDŁOWIECKI,JASTRZĄB - OBSZAR WIEJSKI
1,1,0,2016,Silny wiatr; Opady deszczu,Najechanie na pieszego,Silny wiatr; Opady deszczu,Noc - droga nieoświetlona,"Most, wiadukt, łącznica, tunel",EWK-105157547Y,16,2016-12-08,Nieokreślone (puste pole),21*03'245,52*54'491,P2110W,Obszar niezabudowany,Odcinek prosty,Droga powiatowa,Jednojezdniowa dwukierunkowa,T,POWIAT MAKOWSKI,PŁONIAWY-BRAMURA - OBSZAR WIEJSKI
1,0,1,2016,Silny wiatr; Opady deszczu,Najechanie na pieszego,Silny wiatr; Opady deszczu,"Świt, zmrok",Jezdnia,EWK-105304673D,21,2016-12-26,Lekko,21*15'203,51*07'594,P3550W,Obszar zabudowany,Odcinek prosty,Droga powiatowa,Jednojezdniowa dwukierunkowa,N,POWIAT RADOMSKI,IŁŻA - OBSZAR WIEJSKI
1,0,0,2016,Silny wiatr; Opady deszczu,Najechanie na pieszego,Silny wiatr; Opady deszczu,"Świt, zmrok",Jezdnia,EWK-105304673D,21,2016-12-26,Nieokreślone (puste pole),21*15'203,51*07'594,P3550W,Obszar zabudowany,Odcinek prosty,Droga powiatowa,Jednojezdniowa dwukierunkowa,N,POWIAT RADOMSKI,IŁŻA - OBSZAR WIEJSKI
1,0,1,2016,"Silny wiatr; Opady śniegu, gradu",Najechanie na pieszego,"Silny wiatr; Opady śniegu, gradu","Świt, zmrok",Jezdnia,EWK-105150856D,6,2016-12-02,Ciężko,20*54'445,51*27'524,740,Obszar zabudowany,Odcinek prosty,Droga wojewódzka,Jednojezdniowa dwukierunkowa,N,POWIAT RADOMSKI,PRZYTYK - OBSZAR WIEJSKI
1,0,0,2016,"Silny wiatr; Opady śniegu, gradu",Najechanie na pieszego,"Silny wiatr; Opady śniegu, gradu","Świt, zmrok",Jezdnia,EWK-105150856D,6,2016-12-02,Nieokreślone (puste pole),20*54'445,51*27'524,740,Obszar zabudowany,Odcinek prosty,Droga wojewódzka,Jednojezdniowa dwukierunkowa,N,POWIAT RADOMSKI,PRZYTYK - OBSZAR WIEJSKI
1,0,1,2016,Silny wiatr; Pochmurno,Zdarzenie z pasażerem,Silny wiatr; Pochmurno,Światło dzienne,Jezdnia,EWK-103892049G,14,2016-02-17,Ciężko,21*56'102,52*18'534,697,Obszar niezabudowany,Odcinek prosty,Droga wojewódzka,Jednojezdniowa dwukierunkowa,N,POWIAT WĘGROWSKI,WIERZBNO - OBSZAR WIEJSKI
1,0,0,2016,Silny wiatr; Pochmurno,Zdarzenie z pasażerem,Silny wiatr; Pochmurno,Światło dzienne,Jezdnia,EWK-103892049G,14,2016-02-17,Nieokreślone (puste pole),21*56'102,52*18'534,697,Obszar niezabudowany,Odcinek prosty,Droga wojewódzka,Jednojezdniowa dwukierunkowa,N,POWIAT WĘGROWSKI,WIERZBNO - OBSZAR WIEJSKI
1,0,1,2016,Silny wiatr; Pochmurno,Zderzenie pojazdów boczne,Silny wiatr; Pochmurno,Światło dzienne,Jezdnia,EWK-104307367X,14,2016-05-16,Ciężko,19*47'068,52*33'571,567,Obszar niezabudowany,Odcinek prosty,Droga wojewódzka,Jednojezdniowa dwukierunkowa,N,POWIAT PŁOCKI,RADZANOWO - OBSZAR WIEJSKI
1,0,1,2016,Silny wiatr; Pochmurno,Zderzenie pojazdów boczne,Silny wiatr; Pochmurno,Światło dzienne,Jezdnia,EWK-104307367X,14,2016-05-16,Lekko,19*47'068,52*33'571,567,Obszar niezabudowany,Odcinek prosty,Droga wojewódzka,Jednojezdniowa dwukierunkowa,N,POWIAT PŁOCKI,RADZANOWO - OBSZAR WIEJSKI
1,0,0,2016,Silny wiatr; Pochmurno,Zderzenie pojazdów boczne,Silny wiatr; Pochmurno,Światło dzienne,Jezdnia,EWK-104307367X,14,2016-05-16,Nieokreślone (puste pole),19*47'068,52*33'571,567,Obszar niezabudowany,Odcinek prosty,Droga wojewódzka,Jednojezdniowa dwukierunkowa,N,POWIAT PŁOCKI,RADZANOWO - OBSZAR WIEJSKI
1,0,1,2016,Silny wiatr; Pochmurno,Zderzenie pojazdów boczne,Silny wiatr; Pochmurno,Światło dzienne,Jezdnia,EWK-104983305J,12,2016-10-31,Lekko,21*17'423,51*20'047,P3534W,Obszar zabudowany,,Droga powiatowa,Jednojezdniowa dwukierunkowa,N,POWIAT RADOMSKI,SKARYSZEW - OBSZAR WIEJSKI
1,0,0,2016,Silny wiatr; Pochmurno,Zderzenie pojazdów boczne,Silny wiatr; Pochmurno,Światło dzienne,Jezdnia,EWK-104983305J,12,2016-10-31,Nieokreślone (puste pole),21*17'423,51*20'047,P3534W,Obszar zabudowany,,Droga powiatowa,Jednojezdniowa dwukierunkowa,N,POWIAT RADOMSKI,SKARYSZEW - OBSZAR WIEJSKI
1,0,1,2016,Silny wiatr; Pochmurno,Zderzenie pojazdów boczne,Silny wiatr; Pochmurno,Światło dzienne,Jezdnia,EWK-105290637U,12,2016-12-19,Ciężko,21*27'545,51*20'571,P0244T,Obszar zabudowany,Odcinek prosty,Droga powiatowa,Jednojezdniowa dwukierunkowa,N,POWIAT LIPSKI,SIENNO - OBSZAR WIEJSKI
1,0,0,2016,Silny wiatr; Pochmurno,Zderzenie pojazdów boczne,Silny wiatr; Pochmurno,Światło dzienne,Jezdnia,EWK-105290637U,12,2016-12-19,Nieokreślone (puste pole),21*27'545,51*20'571,P0244T,Obszar zabudowany,Odcinek prosty,Droga powiatowa,Jednojezdniowa dwukierunkowa,N,POWIAT LIPSKI,SIENNO - OBSZAR WIEJSKI
1,0,1,2016,Silny wiatr; Pochmurno; Opady deszczu,Najechanie na drzewo,Silny wiatr; Pochmurno; Opady deszczu,"Zmrok, świt",Jezdnia,EWK-104225343E,4,2016-04-24,Lekko,20*56'406,52*38'154,P1821W,Obszar niezabudowany,Odcinek prosty,Droga powiatowa,Jednojezdniowa dwukierunkowa,T,POWIAT PUŁTUSKI,WINNICA - OBSZAR WIEJSKI
1,0,2,2016,Silny wiatr; Pochmurno; Opady deszczu,Zderzenie pojazdów tylne,Silny wiatr; Pochmurno; Opady deszczu,Światło dzienne,Jezdnia,EWK-104577785L,19,2016-07-06,Lekko,21*07'016,51*55'565,50,Obszar niezabudowany,Odcinek prosty,Droga krajowa,Jednojezdniowa dwukierunkowa,N,POWIAT GRÓJECKI,CHYNÓW - OBSZAR WIEJSKI
1,0,0,2016,Silny wiatr; Pochmurno; Opady deszczu,Zderzenie pojazdów tylne,Silny wiatr; Pochmurno; Opady deszczu,Światło dzienne,Jezdnia,EWK-104577785L,19,2016-07-06,Nieokreślone (puste pole),21*07'016,51*55'565,50,Obszar niezabudowany,Odcinek prosty,Droga krajowa,Jednojezdniowa dwukierunkowa,N,POWIAT GRÓJECKI,CHYNÓW - OBSZAR WIEJSKI
1,0,1,2016,,Najechanie na pieszego,,Światło dzienne,Jezdnia,EWK-104516644Y,17,2016-06-20,Lekko,21*07'564,51*21'543,GMINNA,Obszar zabudowany,Odcinek prosty,Droga gminna,Jednojezdniowa dwukierunkowa,N,POWIAT RADOM,RADOM - OBSZAR MIEJSKI
1,0,0,2016,,Najechanie na pieszego,,Światło dzienne,Jezdnia,EWK-104516644Y,17,2016-06-20,Nieokreślone (puste pole),21*07'564,51*21'543,GMINNA,Obszar zabudowany,Odcinek prosty,Droga gminna,Jednojezdniowa dwukierunkowa,N,POWIAT RADOM,RADOM - OBSZAR MIEJSKI